eventID,eventDate,station,decimalLatitude,decimalLongitude,geodeticDatum,coordinateUncertaintyInMeters,countryCode,maximumDepthInMeters
1RZ-1-25-2021-0,2021-01-25,1RZ,49.6785,-123.1851,WSGS84,300,CA,0
1RZ-3-24-2021-0,2021-03-24,1RZ,49.6785,-123.1851,WSGS84,300,CA,0
1RZ-4-19-2021-0,2021-04-19,1RZ,49.6785,-123.1851,WSGS84,300,CA,0
1RZ-8-9-2021-0,2021-08-09,1RZ,49.6784,-123.1856,WSGS84,300,CA,0
1RZ-9-27-2021-0,2021-09-27,1RZ,49.6785,-123.1851,WSGS84,300,CA,0
2F-1-25-2021-0,2021-01-25,2F,49.6642,-123.2468,WSGS84,300,CA,0
2F-3-24-2021-0,2021-03-24,2F,49.6642,-123.2468,WSGS84,300,CA,0
2F-4-19-2021-0,2021-04-19,2F,49.6642,-123.2467,WSGS84,300,CA,0
2F-8-9-2021-0,2021-08-09,2F,49.6642,-123.2467,WSGS84,300,CA,0
2F-9-27-2021-0,2021-09-27,2F,49.6642,-123.2468,WSGS84,300,CA,0
3R-1-25-2021-0,2021-01-25,3R,49.6226,-123.2118,WSGS84,300,CA,0
3R-3-24-2021-0,2021-03-24,3R,49.6224,-123.2117,WSGS84,300,CA,0
3R-4-19-2021-0,2021-04-19,3R,49.6224,-123.2117,WSGS84,300,CA,0
3R-8-9-2021-0,2021-08-09,3R,49.6224,-123.2117,WSGS84,300,CA,0
3R-9-27-2021-0,2021-09-27,3R,49.6224,-123.2117,WSGS84,300,CA,0
4BZ-1-25-2021-0,2021-01-25,4BZ,49.5553,-123.2511,WSGS84,300,CA,0
4BZ-1-25-2021-10,2021-01-25,4BZ,49.5553,-123.2511,WSGS84,300,CA,10
4BZ-1-25-2021-20,2021-01-25,4BZ,49.5553,-123.2511,WSGS84,300,CA,20
4BZ-1-25-2021-5,2021-01-25,4BZ,49.5553,-123.2511,WSGS84,300,CA,5
4BZ-3-24-2021-0,2021-03-24,4BZ,49.5553,-123.2511,WSGS84,300,CA,0
4BZ-3-24-2021-10,2021-03-24,4BZ,49.5553,-123.2511,WSGS84,300,CA,10
4BZ-3-24-2021-20,2021-03-24,4BZ,49.5553,-123.2511,WSGS84,300,CA,20
4BZ-3-24-2021-5,2021-03-24,4BZ,49.5553,-123.2511,WSGS84,300,CA,5
4BZ-4-19-2021-0,2021-04-19,4BZ,49.5571,-123.2507,WSGS84,300,CA,0
4BZ-4-19-2021-10,2021-04-19,4BZ,49.5571,-123.2507,WSGS84,300,CA,10
4BZ-4-19-2021-20,2021-04-19,4BZ,49.5571,-123.2507,WSGS84,300,CA,20
4BZ-4-19-2021-5,2021-04-19,4BZ,49.5571,-123.2507,WSGS84,300,CA,5
4BZ-8-9-2021-0,2021-08-09,4BZ,49.5571,-123.2507,WSGS84,300,CA,0
4BZ-8-9-2021-10,2021-08-09,4BZ,49.5571,-123.2507,WSGS84,300,CA,10
4BZ-8-9-2021-20,2021-08-09,4BZ,49.5571,-123.2507,WSGS84,300,CA,20
4BZ-8-9-2021-5,2021-08-09,4BZ,49.5571,-123.2507,WSGS84,300,CA,5
4BZ-9-27-2021-0,2021-09-27,4BZ,49.5553,-123.2511,WSGS84,300,CA,0
4BZ-9-27-2021-10,2021-09-27,4BZ,49.5553,-123.2511,WSGS84,300,CA,10
4BZ-9-27-2021-20,2021-09-27,4BZ,49.5553,-123.2511,WSGS84,300,CA,20
4BZ-9-27-2021-5,2021-09-27,4BZ,49.5553,-123.2511,WSGS84,300,CA,5
5RZ-1-25-2021-0,2021-01-25,5RZ,49.5142,-123.4765,WSGS84,300,CA,0
5RZ-3-24-2021-0,2021-03-24,5RZ,49.5142,-123.4765,WSGS84,300,CA,0
5RZ-4-19-2021-0,2021-04-19,5RZ,49.5142,-123.4765,WSGS84,300,CA,0
5RZ-8-9-2021-0,2021-08-09,5RZ,49.5164,-123.4849,WSGS84,300,CA,0
5RZ-9-27-2021-0,2021-09-27,5RZ,49.5164,-123.4849,WSGS84,300,CA,0
6R-1-25-2021-0,2021-01-25,6R,49.4831,-123.2876,WSGS84,300,CA,0
6R-3-24-2021-0,2021-03-24,6R,49.4831,-123.2876,WSGS84,300,CA,0
6R-4-19-2021-0,2021-04-19,6R,49.4861,-123.2878,WSGS84,300,CA,0
6R-8-9-2021-0,2021-08-09,6R,49.4831,-123.2876,WSGS84,300,CA,0
6R-9-27-2021-0,2021-09-27,6R,49.4861,-123.2878,WSGS84,300,CA,0
7F-1-25-2021-0,2021-01-25,7F,49.4424,-123.3988,WSGS84,300,CA,0
7F-3-24-2021-0,2021-03-24,7F,49.4415,-123.3997,WSGS84,300,CA,0
7F-4-19-2021-0,2021-04-19,7F,49.4415,-123.3997,WSGS84,300,CA,0
7F-8-9-2021-0,2021-08-09,7F,49.4415,-123.3997,WSGS84,300,CA,0
7F-9-27-2021-0,2021-09-27,7F,49.4415,-123.3997,WSGS84,300,CA,0
8BZ-3-24-2021-0,2021-03-24,8BZ,49.3351,-123.3459,WSGS84,300,CA,0
8BZ-3-24-2021-10,2021-03-24,8BZ,49.3351,-123.3459,WSGS84,300,CA,10
8BZ-3-24-2021-20,2021-03-24,8BZ,49.3351,-123.3459,WSGS84,300,CA,20
8BZ-3-24-2021-5,2021-03-24,8BZ,49.3351,-123.3459,WSGS84,300,CA,5
8BZ-4-19-2021-0,2021-04-19,8BZ,49.3351,-123.3459,WSGS84,300,CA,0
8BZ-4-19-2021-10,2021-04-19,8BZ,49.3351,-123.3459,WSGS84,300,CA,10
8BZ-4-19-2021-20,2021-04-19,8BZ,49.3351,-123.3459,WSGS84,300,CA,20
8BZ-4-19-2021-5,2021-04-19,8BZ,49.3351,-123.3459,WSGS84,300,CA,5
8BZ-8-9-2021-0,2021-08-09,8BZ,49.3351,-123.3459,WSGS84,300,CA,0
8BZ-8-9-2021-10,2021-08-09,8BZ,49.3351,-123.3459,WSGS84,300,CA,10
8BZ-8-9-2021-20,2021-08-09,8BZ,49.3351,-123.3459,WSGS84,300,CA,20
8BZ-8-9-2021-5,2021-08-09,8BZ,49.3351,-123.3459,WSGS84,300,CA,5
8BZ-9-27-2021-0,2021-09-27,8BZ,49.3377,-123.3502,WSGS84,300,CA,0
8BZ-9-27-2021-10,2021-09-27,8BZ,49.3377,-123.3502,WSGS84,300,CA,10
8BZ-9-27-2021-20,2021-09-27,8BZ,49.3377,-123.3502,WSGS84,300,CA,20
8BZ-9-27-2021-5,2021-09-27,8BZ,49.3377,-123.3502,WSGS84,300,CA,5
BS1-1-27-2019-0,2019-01-27,BS1,49.6083,-124.8667,WSGS84,300,CA,0
BS1-10-10-2015-0,2015-10-10,BS1,49.6083,-124.8667,WSGS84,300,CA,0
BS1-10-10-2018-0,2018-10-10,BS1,49.6083,-124.8667,WSGS84,300,CA,0
BS1-10-19-2017-0,2017-10-19,BS1,49.6083,-124.8667,WSGS84,300,CA,0
BS1-12-2-2018-0,2018-12-02,BS1,49.6083,-124.8667,WSGS84,300,CA,0
BS1-2-18-2015-0,2015-02-18,BS1,49.6083,-124.8667,WSGS84,300,CA,0
BS1-3-1-2016-0,2016-03-01,BS1,49.6082,-124.8659,WSGS84,300,CA,0
BS1-3-16-2023-0,2023-03-16,BS1,49.6083,-124.8667,WSGS84,300,CA,0
BS1-3-18-2016-0,2016-03-18,BS1,49.608,-124.8663,WSGS84,300,CA,0
BS1-3-19-2023-0,2023-03-19,BS1,49.6083,-124.8667,WSGS84,300,CA,0
BS1-3-2-2017-0,2017-03-02,BS1,49.6083,-124.8667,WSGS84,300,CA,0
BS1-3-20-2017-0,2017-03-20,BS1,49.6065,-124.8668,WSGS84,300,CA,0
BS1-3-21-2015-0,2015-03-21,BS1,49.6079,-124.8657,WSGS84,300,CA,0
BS1-3-27-2018-0,2018-03-27,BS1,49.6083,-124.8667,WSGS84,300,CA,0
BS1-3-29-2016-0,2016-03-29,BS1,49.6077,-124.8665,WSGS84,300,CA,0
BS1-3-8-2018-0,2018-03-08,BS1,49.6083,-124.8667,WSGS84,300,CA,0
BS1-3-9-2017-0,2017-03-09,BS1,49.6078,-124.8667,WSGS84,300,CA,0
BS1-4-11-2016-0,2016-04-11,BS1,49.6083,-124.8675,WSGS84,300,CA,0
BS1-4-15-2017-0,2017-04-15,BS1,49.6083,-124.8667,WSGS84,300,CA,0
BS1-4-18-2016-0,2016-04-18,BS1,49.6083,-124.8667,WSGS84,300,CA,0
BS1-4-19-2018-0,2018-04-19,BS1,49.6083,-124.8667,WSGS84,300,CA,0
BS1-4-20-2015-0,2015-04-20,BS1,49.6087,-124.867,WSGS84,300,CA,0
BS1-4-25-2017-0,2017-04-25,BS1,49.6083,-124.8667,WSGS84,300,CA,0
BS1-4-26-2018-0,2018-04-26,BS1,49.6083,-124.8667,WSGS84,300,CA,0
BS1-4-27-2023-0,2023-04-27,BS1,49.6083,-124.8667,WSGS84,300,CA,0
BS1-4-5-2015-0,2015-04-05,BS1,49.6083,-124.8667,WSGS84,300,CA,0
BS1-4-9-2015-0,2015-04-09,BS1,49.6082,-124.8681,WSGS84,300,CA,0
BS1-5-10-2018-0,2018-05-10,BS1,49.6083,-124.8667,WSGS84,300,CA,0
BS1-5-12-2017-0,2017-05-12,BS1,49.6083,-124.8667,WSGS84,300,CA,0
BS1-5-16-2016-0,2016-05-16,BS1,49.6079,-124.8666,WSGS84,300,CA,0
BS1-5-17-2015-0,2015-05-17,BS1,49.6077,-124.8661,WSGS84,300,CA,0
BS1-5-18-2018-0,2018-05-18,BS1,49.6083,-124.8667,WSGS84,300,CA,0
BS1-5-23-2016-0,2016-05-23,BS1,49.6083,-124.8667,WSGS84,300,CA,0
BS1-5-25-2015-0,2015-05-25,BS1,49.6082,-124.8685,WSGS84,300,CA,0
BS1-5-28-2023-0,2023-05-28,BS1,49.6083,-124.8667,WSGS84,300,CA,0
BS1-5-31-2018-0,2018-05-31,BS1,49.6083,-124.8667,WSGS84,300,CA,0
BS1-5-6-2017-0,2017-05-06,BS1,49.6083,-124.8667,WSGS84,300,CA,0
BS1-5-6-2023-0,2023-05-06,BS1,49.6083,-124.8667,WSGS84,300,CA,0
BS1-5-9-2016-0,2016-05-09,BS1,49.6082,-124.8674,WSGS84,300,CA,0
BS1-6-13-2017-0,2017-06-13,BS1,49.6083,-124.8667,WSGS84,300,CA,0
BS1-6-14-2018-0,2018-06-14,BS1,49.6083,-124.8667,WSGS84,300,CA,0
BS1-6-15-2016-0,2016-06-15,BS1,49.6087,-124.8668,WSGS84,300,CA,0
BS1-6-15-2023-0,2023-06-15,BS1,49.6083,-124.8667,WSGS84,300,CA,0
BS1-6-18-2015-0,2015-06-18,BS1,49.6082,-124.867,WSGS84,300,CA,0
BS1-6-20-2018-0,2018-06-20,BS1,49.6083,-124.8667,WSGS84,300,CA,0
BS1-6-22-2017-0,2017-06-22,BS1,49.6083,-124.8667,WSGS84,300,CA,0
BS1-6-25-2023-0,2023-06-25,BS1,49.6083,-124.8667,WSGS84,300,CA,0
BS1-6-28-2016-0,2016-06-28,BS1,49.6049,-124.8663,WSGS84,300,CA,0
BS1-6-6-2017-0,2017-06-06,BS1,49.6083,-124.8667,WSGS84,300,CA,0
BS1-6-8-2016-0,2016-06-08,BS1,49.6083,-124.8667,WSGS84,300,CA,0
BS1-7-15-2015-0,2015-07-15,BS1,49.6084,-124.8667,WSGS84,300,CA,0
BS1-7-16-2023-0,2023-07-16,BS1,49.6083,-124.8667,WSGS84,300,CA,0
BS1-7-17-2017-0,2017-07-17,BS1,49.6083,-124.8667,WSGS84,300,CA,0
BS1-7-20-2016-0,2016-07-20,BS1,49.6083,-124.8669,WSGS84,300,CA,0
BS1-7-25-2018-0,2018-07-25,BS1,49.6083,-124.8667,WSGS84,300,CA,0
BS1-7-26-2016-0,2016-07-26,BS1,49.6076,-124.8674,WSGS84,300,CA,0
BS1-7-5-2018-0,2018-07-05,BS1,49.6083,-124.8667,WSGS84,300,CA,0
BS1-7-7-2017-0,2017-07-07,BS1,49.6083,-124.8667,WSGS84,300,CA,0
BS1-8-1-2017-0,2017-08-01,BS1,49.6083,-124.8667,WSGS84,300,CA,0
BS1-8-1-2018-0,2018-08-01,BS1,49.6083,-124.8667,WSGS84,300,CA,0
BS1-8-14-2017-0,2017-08-14,BS1,49.6083,-124.8667,WSGS84,300,CA,0
BS1-8-15-2015-0,2015-08-15,BS1,49.6081,-124.8669,WSGS84,300,CA,0
BS1-8-16-2018-0,2018-08-16,BS1,49.6083,-124.8667,WSGS84,300,CA,0
BS1-8-19-2023-0,2023-08-19,BS1,49.6083,-124.8667,WSGS84,300,CA,0
BS1-8-2-2016-0,2016-08-02,BS1,49.6094,-124.8693,WSGS84,300,CA,0
BS1-8-21-2017-0,2017-08-21,BS1,49.6083,-124.8667,WSGS84,300,CA,0
BS1-8-22-2016-0,2016-08-22,BS1,49.6083,-124.867,WSGS84,300,CA,0
BS1-8-23-2018-0,2018-08-23,BS1,49.6083,-124.8667,WSGS84,300,CA,0
BS1-8-27-2023-0,2023-08-27,BS1,49.6083,-124.8667,WSGS84,300,CA,0
BS1-8-5-2015-0,2015-08-05,BS1,49.6083,-124.8667,WSGS84,300,CA,0
BS1-8-8-2017-0,2017-08-08,BS1,49.6083,-124.8667,WSGS84,300,CA,0
BS1-8-9-2016-5,2016-08-09,BS1,49.6085,-124.8677,WSGS84,300,CA,5
BS1-9-14-2015-0,2015-09-14,BS1,49.6079,-124.867,WSGS84,300,CA,0
BS1-9-21-2016-0,2016-09-21,BS1,49.6083,-124.8668,WSGS84,300,CA,0
BS1-9-25-2018-0,2018-09-25,BS1,49.6083,-124.8667,WSGS84,300,CA,0
BS1-9-26-2017-0,2017-09-26,BS1,49.6083,-124.8667,WSGS84,300,CA,0
BS1-9-6-2017-0,2017-09-06,BS1,49.6083,-124.8667,WSGS84,300,CA,0
BS1-9-6-2018-0,2018-09-06,BS1,49.6083,-124.8667,WSGS84,300,CA,0
BS1-9-8-2016-0,2016-09-08,BS1,49.6082,-124.8669,WSGS84,300,CA,0
BS10-2-18-2015-0,2015-02-18,BS10,49.3985,-124.559,WSGS84,300,CA,0
BS11-2-18-2015-0,2015-02-18,BS11,49.4833,-124.7667,WSGS84,300,CA,0
BS2-1-27-2019-0,2019-01-27,BS2,49.6833,-124.8017,WSGS84,300,CA,0
BS2-10-10-2015-0,2015-10-10,BS2,49.6833,-124.8017,WSGS84,300,CA,0
BS2-10-10-2018-0,2018-10-10,BS2,49.6833,-124.8017,WSGS84,300,CA,0
BS2-10-19-2017-0,2017-10-19,BS2,49.6833,-124.8017,WSGS84,300,CA,0
BS2-12-2-2018-0,2018-12-02,BS2,49.6833,-124.8017,WSGS84,300,CA,0
BS2-3-1-2016-0,2016-03-01,BS2,49.6828,-124.7999,WSGS84,300,CA,0
BS2-3-16-2023-0,2023-03-16,BS2,49.6833,-124.8017,WSGS84,300,CA,0
BS2-3-18-2016-0,2016-03-18,BS2,49.6832,-124.8,WSGS84,300,CA,0
BS2-3-19-2023-0,2023-03-19,BS2,49.6833,-124.8017,WSGS84,300,CA,0
BS2-3-20-2017-0,2017-03-20,BS2,49.6824,-124.803,WSGS84,300,CA,0
BS2-3-21-2015-0,2015-03-21,BS2,49.6805,-124.7953,WSGS84,300,CA,0
BS2-3-27-2018-0,2018-03-27,BS2,49.6833,-124.8017,WSGS84,300,CA,0
BS2-3-29-2016-0,2016-03-29,BS2,49.6828,-124.7987,WSGS84,300,CA,0
BS2-3-8-2018-0,2018-03-08,BS2,49.6833,-124.8017,WSGS84,300,CA,0
BS2-3-9-2017-0,2017-03-09,BS2,49.683,-124.8028,WSGS84,300,CA,0
BS2-4-11-2016-0,2016-04-11,BS2,49.6833,-124.8017,WSGS84,300,CA,0
BS2-4-15-2017-0,2017-04-15,BS2,49.6833,-124.8017,WSGS84,300,CA,0
BS2-4-19-2018-0,2018-04-19,BS2,49.6833,-124.8017,WSGS84,300,CA,0
BS2-4-20-2015-0,2015-04-20,BS2,49.6836,-124.8002,WSGS84,300,CA,0
BS2-4-26-2016-0,2016-04-26,BS2,49.6838,-124.8013,WSGS84,300,CA,0
BS2-4-26-2018-0,2018-04-26,BS2,49.6833,-124.8017,WSGS84,300,CA,0
BS2-4-27-2023-0,2023-04-27,BS2,49.6833,-124.8017,WSGS84,300,CA,0
BS2-4-9-2015-0,2015-04-09,BS2,49.6836,-124.7984,WSGS84,300,CA,0
BS2-5-10-2018-0,2018-05-10,BS2,49.6833,-124.8017,WSGS84,300,CA,0
BS2-5-12-2017-0,2017-05-12,BS2,49.6833,-124.8017,WSGS84,300,CA,0
BS2-5-16-2016-0,2016-05-16,BS2,49.6833,-124.8017,WSGS84,300,CA,0
BS2-5-17-2015-0,2015-05-17,BS2,49.683,-124.8009,WSGS84,300,CA,0
BS2-5-18-2018-0,2018-05-18,BS2,49.6833,-124.8017,WSGS84,300,CA,0
BS2-5-23-2016-0,2016-05-23,BS2,49.6833,-124.8017,WSGS84,300,CA,0
BS2-5-25-2015-0,2015-05-25,BS2,49.6835,-124.8007,WSGS84,300,CA,0
BS2-5-28-2023-0,2023-05-28,BS2,49.6833,-124.8017,WSGS84,300,CA,0
BS2-5-31-2018-0,2018-05-31,BS2,49.6833,-124.8017,WSGS84,300,CA,0
BS2-5-6-2017-0,2017-05-06,BS2,49.6833,-124.8017,WSGS84,300,CA,0
BS2-5-6-2023-0,2023-05-06,BS2,49.6833,-124.8017,WSGS84,300,CA,0
BS2-5-9-2016-0,2016-05-09,BS2,49.6833,-124.7999,WSGS84,300,CA,0
BS2-6-13-2017-0,2017-06-13,BS2,49.6833,-124.8017,WSGS84,300,CA,0
BS2-6-14-2018-0,2018-06-14,BS2,49.6833,-124.8017,WSGS84,300,CA,0
BS2-6-15-2016-0,2016-06-15,BS2,49.6832,-124.8004,WSGS84,300,CA,0
BS2-6-15-2023-0,2023-06-15,BS2,49.6833,-124.8017,WSGS84,300,CA,0
BS2-6-18-2015-0,2015-06-18,BS2,49.6833,-124.7989,WSGS84,300,CA,0
BS2-6-20-2018-0,2018-06-20,BS2,49.6833,-124.8017,WSGS84,300,CA,0
BS2-6-22-2017-0,2017-06-22,BS2,49.6833,-124.8017,WSGS84,300,CA,0
BS2-6-25-2023-0,2023-06-25,BS2,49.6833,-124.8017,WSGS84,300,CA,0
BS2-6-28-2016-0,2016-06-28,BS2,49.6812,-124.8049,WSGS84,300,CA,0
BS2-6-6-2017-0,2017-06-06,BS2,49.6833,-124.8017,WSGS84,300,CA,0
BS2-6-8-2016-0,2016-06-08,BS2,49.6833,-124.8017,WSGS84,300,CA,0
BS2-7-15-2015-0,2015-07-15,BS2,49.6833,-124.8011,WSGS84,300,CA,0
BS2-7-16-2023-0,2023-07-16,BS2,49.6833,-124.8017,WSGS84,300,CA,0
BS2-7-17-2017-0,2017-07-17,BS2,49.6833,-124.8017,WSGS84,300,CA,0
BS2-7-20-2016-0,2016-07-20,BS2,49.6827,-124.8028,WSGS84,300,CA,0
BS2-7-25-2018-0,2018-07-25,BS2,49.6833,-124.8017,WSGS84,300,CA,0
BS2-7-26-2016-0,2016-07-26,BS2,49.683,-124.802,WSGS84,300,CA,0
BS2-7-5-2018-0,2018-07-05,BS2,49.6833,-124.8017,WSGS84,300,CA,0
BS2-7-7-2017-0,2017-07-07,BS2,49.6833,-124.8017,WSGS84,300,CA,0
BS2-8-1-2017-0,2017-08-01,BS2,49.6833,-124.8017,WSGS84,300,CA,0
BS2-8-14-2017-0,2017-08-14,BS2,49.6833,-124.8017,WSGS84,300,CA,0
BS2-8-15-2015-0,2015-08-15,BS2,49.6824,-124.7989,WSGS84,300,CA,0
BS2-8-16-2018-0,2018-08-16,BS2,49.6833,-124.8017,WSGS84,300,CA,0
BS2-8-19-2023-0,2023-08-19,BS2,49.6833,-124.8017,WSGS84,300,CA,0
BS2-8-2-2016-0,2016-08-02,BS2,49.6833,-124.8017,WSGS84,300,CA,0
BS2-8-21-2017-0,2017-08-21,BS2,49.6833,-124.8017,WSGS84,300,CA,0
BS2-8-22-2016-0,2016-08-22,BS2,49.6828,-124.802,WSGS84,300,CA,0
BS2-8-23-2018-0,2018-08-23,BS2,49.6833,-124.8017,WSGS84,300,CA,0
BS2-8-27-2023-0,2023-08-27,BS2,49.6833,-124.8017,WSGS84,300,CA,0
BS2-8-5-2015-0,2015-08-05,BS2,49.6833,-124.8017,WSGS84,300,CA,0
BS2-8-8-2017-0,2017-08-08,BS2,49.6833,-124.8017,WSGS84,300,CA,0
BS2-8-9-2016-0,2016-08-09,BS2,49.6827,-124.8032,WSGS84,300,CA,0
BS2-8-9-2016-10,2016-08-09,BS2,49.6827,-124.8032,WSGS84,300,CA,10
BS2-9-14-2015-0,2015-09-14,BS2,49.6837,-124.798,WSGS84,300,CA,0
BS2-9-21-2016-0,2016-09-21,BS2,49.6833,-124.8017,WSGS84,300,CA,0
BS2-9-25-2018-0,2018-09-25,BS2,49.6833,-124.8017,WSGS84,300,CA,0
BS2-9-26-2017-0,2017-09-26,BS2,49.6833,-124.8017,WSGS84,300,CA,0
BS2-9-6-2017-0,2017-09-06,BS2,49.6833,-124.8017,WSGS84,300,CA,0
BS2-9-6-2018-0,2018-09-06,BS2,49.6833,-124.8017,WSGS84,300,CA,0
BS2-9-8-2016-0,2016-09-08,BS2,49.6832,-124.8023,WSGS84,300,CA,0
BS3-1-27-2019-0,2019-01-27,BS3,49.6917,-124.6667,WSGS84,300,CA,0
BS3-10-10-2015-0,2015-10-10,BS3,49.6917,-124.6667,WSGS84,300,CA,0
BS3-10-10-2018-0,2018-10-10,BS3,49.6917,-124.6667,WSGS84,300,CA,0
BS3-10-19-2017-0,2017-10-19,BS3,49.6917,-124.6667,WSGS84,300,CA,0
BS3-12-2-2018-0,2018-12-02,BS3,49.6917,-124.6667,WSGS84,300,CA,0
BS3-3-1-2020-0,2020-03-01,BS3,49.6917,-124.6667,WSGS84,300,CA,0
BS3-3-16-2023-0,2023-03-16,BS3,49.6917,-124.6667,WSGS84,300,CA,0
BS3-3-18-2016-0,2016-03-18,BS3,49.6917,-124.6684,WSGS84,300,CA,0
BS3-3-19-2023-0,2023-03-19,BS3,49.6917,-124.6667,WSGS84,300,CA,0
BS3-3-20-2017-0,2017-03-20,BS3,49.6916,-124.6675,WSGS84,300,CA,0
BS3-3-21-2015-0,2015-03-21,BS3,49.6922,-124.6673,WSGS84,300,CA,0
BS3-3-27-2018-0,2018-03-27,BS3,49.6917,-124.6667,WSGS84,300,CA,0
BS3-3-29-2016-0,2016-03-29,BS3,49.6914,-124.6653,WSGS84,300,CA,0
BS3-3-8-2018-0,2018-03-08,BS3,49.6917,-124.6667,WSGS84,300,CA,0
BS3-3-9-2017-0,2017-03-09,BS3,49.6916,-124.6674,WSGS84,300,CA,0
BS3-4-11-2016-0,2016-04-11,BS3,49.6917,-124.6667,WSGS84,300,CA,0
BS3-4-19-2018-0,2018-04-19,BS3,49.6917,-124.6667,WSGS84,300,CA,0
BS3-4-20-2015-0,2015-04-20,BS3,49.6913,-124.6663,WSGS84,300,CA,0
BS3-4-26-2016-0,2016-04-26,BS3,49.6926,-124.6682,WSGS84,300,CA,0
BS3-4-26-2018-0,2018-04-26,BS3,49.6917,-124.6667,WSGS84,300,CA,0
BS3-4-27-2023-0,2023-04-27,BS3,49.6917,-124.6667,WSGS84,300,CA,0
BS3-4-5-2015-0,2015-04-05,BS3,49.6917,-124.6667,WSGS84,300,CA,0
BS3-4-9-2015-0,2015-04-09,BS3,49.6918,-124.6666,WSGS84,300,CA,0
BS3-5-10-2018-0,2018-05-10,BS3,49.6917,-124.6667,WSGS84,300,CA,0
BS3-5-12-2017-0,2017-05-12,BS3,49.6917,-124.6667,WSGS84,300,CA,0
BS3-5-16-2016-0,2016-05-16,BS3,49.6917,-124.6667,WSGS84,300,CA,0
BS3-5-17-2015-0,2015-05-17,BS3,49.6918,-124.6669,WSGS84,300,CA,0
BS3-5-18-2018-0,2018-05-18,BS3,49.6917,-124.6667,WSGS84,300,CA,0
BS3-5-23-2016-0,2016-05-23,BS3,49.6917,-124.6667,WSGS84,300,CA,0
BS3-5-25-2015-0,2015-05-25,BS3,49.692,-124.6677,WSGS84,300,CA,0
BS3-5-28-2023-0,2023-05-28,BS3,49.6917,-124.6667,WSGS84,300,CA,0
BS3-5-31-2018-0,2018-05-31,BS3,49.6917,-124.6667,WSGS84,300,CA,0
BS3-5-6-2017-0,2017-05-06,BS3,49.6917,-124.6667,WSGS84,300,CA,0
BS3-5-6-2023-0,2023-05-06,BS3,49.6917,-124.6667,WSGS84,300,CA,0
BS3-6-13-2017-0,2017-06-13,BS3,49.6917,-124.6667,WSGS84,300,CA,0
BS3-6-14-2018-0,2018-06-14,BS3,49.6917,-124.6667,WSGS84,300,CA,0
BS3-6-15-2016-0,2016-06-15,BS3,49.6915,-124.666,WSGS84,300,CA,0
BS3-6-15-2023-0,2023-06-15,BS3,49.6917,-124.6667,WSGS84,300,CA,0
BS3-6-18-2015-0,2015-06-18,BS3,49.6917,-124.6664,WSGS84,300,CA,0
BS3-6-20-2018-0,2018-06-20,BS3,49.6917,-124.6667,WSGS84,300,CA,0
BS3-6-22-2017-0,2017-06-22,BS3,49.6917,-124.6667,WSGS84,300,CA,0
BS3-6-25-2023-0,2023-06-25,BS3,49.6917,-124.6667,WSGS84,300,CA,0
BS3-6-28-2016-0,2016-06-28,BS3,49.6917,-124.6667,WSGS84,300,CA,0
BS3-6-6-2017-0,2017-06-06,BS3,49.6917,-124.6667,WSGS84,300,CA,0
BS3-6-8-2016-0,2016-06-08,BS3,49.6917,-124.6667,WSGS84,300,CA,0
BS3-7-15-2015-0,2015-07-15,BS3,49.6914,-124.6668,WSGS84,300,CA,0
BS3-7-16-2023-0,2023-07-16,BS3,49.6917,-124.6667,WSGS84,300,CA,0
BS3-7-17-2017-0,2017-07-17,BS3,49.6917,-124.6667,WSGS84,300,CA,0
BS3-7-20-2016-0,2016-07-20,BS3,49.6919,-124.6688,WSGS84,300,CA,0
BS3-7-25-2018-0,2018-07-25,BS3,49.6917,-124.6667,WSGS84,300,CA,0
BS3-7-26-2016-0,2016-07-26,BS3,49.689,-124.6674,WSGS84,300,CA,0
BS3-7-5-2018-0,2018-07-05,BS3,49.6917,-124.6667,WSGS84,300,CA,0
BS3-7-7-2017-0,2017-07-07,BS3,49.6917,-124.6667,WSGS84,300,CA,0
BS3-8-1-2017-0,2017-08-01,BS3,49.6917,-124.6667,WSGS84,300,CA,0
BS3-8-14-2017-0,2017-08-14,BS3,49.6917,-124.6667,WSGS84,300,CA,0
BS3-8-15-2015-0,2015-08-15,BS3,49.6919,-124.6665,WSGS84,300,CA,0
BS3-8-16-2018-0,2018-08-16,BS3,49.6917,-124.6667,WSGS84,300,CA,0
BS3-8-2-2016-0,2016-08-02,BS3,49.6917,-124.6667,WSGS84,300,CA,0
BS3-8-21-2017-0,2017-08-21,BS3,49.6917,-124.6667,WSGS84,300,CA,0
BS3-8-22-2016-0,2016-08-22,BS3,49.6918,-124.6655,WSGS84,300,CA,0
BS3-8-23-2018-0,2018-08-23,BS3,49.6917,-124.6667,WSGS84,300,CA,0
BS3-8-27-2023-0,2023-08-27,BS3,49.6917,-124.6667,WSGS84,300,CA,0
BS3-8-5-2015-0,2015-08-05,BS3,49.6917,-124.6667,WSGS84,300,CA,0
BS3-8-8-2017-0,2017-08-08,BS3,49.6917,-124.6667,WSGS84,300,CA,0
BS3-8-9-2016-0,2016-08-09,BS3,49.691,-124.6683,WSGS84,300,CA,0
BS3-8-9-2016-20,2016-08-09,BS3,49.691,-124.6683,WSGS84,300,CA,20
BS3-9-14-2015-0,2015-09-14,BS3,49.6912,-124.6663,WSGS84,300,CA,0
BS3-9-21-2016-0,2016-09-21,BS3,49.6917,-124.6667,WSGS84,300,CA,0
BS3-9-25-2018-0,2018-09-25,BS3,49.6917,-124.6667,WSGS84,300,CA,0
BS3-9-26-2017-0,2017-09-26,BS3,49.6917,-124.6667,WSGS84,300,CA,0
BS3-9-6-2017-0,2017-09-06,BS3,49.6917,-124.6667,WSGS84,300,CA,0
BS3-9-6-2018-0,2018-09-06,BS3,49.6917,-124.6667,WSGS84,300,CA,0
BS3-9-8-2016-0,2016-09-08,BS3,49.6916,-124.6671,WSGS84,300,CA,0
BS4-1-13-2021-0,2021-01-13,BS4,49.625,-124.5917,WSGS84,300,CA,0
BS4-1-15-2022-0,2022-01-15,BS4,49.625,-124.5917,WSGS84,300,CA,0
BS4-1-27-2019-0,2019-01-27,BS4,49.625,-124.5933,WSGS84,300,CA,0
BS4-10-10-2015-0,2015-10-10,BS4,49.625,-124.5917,WSGS84,300,CA,0
BS4-10-10-2018-0,2018-10-10,BS4,49.625,-124.5933,WSGS84,300,CA,0
BS4-10-10-2019-0,2019-10-10,BS4,49.625,-124.5933,WSGS84,300,CA,0
BS4-10-10-2022-0,2022-10-10,BS4,49.625,-124.5917,WSGS84,300,CA,0
BS4-10-19-2017-0,2017-10-19,BS4,49.625,-124.5933,WSGS84,300,CA,0
BS4-11-15-2019-0,2019-11-15,BS4,49.625,-124.5933,WSGS84,300,CA,0
BS4-12-2-2018-0,2018-12-02,BS4,49.625,-124.5933,WSGS84,300,CA,0
BS4-12-8-2020-0,2020-12-08,BS4,49.6233,-124.5927,WSGS84,300,CA,0
BS4-3-1-2020-0,2020-03-01,BS4,49.6245,-124.5935,WSGS84,300,CA,0
BS4-3-13-2022-0,2022-03-13,BS4,49.625,-124.5917,WSGS84,300,CA,0
BS4-3-16-2023-0,2023-03-16,BS4,49.625,-124.5917,WSGS84,300,CA,0
BS4-3-18-2016-0,2016-03-18,BS4,49.6305,-124.5931,WSGS84,300,CA,0
BS4-3-18-2019-0,2019-03-18,BS4,49.625,-124.5933,WSGS84,300,CA,0
BS4-3-19-2022-0,2022-03-19,BS4,49.625,-124.5917,WSGS84,300,CA,0
BS4-3-19-2023-0,2023-03-19,BS4,49.625,-124.5917,WSGS84,300,CA,0
BS4-3-20-2017-0,2017-03-20,BS4,49.6301,-124.5914,WSGS84,300,CA,0
BS4-3-21-2015-0,2015-03-21,BS4,49.6308,-124.5926,WSGS84,300,CA,0
BS4-3-22-2021-0,2021-03-22,BS4,49.625,-124.5917,WSGS84,300,CA,0
BS4-3-24-2022-0,2022-03-24,BS4,49.625,-124.5917,WSGS84,300,CA,0
BS4-3-27-2018-0,2018-03-27,BS4,49.625,-124.5933,WSGS84,300,CA,0
BS4-3-29-2016-0,2016-03-29,BS4,49.6299,-124.5908,WSGS84,300,CA,0
BS4-3-30-2019-0,2019-03-30,BS4,49.625,-124.5933,WSGS84,300,CA,0
BS4-3-8-2018-0,2018-03-08,BS4,49.625,-124.5933,WSGS84,300,CA,0
BS4-3-8-2019-0,2019-03-08,BS4,49.625,-124.5933,WSGS84,300,CA,0
BS4-3-9-2017-0,2017-03-09,BS4,49.6308,-124.5924,WSGS84,300,CA,0
BS4-4-10-2022-0,2022-04-10,BS4,49.625,-124.5917,WSGS84,300,CA,0
BS4-4-11-2016-0,2016-04-11,BS4,49.63,-124.5917,WSGS84,300,CA,0
BS4-4-12-2021-0,2021-04-12,BS4,49.6233,-124.5926,WSGS84,300,CA,0
BS4-4-15-2017-0,2017-04-15,BS4,49.625,-124.5917,WSGS84,300,CA,0
BS4-4-16-2019-0,2019-04-16,BS4,49.625,-124.5933,WSGS84,300,CA,0
BS4-4-19-2018-0,2018-04-19,BS4,49.625,-124.5933,WSGS84,300,CA,0
BS4-4-19-2021-0,2021-04-19,BS4,49.6233,-124.5925,WSGS84,300,CA,0
BS4-4-20-2015-0,2015-04-20,BS4,49.6303,-124.5913,WSGS84,300,CA,0
BS4-4-22-2022-0,2022-04-22,BS4,49.625,-124.5917,WSGS84,300,CA,0
BS4-4-26-2016-0,2016-04-26,BS4,49.625,-124.5917,WSGS84,300,CA,0
BS4-4-26-2018-0,2018-04-26,BS4,49.625,-124.5933,WSGS84,300,CA,0
BS4-4-27-2023-0,2023-04-27,BS4,49.625,-124.5917,WSGS84,300,CA,0
BS4-4-5-2015-0,2015-04-05,BS4,49.63,-124.5917,WSGS84,300,CA,0
BS4-4-5-2021-0,2021-04-05,BS4,49.623,-124.593,WSGS84,300,CA,0
BS4-4-8-2019-0,2019-04-08,BS4,49.625,-124.5933,WSGS84,300,CA,0
BS4-4-9-2015-0,2015-04-09,BS4,49.6304,-124.5919,WSGS84,300,CA,0
BS4-5-10-2018-0,2018-05-10,BS4,49.625,-124.5933,WSGS84,300,CA,0
BS4-5-12-2017-0,2017-05-12,BS4,49.625,-124.5933,WSGS84,300,CA,0
BS4-5-12-2021-0,2021-05-12,BS4,49.6252,-124.5917,WSGS84,300,CA,0
BS4-5-16-2016-0,2016-05-16,BS4,49.63,-124.5917,WSGS84,300,CA,0
BS4-5-16-2021-0,2021-05-16,BS4,49.6221,-124.5941,WSGS84,300,CA,0
BS4-5-17-2015-0,2015-05-17,BS4,49.6302,-124.5915,WSGS84,300,CA,0
BS4-5-18-2018-0,2018-05-18,BS4,49.625,-124.5933,WSGS84,300,CA,0
BS4-5-23-2016-0,2016-05-23,BS4,49.6304,-124.5916,WSGS84,300,CA,0
BS4-5-25-2015-0,2015-05-25,BS4,49.6297,-124.592,WSGS84,300,CA,0
BS4-5-28-2023-0,2023-05-28,BS4,49.625,-124.5917,WSGS84,300,CA,0
BS4-5-31-2018-0,2018-05-31,BS4,49.625,-124.5933,WSGS84,300,CA,0
BS4-5-6-2017-0,2017-05-06,BS4,49.6333,-124.5933,WSGS84,300,CA,0
BS4-5-6-2023-0,2023-05-06,BS4,49.625,-124.5917,WSGS84,300,CA,0
BS4-5-9-2019-0,2019-05-09,BS4,49.625,-124.5933,WSGS84,300,CA,0
BS4-6-13-2017-0,2017-06-13,BS4,49.625,-124.5933,WSGS84,300,CA,0
BS4-6-14-2018-0,2018-06-14,BS4,49.625,-124.5933,WSGS84,300,CA,0
BS4-6-15-2016-0,2016-06-15,BS4,49.625,-124.5917,WSGS84,300,CA,0
BS4-6-15-2022-0,2022-06-15,BS4,49.625,-124.5917,WSGS84,300,CA,0
BS4-6-15-2023-0,2023-06-15,BS4,49.625,-124.5917,WSGS84,300,CA,0
BS4-6-18-2015-0,2015-06-18,BS4,49.6296,-124.5914,WSGS84,300,CA,0
BS4-6-19-2021-0,2021-06-19,BS4,49.6246,-124.5913,WSGS84,300,CA,0
BS4-6-19-2022-0,2022-06-19,BS4,49.625,-124.5917,WSGS84,300,CA,0
BS4-6-20-2018-0,2018-06-20,BS4,49.625,-124.5933,WSGS84,300,CA,0
BS4-6-21-2019-0,2019-06-21,BS4,49.625,-124.5933,WSGS84,300,CA,0
BS4-6-22-2017-0,2017-06-22,BS4,49.625,-124.5933,WSGS84,300,CA,0
BS4-6-25-2023-0,2023-06-25,BS4,49.625,-124.5917,WSGS84,300,CA,0
BS4-6-26-2020-0,2020-06-26,BS4,49.6248,-124.5933,WSGS84,300,CA,0
BS4-6-28-2016-0,2016-06-28,BS4,49.6302,-124.5922,WSGS84,300,CA,0
BS4-6-6-2017-0,2017-06-06,BS4,49.625,-124.5933,WSGS84,300,CA,0
BS4-6-8-2016-0,2016-06-08,BS4,49.6302,-124.5922,WSGS84,300,CA,0
BS4-7-13-2022-0,2022-07-13,BS4,49.625,-124.5917,WSGS84,300,CA,0
BS4-7-15-2015-0,2015-07-15,BS4,49.6303,-124.5913,WSGS84,300,CA,0
BS4-7-16-2023-0,2023-07-16,BS4,49.625,-124.5917,WSGS84,300,CA,0
BS4-7-17-2017-0,2017-07-17,BS4,49.625,-124.5917,WSGS84,300,CA,0
BS4-7-20-2016-0,2016-07-20,BS4,49.6317,-124.5951,WSGS84,300,CA,0
BS4-7-21-2022-0,2022-07-21,BS4,49.625,-124.5917,WSGS84,300,CA,0
BS4-7-23-2019-0,2019-07-23,BS4,49.625,-124.5933,WSGS84,300,CA,0
BS4-7-25-2018-0,2018-07-25,BS4,49.625,-124.5933,WSGS84,300,CA,0
BS4-7-26-2016-0,2016-07-26,BS4,49.6297,-124.5918,WSGS84,300,CA,0
BS4-7-5-2018-0,2018-07-05,BS4,49.625,-124.5933,WSGS84,300,CA,0
BS4-7-7-2017-0,2017-07-07,BS4,49.625,-124.5933,WSGS84,300,CA,0
BS4-7-7-2020-0,2020-07-07,BS4,49.6239,-124.5941,WSGS84,300,CA,0
BS4-7-9-2021-0,2021-07-09,BS4,49.6254,-124.5926,WSGS84,300,CA,0
BS4-8-1-2017-0,2017-08-01,BS4,49.625,-124.5933,WSGS84,300,CA,0
BS4-8-11-2022-0,2022-08-11,BS4,49.625,-124.5917,WSGS84,300,CA,0
BS4-8-14-2017-0,2017-08-14,BS4,49.625,-124.5933,WSGS84,300,CA,0
BS4-8-15-2015-0,2015-08-15,BS4,49.6307,-124.5908,WSGS84,300,CA,0
BS4-8-16-2018-0,2018-08-16,BS4,49.625,-124.5933,WSGS84,300,CA,0
BS4-8-16-2022-0,2022-08-16,BS4,49.625,-124.5917,WSGS84,300,CA,0
BS4-8-2-2016-0,2016-08-02,BS4,49.625,-124.5917,WSGS84,300,CA,0
BS4-8-2-2020-0,2020-08-02,BS4,49.6236,-124.5918,WSGS84,300,CA,0
BS4-8-21-2017-0,2017-08-21,BS4,49.625,-124.5933,WSGS84,300,CA,0
BS4-8-22-2016-0,2016-08-22,BS4,49.625,-124.5917,WSGS84,300,CA,0
BS4-8-22-2016-5,2016-08-22,BS4,49.6321,-124.5945,WSGS84,300,CA,5
BS4-8-23-2018-0,2018-08-23,BS4,49.625,-124.5933,WSGS84,300,CA,0
BS4-8-23-2019-0,2019-08-23,BS4,49.625,-124.5933,WSGS84,300,CA,0
BS4-8-27-2020-0,2020-08-27,BS4,49.6245,-124.5933,WSGS84,300,CA,0
BS4-8-27-2023-0,2023-08-27,BS4,49.625,-124.5917,WSGS84,300,CA,0
BS4-8-31-2021-0,2021-08-31,BS4,49.625,-124.5917,WSGS84,300,CA,0
BS4-8-5-2015-0,2015-08-05,BS4,49.63,-124.5917,WSGS84,300,CA,0
BS4-8-8-2017-0,2017-08-08,BS4,49.625,-124.5933,WSGS84,300,CA,0
BS4-8-9-2016-0,2016-08-09,BS4,49.63,-124.5927,WSGS84,300,CA,0
BS4-8-9-2021-0,2021-08-09,BS4,49.6248,-124.5914,WSGS84,300,CA,0
BS4-9-14-2015-0,2015-09-14,BS4,49.6301,-124.5912,WSGS84,300,CA,0
BS4-9-17-2020-0,2020-09-17,BS4,49.6255,-124.5937,WSGS84,300,CA,0
BS4-9-20-2019-0,2019-09-20,BS4,49.625,-124.5933,WSGS84,300,CA,0
BS4-9-21-2016-0,2016-09-21,BS4,49.625,-124.5917,WSGS84,300,CA,0
BS4-9-25-2018-0,2018-09-25,BS4,49.625,-124.5933,WSGS84,300,CA,0
BS4-9-25-2021-0,2021-09-25,BS4,49.6248,-124.5913,WSGS84,300,CA,0
BS4-9-26-2017-0,2017-09-26,BS4,49.625,-124.5933,WSGS84,300,CA,0
BS4-9-3-2019-0,2019-09-03,BS4,49.625,-124.5933,WSGS84,300,CA,0
BS4-9-6-2017-0,2017-09-06,BS4,49.625,-124.5933,WSGS84,300,CA,0
BS4-9-6-2018-0,2018-09-06,BS4,49.625,-124.5933,WSGS84,300,CA,0
BS4-9-8-2016-0,2016-09-08,BS4,49.6301,-124.5914,WSGS84,300,CA,0
BS5-1-13-2021-0,2021-01-13,BS5,49.555,-124.5633,WSGS84,300,CA,0
BS5-1-15-2022-0,2022-01-15,BS5,49.555,-124.5633,WSGS84,300,CA,0
BS5-1-27-2019-0,2019-01-27,BS5,49.555,-124.5633,WSGS84,300,CA,0
BS5-1-28-2020-0,2020-01-28,BS5,49.5554,-124.5633,WSGS84,300,CA,0
BS5-10-10-2015-0,2015-10-10,BS5,49.555,-124.5633,WSGS84,300,CA,0
BS5-10-10-2018-0,2018-10-10,BS5,49.555,-124.5633,WSGS84,300,CA,0
BS5-10-10-2019-0,2019-10-10,BS5,49.555,-124.5633,WSGS84,300,CA,0
BS5-10-10-2022-0,2022-10-10,BS5,49.555,-124.5633,WSGS84,300,CA,0
BS5-10-19-2017-0,2017-10-19,BS5,49.555,-124.5633,WSGS84,300,CA,0
BS5-11-15-2019-0,2019-11-15,BS5,49.555,-124.5633,WSGS84,300,CA,0
BS5-12-2-2018-0,2018-12-02,BS5,49.555,-124.5633,WSGS84,300,CA,0
BS5-12-8-2020-0,2020-12-08,BS5,49.5553,-124.5631,WSGS84,300,CA,0
BS5-3-1-2020-0,2020-03-01,BS5,49.5544,-124.5629,WSGS84,300,CA,0
BS5-3-13-2022-0,2022-03-13,BS5,49.555,-124.5633,WSGS84,300,CA,0
BS5-3-16-2023-0,2023-03-16,BS5,49.555,-124.5633,WSGS84,300,CA,0
BS5-3-18-2016-0,2016-03-18,BS5,49.5555,-124.5632,WSGS84,300,CA,0
BS5-3-18-2019-0,2019-03-18,BS5,49.555,-124.5633,WSGS84,300,CA,0
BS5-3-19-2022-0,2022-03-19,BS5,49.555,-124.5633,WSGS84,300,CA,0
BS5-3-19-2023-0,2023-03-19,BS5,49.555,-124.5633,WSGS84,300,CA,0
BS5-3-20-2017-0,2017-03-20,BS5,49.5554,-124.5627,WSGS84,300,CA,0
BS5-3-21-2015-0,2015-03-21,BS5,49.5541,-124.5629,WSGS84,300,CA,0
BS5-3-22-2021-0,2021-03-22,BS5,49.554,-124.5626,WSGS84,300,CA,0
BS5-3-24-2022-0,2022-03-24,BS5,49.555,-124.5633,WSGS84,300,CA,0
BS5-3-25-2020-0,2020-03-25,BS5,49.5554,-124.5636,WSGS84,300,CA,0
BS5-3-26-2021-0,2021-03-26,BS5,49.5553,-124.5637,WSGS84,300,CA,0
BS5-3-27-2018-0,2018-03-27,BS5,49.555,-124.5633,WSGS84,300,CA,0
BS5-3-29-2016-0,2016-03-29,BS5,49.5555,-124.5632,WSGS84,300,CA,0
BS5-3-30-2019-0,2019-03-30,BS5,49.555,-124.5633,WSGS84,300,CA,0
BS5-3-8-2018-0,2018-03-08,BS5,49.555,-124.5633,WSGS84,300,CA,0
BS5-3-8-2019-0,2019-03-08,BS5,49.555,-124.5633,WSGS84,300,CA,0
BS5-3-9-2017-0,2017-03-09,BS5,49.5547,-124.5628,WSGS84,300,CA,0
BS5-3-9-2020-0,2020-03-09,BS5,49.555,-124.5633,WSGS84,300,CA,0
BS5-4-10-2022-0,2022-04-10,BS5,49.555,-124.5633,WSGS84,300,CA,0
BS5-4-11-2016-0,2016-04-11,BS5,49.555,-124.5633,WSGS84,300,CA,0
BS5-4-12-2021-0,2021-04-12,BS5,49.5556,-124.5633,WSGS84,300,CA,0
BS5-4-15-2017-0,2017-04-15,BS5,49.555,-124.5633,WSGS84,300,CA,0
BS5-4-16-2019-0,2019-04-16,BS5,49.555,-124.5633,WSGS84,300,CA,0
BS5-4-19-2018-0,2018-04-19,BS5,49.555,-124.5633,WSGS84,300,CA,0
BS5-4-19-2021-0,2021-04-19,BS5,49.5557,-124.5634,WSGS84,300,CA,0
BS5-4-2-2020-0,2020-04-02,BS5,49.5547,-124.563,WSGS84,300,CA,0
BS5-4-20-2015-0,2015-04-20,BS5,49.5549,-124.5623,WSGS84,300,CA,0
BS5-4-22-2022-0,2022-04-22,BS5,49.555,-124.5633,WSGS84,300,CA,0
BS5-4-26-2016-0,2016-04-26,BS5,49.555,-124.5633,WSGS84,300,CA,0
BS5-4-26-2018-0,2018-04-26,BS5,49.555,-124.5633,WSGS84,300,CA,0
BS5-4-27-2023-0,2023-04-27,BS5,49.555,-124.5633,WSGS84,300,CA,0
BS5-4-30-2020-0,2020-04-30,BS5,49.5533,-124.5633,WSGS84,300,CA,0
BS5-4-5-2015-0,2015-04-05,BS5,49.555,-124.5633,WSGS84,300,CA,0
BS5-4-5-2021-0,2021-04-05,BS5,49.5549,-124.563,WSGS84,300,CA,0
BS5-4-8-2019-0,2019-04-08,BS5,49.555,-124.5633,WSGS84,300,CA,0
BS5-4-9-2015-0,2015-04-09,BS5,49.5549,-124.5628,WSGS84,300,CA,0
BS5-5-10-2018-0,2018-05-10,BS5,49.555,-124.5633,WSGS84,300,CA,0
BS5-5-12-2017-0,2017-05-12,BS5,49.555,-124.5633,WSGS84,300,CA,0
BS5-5-12-2021-0,2021-05-12,BS5,49.5557,-124.5632,WSGS84,300,CA,0
BS5-5-16-2021-0,2021-05-16,BS5,49.5541,-124.5626,WSGS84,300,CA,0
BS5-5-17-2015-0,2015-05-17,BS5,49.5554,-124.563,WSGS84,300,CA,0
BS5-5-17-2020-0,2020-05-17,BS5,49.5558,-124.5637,WSGS84,300,CA,0
BS5-5-18-2018-0,2018-05-18,BS5,49.555,-124.5633,WSGS84,300,CA,0
BS5-5-23-2016-0,2016-05-23,BS5,49.555,-124.5633,WSGS84,300,CA,0
BS5-5-25-2015-0,2015-05-25,BS5,49.5549,-124.5632,WSGS84,300,CA,0
BS5-5-28-2023-0,2023-05-28,BS5,49.555,-124.5633,WSGS84,300,CA,0
BS5-5-31-2018-0,2018-05-31,BS5,49.555,-124.5633,WSGS84,300,CA,0
BS5-5-6-2017-0,2017-05-06,BS5,49.555,-124.5633,WSGS84,300,CA,0
BS5-5-6-2023-0,2023-05-06,BS5,49.555,-124.5633,WSGS84,300,CA,0
BS5-5-7-2020-0,2020-05-07,BS5,49.5541,-124.5636,WSGS84,300,CA,0
BS5-5-9-2019-0,2019-05-09,BS5,49.555,-124.5633,WSGS84,300,CA,0
BS5-6-13-2017-0,2017-06-13,BS5,49.555,-124.5633,WSGS84,300,CA,0
BS5-6-14-2018-0,2018-06-14,BS5,49.555,-124.5633,WSGS84,300,CA,0
BS5-6-15-2016-0,2016-06-15,BS5,49.5561,-124.564,WSGS84,300,CA,0
BS5-6-15-2022-0,2022-06-15,BS5,49.555,-124.5633,WSGS84,300,CA,0
BS5-6-15-2023-0,2023-06-15,BS5,49.555,-124.5633,WSGS84,300,CA,0
BS5-6-18-2015-0,2015-06-18,BS5,49.5547,-124.5637,WSGS84,300,CA,0
BS5-6-19-2021-0,2021-06-19,BS5,49.5538,-124.5619,WSGS84,300,CA,0
BS5-6-19-2022-0,2022-06-19,BS5,49.555,-124.5633,WSGS84,300,CA,0
BS5-6-20-2018-0,2018-06-20,BS5,49.555,-124.5633,WSGS84,300,CA,0
BS5-6-21-2019-0,2019-06-21,BS5,49.555,-124.5633,WSGS84,300,CA,0
BS5-6-25-2023-0,2023-06-25,BS5,49.555,-124.5633,WSGS84,300,CA,0
BS5-6-26-2020-0,2020-06-26,BS5,49.5552,-124.5627,WSGS84,300,CA,0
BS5-6-28-2016-0,2016-06-28,BS5,49.556,-124.5636,WSGS84,300,CA,0
BS5-6-6-2017-0,2017-06-06,BS5,49.555,-124.5633,WSGS84,300,CA,0
BS5-6-8-2016-0,2016-06-08,BS5,49.5555,-124.5632,WSGS84,300,CA,0
BS5-7-13-2022-0,2022-07-13,BS5,49.555,-124.5633,WSGS84,300,CA,0
BS5-7-15-2015-0,2015-07-15,BS5,49.5547,-124.5625,WSGS84,300,CA,0
BS5-7-16-2023-0,2023-07-16,BS5,49.555,-124.5633,WSGS84,300,CA,0
BS5-7-17-2017-0,2017-07-17,BS5,49.555,-124.5633,WSGS84,300,CA,0
BS5-7-20-2016-0,2016-07-20,BS5,49.555,-124.5633,WSGS84,300,CA,0
BS5-7-21-2022-0,2022-07-21,BS5,49.555,-124.5633,WSGS84,300,CA,0
BS5-7-23-2019-0,2019-07-23,BS5,49.555,-124.5633,WSGS84,300,CA,0
BS5-7-25-2018-0,2018-07-25,BS5,49.555,-124.5633,WSGS84,300,CA,0
BS5-7-5-2018-0,2018-07-05,BS5,49.555,-124.5633,WSGS84,300,CA,0
BS5-7-7-2017-0,2017-07-07,BS5,49.555,-124.5633,WSGS84,300,CA,0
BS5-7-7-2020-0,2020-07-07,BS5,49.5569,-124.5503,WSGS84,300,CA,0
BS5-7-9-2021-0,2021-07-09,BS5,49.555,-124.5637,WSGS84,300,CA,0
BS5-8-1-2017-0,2017-08-01,BS5,49.555,-124.5633,WSGS84,300,CA,0
BS5-8-11-2022-0,2022-08-11,BS5,49.555,-124.5633,WSGS84,300,CA,0
BS5-8-14-2017-0,2017-08-14,BS5,49.555,-124.5633,WSGS84,300,CA,0
BS5-8-15-2015-0,2015-08-15,BS5,49.5553,-124.5618,WSGS84,300,CA,0
BS5-8-16-2018-0,2018-08-16,BS5,49.555,-124.5633,WSGS84,300,CA,0
BS5-8-16-2022-0,2022-08-16,BS5,49.555,-124.5633,WSGS84,300,CA,0
BS5-8-2-2016-0,2016-08-02,BS5,49.5551,-124.5641,WSGS84,300,CA,0
BS5-8-2-2020-0,2020-08-02,BS5,49.555,-124.5637,WSGS84,300,CA,0
BS5-8-21-2017-0,2017-08-21,BS5,49.555,-124.5633,WSGS84,300,CA,0
BS5-8-22-2016-0,2016-08-22,BS5,49.5554,-124.5631,WSGS84,300,CA,0
BS5-8-22-2016-10,2016-08-22,BS5,49.5554,-124.5631,WSGS84,300,CA,10
BS5-8-23-2018-0,2018-08-23,BS5,49.555,-124.5633,WSGS84,300,CA,0
BS5-8-23-2019-0,2019-08-23,BS5,49.555,-124.5633,WSGS84,300,CA,0
BS5-8-27-2020-0,2020-08-27,BS5,49.5545,-124.5623,WSGS84,300,CA,0
BS5-8-27-2023-0,2023-08-27,BS5,49.555,-124.5633,WSGS84,300,CA,0
BS5-8-31-2021-0,2021-08-31,BS5,49.555,-124.5633,WSGS84,300,CA,0
BS5-8-5-2015-0,2015-08-05,BS5,49.555,-124.5633,WSGS84,300,CA,0
BS5-8-8-2017-0,2017-08-08,BS5,49.555,-124.5633,WSGS84,300,CA,0
BS5-8-9-2016-0,2016-08-09,BS5,49.5553,-124.5634,WSGS84,300,CA,0
BS5-8-9-2021-0,2021-08-09,BS5,49.5544,-124.5627,WSGS84,300,CA,0
BS5-9-14-2015-0,2015-09-14,BS5,49.5548,-124.5625,WSGS84,300,CA,0
BS5-9-17-2020-0,2020-09-17,BS5,49.5554,-124.5633,WSGS84,300,CA,0
BS5-9-20-2019-0,2019-09-20,BS5,49.555,-124.5633,WSGS84,300,CA,0
BS5-9-21-2016-0,2016-09-21,BS5,49.555,-124.5633,WSGS84,300,CA,0
BS5-9-25-2018-0,2018-09-25,BS5,49.555,-124.5633,WSGS84,300,CA,0
BS5-9-25-2021-0,2021-09-25,BS5,49.5545,-124.5636,WSGS84,300,CA,0
BS5-9-26-2017-0,2017-09-26,BS5,49.555,-124.5633,WSGS84,300,CA,0
BS5-9-3-2019-0,2019-09-03,BS5,49.555,-124.5633,WSGS84,300,CA,0
BS5-9-6-2017-0,2017-09-06,BS5,49.555,-124.5633,WSGS84,300,CA,0
BS5-9-6-2018-0,2018-09-06,BS5,49.555,-124.5633,WSGS84,300,CA,0
BS5-9-8-2016-0,2016-09-08,BS5,49.5565,-124.5635,WSGS84,300,CA,0
BS6-1-13-2021-0,2021-01-13,BS6,49.485,-124.605,WSGS84,300,CA,0
BS6-1-13-2021-10,2021-01-13,BS6,49.485,-124.605,WSGS84,300,CA,10
BS6-1-13-2021-20,2021-01-13,BS6,49.485,-124.605,WSGS84,300,CA,20
BS6-1-13-2021-5,2021-01-13,BS6,49.485,-124.605,WSGS84,300,CA,5
BS6-1-15-2022-0,2022-01-15,BS6,49.485,-124.605,WSGS84,300,CA,0
BS6-1-15-2022-10,2022-01-15,BS6,49.485,-124.605,WSGS84,300,CA,10
BS6-1-15-2022-20,2022-01-15,BS6,49.485,-124.605,WSGS84,300,CA,20
BS6-1-15-2022-5,2022-01-15,BS6,49.485,-124.605,WSGS84,300,CA,5
BS6-1-27-2019-0,2019-01-27,BS6,49.485,-124.605,WSGS84,300,CA,0
BS6-1-27-2019-10,2019-01-27,BS6,49.485,-124.605,WSGS84,300,CA,10
BS6-1-27-2019-20,2019-01-27,BS6,49.485,-124.605,WSGS84,300,CA,20
BS6-1-27-2019-5,2019-01-27,BS6,49.485,-124.605,WSGS84,300,CA,5
BS6-1-28-2020-0,2020-01-28,BS6,49.485,-124.6046,WSGS84,300,CA,0
BS6-1-28-2020-10,2020-01-28,BS6,49.485,-124.6046,WSGS84,300,CA,10
BS6-1-28-2020-20,2020-01-28,BS6,49.485,-124.6046,WSGS84,300,CA,20
BS6-1-28-2020-5,2020-01-28,BS6,49.485,-124.6046,WSGS84,300,CA,5
BS6-10-10-2015-0,2015-10-10,BS6,49.485,-124.605,WSGS84,300,CA,0
BS6-10-10-2015-10,2015-10-10,BS6,49.485,-124.605,WSGS84,300,CA,10
BS6-10-10-2015-20,2015-10-10,BS6,49.485,-124.605,WSGS84,300,CA,20
BS6-10-10-2015-5,2015-10-10,BS6,49.485,-124.605,WSGS84,300,CA,5
BS6-10-10-2018-0,2018-10-10,BS6,49.485,-124.605,WSGS84,300,CA,0
BS6-10-10-2018-10,2018-10-10,BS6,49.485,-124.605,WSGS84,300,CA,10
BS6-10-10-2018-20,2018-10-10,BS6,49.485,-124.605,WSGS84,300,CA,20
BS6-10-10-2018-5,2018-10-10,BS6,49.485,-124.605,WSGS84,300,CA,5
BS6-10-10-2019-0,2019-10-10,BS6,49.485,-124.605,WSGS84,300,CA,0
BS6-10-10-2019-10,2019-10-10,BS6,49.485,-124.605,WSGS84,300,CA,10
BS6-10-10-2019-20,2019-10-10,BS6,49.485,-124.605,WSGS84,300,CA,20
BS6-10-10-2019-5,2019-10-10,BS6,49.485,-124.605,WSGS84,300,CA,5
BS6-10-10-2022-0,2022-10-10,BS6,49.485,-124.605,WSGS84,300,CA,0
BS6-10-10-2022-10,2022-10-10,BS6,49.485,-124.605,WSGS84,300,CA,10
BS6-10-10-2022-20,2022-10-10,BS6,49.485,-124.605,WSGS84,300,CA,20
BS6-10-10-2022-5,2022-10-10,BS6,49.485,-124.605,WSGS84,300,CA,5
BS6-10-19-2017-0,2017-10-19,BS6,49.485,-124.605,WSGS84,300,CA,0
BS6-10-19-2017-10,2017-10-19,BS6,49.485,-124.605,WSGS84,300,CA,10
BS6-10-19-2017-20,2017-10-19,BS6,49.485,-124.605,WSGS84,300,CA,20
BS6-10-19-2017-5,2017-10-19,BS6,49.485,-124.605,WSGS84,300,CA,5
BS6-11-15-2019-0,2019-11-15,BS6,49.485,-124.605,WSGS84,300,CA,0
BS6-11-15-2019-10,2019-11-15,BS6,49.485,-124.605,WSGS84,300,CA,10
BS6-11-15-2019-20,2019-11-15,BS6,49.485,-124.605,WSGS84,300,CA,20
BS6-11-15-2019-5,2019-11-15,BS6,49.485,-124.605,WSGS84,300,CA,5
BS6-12-2-2018-0,2018-12-02,BS6,49.485,-124.605,WSGS84,300,CA,0
BS6-12-2-2018-10,2018-12-02,BS6,49.485,-124.605,WSGS84,300,CA,10
BS6-12-2-2018-20,2018-12-02,BS6,49.485,-124.605,WSGS84,300,CA,20
BS6-12-2-2018-5,2018-12-02,BS6,49.485,-124.605,WSGS84,300,CA,5
BS6-12-8-2020-0,2020-12-08,BS6,49.4847,-124.6072,WSGS84,300,CA,0
BS6-12-8-2020-10,2020-12-08,BS6,49.4847,-124.6072,WSGS84,300,CA,10
BS6-12-8-2020-20,2020-12-08,BS6,49.4847,-124.6072,WSGS84,300,CA,20
BS6-12-8-2020-5,2020-12-08,BS6,49.4847,-124.6072,WSGS84,300,CA,5
BS6-2-19-2015-0,2015-02-19,BS6,49.485,-124.605,WSGS84,300,CA,0
BS6-3-1-2020-0,2020-03-01,BS6,49.4844,-124.6062,WSGS84,300,CA,0
BS6-3-1-2020-10,2020-03-01,BS6,49.4844,-124.6062,WSGS84,300,CA,10
BS6-3-1-2020-20,2020-03-01,BS6,49.4844,-124.6062,WSGS84,300,CA,20
BS6-3-1-2020-5,2020-03-01,BS6,49.4844,-124.6062,WSGS84,300,CA,5
BS6-3-13-2022-0,2022-03-13,BS6,49.485,-124.605,WSGS84,300,CA,0
BS6-3-13-2022-10,2022-03-13,BS6,49.485,-124.605,WSGS84,300,CA,10
BS6-3-13-2022-20,2022-03-13,BS6,49.485,-124.605,WSGS84,300,CA,20
BS6-3-13-2022-5,2022-03-13,BS6,49.485,-124.605,WSGS84,300,CA,5
BS6-3-16-2023-0,2023-03-16,BS6,49.485,-124.605,WSGS84,300,CA,0
BS6-3-16-2023-10,2023-03-16,BS6,49.485,-124.605,WSGS84,300,CA,10
BS6-3-16-2023-20,2023-03-16,BS6,49.485,-124.605,WSGS84,300,CA,20
BS6-3-16-2023-5,2023-03-16,BS6,49.485,-124.605,WSGS84,300,CA,5
BS6-3-18-2016-0,2016-03-18,BS6,49.4849,-124.6055,WSGS84,300,CA,0
BS6-3-18-2016-10,2016-03-18,BS6,49.4849,-124.6055,WSGS84,300,CA,10
BS6-3-18-2016-20,2016-03-18,BS6,49.4849,-124.6055,WSGS84,300,CA,20
BS6-3-18-2016-5,2016-03-18,BS6,49.4849,-124.6055,WSGS84,300,CA,5
BS6-3-18-2019-0,2019-03-18,BS6,49.485,-124.605,WSGS84,300,CA,0
BS6-3-18-2019-10,2019-03-18,BS6,49.485,-124.605,WSGS84,300,CA,10
BS6-3-18-2019-20,2019-03-18,BS6,49.485,-124.605,WSGS84,300,CA,20
BS6-3-18-2019-5,2019-03-18,BS6,49.485,-124.605,WSGS84,300,CA,5
BS6-3-19-2023-0,2023-03-19,BS6,49.485,-124.605,WSGS84,300,CA,0
BS6-3-19-2023-10,2023-03-19,BS6,49.485,-124.605,WSGS84,300,CA,10
BS6-3-19-2023-20,2023-03-19,BS6,49.485,-124.605,WSGS84,300,CA,20
BS6-3-19-2023-5,2023-03-19,BS6,49.485,-124.605,WSGS84,300,CA,5
BS6-3-20-2017-0,2017-03-20,BS6,49.4859,-124.6048,WSGS84,300,CA,0
BS6-3-20-2017-10,2017-03-20,BS6,49.4859,-124.6048,WSGS84,300,CA,10
BS6-3-20-2017-20,2017-03-20,BS6,49.4859,-124.6048,WSGS84,300,CA,20
BS6-3-20-2017-5,2017-03-20,BS6,49.4859,-124.6048,WSGS84,300,CA,5
BS6-3-20-2022-0,2022-03-20,BS6,49.485,-124.605,WSGS84,300,CA,0
BS6-3-20-2022-10,2022-03-20,BS6,49.485,-124.605,WSGS84,300,CA,10
BS6-3-20-2022-20,2022-03-20,BS6,49.485,-124.605,WSGS84,300,CA,20
BS6-3-20-2022-5,2022-03-20,BS6,49.485,-124.605,WSGS84,300,CA,5
BS6-3-21-2015-0,2015-03-21,BS6,49.4852,-124.6052,WSGS84,300,CA,0
BS6-3-22-2021-0,2021-03-22,BS6,49.4846,-124.6057,WSGS84,300,CA,0
BS6-3-22-2021-10,2021-03-22,BS6,49.4846,-124.6057,WSGS84,300,CA,10
BS6-3-22-2021-20,2021-03-22,BS6,49.4846,-124.6057,WSGS84,300,CA,20
BS6-3-22-2021-5,2021-03-22,BS6,49.4846,-124.6057,WSGS84,300,CA,5
BS6-3-24-2022-0,2022-03-24,BS6,49.485,-124.605,WSGS84,300,CA,0
BS6-3-24-2022-10,2022-03-24,BS6,49.485,-124.605,WSGS84,300,CA,10
BS6-3-24-2022-20,2022-03-24,BS6,49.485,-124.605,WSGS84,300,CA,20
BS6-3-24-2022-5,2022-03-24,BS6,49.485,-124.605,WSGS84,300,CA,5
BS6-3-25-2020-0,2020-03-25,BS6,49.4847,-124.606,WSGS84,300,CA,0
BS6-3-25-2020-10,2020-03-25,BS6,49.4847,-124.606,WSGS84,300,CA,10
BS6-3-25-2020-20,2020-03-25,BS6,49.4847,-124.606,WSGS84,300,CA,20
BS6-3-25-2020-5,2020-03-25,BS6,49.4847,-124.606,WSGS84,300,CA,5
BS6-3-26-2021-0,2021-03-26,BS6,49.4849,-124.6054,WSGS84,300,CA,0
BS6-3-26-2021-10,2021-03-26,BS6,49.4849,-124.6054,WSGS84,300,CA,10
BS6-3-26-2021-20,2021-03-26,BS6,49.4849,-124.6054,WSGS84,300,CA,20
BS6-3-26-2021-5,2021-03-26,BS6,49.4849,-124.6054,WSGS84,300,CA,5
BS6-3-27-2018-0,2018-03-27,BS6,49.485,-124.605,WSGS84,300,CA,0
BS6-3-27-2018-10,2018-03-27,BS6,49.485,-124.605,WSGS84,300,CA,10
BS6-3-27-2018-20,2018-03-27,BS6,49.485,-124.605,WSGS84,300,CA,20
BS6-3-27-2018-5,2018-03-27,BS6,49.485,-124.605,WSGS84,300,CA,5
BS6-3-29-2016-10,2016-03-29,BS6,49.4852,-124.6056,WSGS84,300,CA,10
BS6-3-29-2016-20,2016-03-29,BS6,49.4852,-124.6056,WSGS84,300,CA,20
BS6-3-29-2016-5,2016-03-29,BS6,49.4852,-124.6056,WSGS84,300,CA,5
BS6-3-30-2019-0,2019-03-30,BS6,49.485,-124.605,WSGS84,300,CA,0
BS6-3-30-2019-10,2019-03-30,BS6,49.485,-124.605,WSGS84,300,CA,10
BS6-3-30-2019-20,2019-03-30,BS6,49.485,-124.605,WSGS84,300,CA,20
BS6-3-30-2019-5,2019-03-30,BS6,49.485,-124.605,WSGS84,300,CA,5
BS6-3-8-2018-0,2018-03-08,BS6,49.485,-124.605,WSGS84,300,CA,0
BS6-3-8-2018-10,2018-03-08,BS6,49.485,-124.605,WSGS84,300,CA,10
BS6-3-8-2018-20,2018-03-08,BS6,49.485,-124.605,WSGS84,300,CA,20
BS6-3-8-2018-5,2018-03-08,BS6,49.485,-124.605,WSGS84,300,CA,5
BS6-3-8-2019-0,2019-03-08,BS6,49.485,-124.605,WSGS84,300,CA,0
BS6-3-8-2019-10,2019-03-08,BS6,49.485,-124.605,WSGS84,300,CA,10
BS6-3-8-2019-20,2019-03-08,BS6,49.485,-124.605,WSGS84,300,CA,20
BS6-3-8-2019-5,2019-03-08,BS6,49.485,-124.605,WSGS84,300,CA,5
BS6-3-9-2017-0,2017-03-09,BS6,49.485,-124.605,WSGS84,300,CA,0
BS6-3-9-2017-10,2017-03-09,BS6,49.485,-124.605,WSGS84,300,CA,10
BS6-3-9-2017-20,2017-03-09,BS6,49.485,-124.605,WSGS84,300,CA,20
BS6-3-9-2017-5,2017-03-09,BS6,49.485,-124.605,WSGS84,300,CA,5
BS6-3-9-2020-0,2020-03-09,BS6,49.485,-124.605,WSGS84,300,CA,0
BS6-3-9-2020-10,2020-03-09,BS6,49.485,-124.605,WSGS84,300,CA,10
BS6-3-9-2020-20,2020-03-09,BS6,49.485,-124.605,WSGS84,300,CA,20
BS6-3-9-2020-5,2020-03-09,BS6,49.485,-124.605,WSGS84,300,CA,5
BS6-4-10-2022-0,2022-04-10,BS6,49.485,-124.605,WSGS84,300,CA,0
BS6-4-10-2022-10,2022-04-10,BS6,49.485,-124.605,WSGS84,300,CA,10
BS6-4-10-2022-20,2022-04-10,BS6,49.485,-124.605,WSGS84,300,CA,20
BS6-4-10-2022-5,2022-04-10,BS6,49.485,-124.605,WSGS84,300,CA,5
BS6-4-11-2016-0,2016-04-11,BS6,49.485,-124.605,WSGS84,300,CA,0
BS6-4-11-2016-10,2016-04-11,BS6,49.485,-124.605,WSGS84,300,CA,10
BS6-4-11-2016-20,2016-04-11,BS6,49.485,-124.605,WSGS84,300,CA,20
BS6-4-11-2016-5,2016-04-11,BS6,49.485,-124.605,WSGS84,300,CA,5
BS6-4-12-2021-0,2021-04-12,BS6,49.4852,-124.6048,WSGS84,300,CA,0
BS6-4-12-2021-10,2021-04-12,BS6,49.4852,-124.6048,WSGS84,300,CA,10
BS6-4-12-2021-20,2021-04-12,BS6,49.4852,-124.6048,WSGS84,300,CA,20
BS6-4-12-2021-5,2021-04-12,BS6,49.4852,-124.6048,WSGS84,300,CA,5
BS6-4-15-2017-0,2017-04-15,BS6,49.485,-124.605,WSGS84,300,CA,0
BS6-4-15-2017-10,2017-04-15,BS6,49.485,-124.605,WSGS84,300,CA,10
BS6-4-15-2017-20,2017-04-15,BS6,49.485,-124.605,WSGS84,300,CA,20
BS6-4-15-2017-5,2017-04-15,BS6,49.485,-124.605,WSGS84,300,CA,5
BS6-4-16-2019-0,2019-04-16,BS6,49.485,-124.605,WSGS84,300,CA,0
BS6-4-16-2019-10,2019-04-16,BS6,49.485,-124.605,WSGS84,300,CA,10
BS6-4-16-2019-20,2019-04-16,BS6,49.485,-124.605,WSGS84,300,CA,20
BS6-4-16-2019-5,2019-04-16,BS6,49.485,-124.605,WSGS84,300,CA,5
BS6-4-19-2018-0,2018-04-19,BS6,49.485,-124.605,WSGS84,300,CA,0
BS6-4-19-2018-10,2018-04-19,BS6,49.485,-124.605,WSGS84,300,CA,10
BS6-4-19-2018-20,2018-04-19,BS6,49.485,-124.605,WSGS84,300,CA,20
BS6-4-19-2018-5,2018-04-19,BS6,49.485,-124.605,WSGS84,300,CA,5
BS6-4-19-2021-0,2021-04-19,BS6,49.4862,-124.6057,WSGS84,300,CA,0
BS6-4-19-2021-10,2021-04-19,BS6,49.4862,-124.6057,WSGS84,300,CA,10
BS6-4-19-2021-20,2021-04-19,BS6,49.4862,-124.6057,WSGS84,300,CA,20
BS6-4-19-2021-5,2021-04-19,BS6,49.4862,-124.6057,WSGS84,300,CA,5
BS6-4-2-2020-0,2020-04-02,BS6,49.4848,-124.6055,WSGS84,300,CA,0
BS6-4-2-2020-10,2020-04-02,BS6,49.4848,-124.6055,WSGS84,300,CA,10
BS6-4-2-2020-20,2020-04-02,BS6,49.4848,-124.6055,WSGS84,300,CA,20
BS6-4-2-2020-5,2020-04-02,BS6,49.4848,-124.6055,WSGS84,300,CA,5
BS6-4-20-2015-0,2015-04-20,BS6,49.4839,-124.6044,WSGS84,300,CA,0
BS6-4-20-2015-10,2015-04-20,BS6,49.4839,-124.6044,WSGS84,300,CA,10
BS6-4-20-2015-20,2015-04-20,BS6,49.4839,-124.6044,WSGS84,300,CA,20
BS6-4-20-2015-5,2015-04-20,BS6,49.4839,-124.6044,WSGS84,300,CA,5
BS6-4-21-2020-0,2020-04-21,BS6,49.4832,-124.6099,WSGS84,300,CA,0
BS6-4-21-2020-10,2020-04-21,BS6,49.4832,-124.6099,WSGS84,300,CA,10
BS6-4-21-2020-20,2020-04-21,BS6,49.4832,-124.6099,WSGS84,300,CA,20
BS6-4-21-2020-5,2020-04-21,BS6,49.4832,-124.6099,WSGS84,300,CA,5
BS6-4-22-2022-0,2022-04-22,BS6,49.485,-124.605,WSGS84,300,CA,0
BS6-4-22-2022-10,2022-04-22,BS6,49.485,-124.605,WSGS84,300,CA,10
BS6-4-22-2022-20,2022-04-22,BS6,49.485,-124.605,WSGS84,300,CA,20
BS6-4-22-2022-5,2022-04-22,BS6,49.485,-124.605,WSGS84,300,CA,5
BS6-4-26-2016-0,2016-04-26,BS6,49.485,-124.605,WSGS84,300,CA,0
BS6-4-26-2016-10,2016-04-26,BS6,49.485,-124.605,WSGS84,300,CA,10
BS6-4-26-2016-20,2016-04-26,BS6,49.485,-124.605,WSGS84,300,CA,20
BS6-4-26-2016-5,2016-04-26,BS6,49.485,-124.605,WSGS84,300,CA,5
BS6-4-26-2018-0,2018-04-26,BS6,49.485,-124.605,WSGS84,300,CA,0
BS6-4-26-2018-10,2018-04-26,BS6,49.485,-124.605,WSGS84,300,CA,10
BS6-4-26-2018-20,2018-04-26,BS6,49.485,-124.605,WSGS84,300,CA,20
BS6-4-26-2018-5,2018-04-26,BS6,49.485,-124.605,WSGS84,300,CA,5
BS6-4-27-2023-0,2023-04-27,BS6,49.485,-124.605,WSGS84,300,CA,0
BS6-4-27-2023-10,2023-04-27,BS6,49.485,-124.605,WSGS84,300,CA,10
BS6-4-27-2023-20,2023-04-27,BS6,49.485,-124.605,WSGS84,300,CA,20
BS6-4-27-2023-5,2023-04-27,BS6,49.485,-124.605,WSGS84,300,CA,5
BS6-4-30-2020-0,2020-04-30,BS6,49.4833,-124.5067,WSGS84,300,CA,0
BS6-4-30-2020-10,2020-04-30,BS6,49.4833,-124.5067,WSGS84,300,CA,10
BS6-4-30-2020-20,2020-04-30,BS6,49.4833,-124.5067,WSGS84,300,CA,20
BS6-4-30-2020-5,2020-04-30,BS6,49.4833,-124.5067,WSGS84,300,CA,5
BS6-4-5-2015-0,2015-04-05,BS6,49.485,-124.605,WSGS84,300,CA,0
BS6-4-5-2015-10,2015-04-05,BS6,49.485,-124.605,WSGS84,300,CA,10
BS6-4-5-2015-20,2015-04-05,BS6,49.485,-124.605,WSGS84,300,CA,20
BS6-4-5-2015-5,2015-04-05,BS6,49.485,-124.605,WSGS84,300,CA,5
BS6-4-5-2021-0,2021-04-05,BS6,49.4848,-124.6047,WSGS84,300,CA,0
BS6-4-5-2021-10,2021-04-05,BS6,49.4848,-124.6047,WSGS84,300,CA,10
BS6-4-5-2021-20,2021-04-05,BS6,49.4848,-124.6047,WSGS84,300,CA,20
BS6-4-5-2021-5,2021-04-05,BS6,49.4848,-124.6047,WSGS84,300,CA,5
BS6-4-8-2019-0,2019-04-08,BS6,49.485,-124.605,WSGS84,300,CA,0
BS6-4-8-2019-10,2019-04-08,BS6,49.485,-124.605,WSGS84,300,CA,10
BS6-4-8-2019-20,2019-04-08,BS6,49.485,-124.605,WSGS84,300,CA,20
BS6-4-8-2019-5,2019-04-08,BS6,49.485,-124.605,WSGS84,300,CA,5
BS6-4-9-2015-0,2015-04-09,BS6,49.4853,-124.6068,WSGS84,300,CA,0
BS6-4-9-2015-10,2015-04-09,BS6,49.485,-124.605,WSGS84,300,CA,10
BS6-4-9-2015-20,2015-04-09,BS6,49.485,-124.605,WSGS84,300,CA,20
BS6-4-9-2015-5,2015-04-09,BS6,49.485,-124.605,WSGS84,300,CA,5
BS6-5-10-2018-0,2018-05-10,BS6,49.485,-124.605,WSGS84,300,CA,0
BS6-5-10-2018-10,2018-05-10,BS6,49.485,-124.605,WSGS84,300,CA,10
BS6-5-10-2018-20,2018-05-10,BS6,49.485,-124.605,WSGS84,300,CA,20
BS6-5-10-2018-5,2018-05-10,BS6,49.485,-124.605,WSGS84,300,CA,5
BS6-5-12-2017-0,2017-05-12,BS6,49.485,-124.605,WSGS84,300,CA,0
BS6-5-12-2017-10,2017-05-12,BS6,49.485,-124.605,WSGS84,300,CA,10
BS6-5-12-2017-20,2017-05-12,BS6,49.485,-124.605,WSGS84,300,CA,20
BS6-5-12-2017-5,2017-05-12,BS6,49.485,-124.605,WSGS84,300,CA,5
BS6-5-12-2021-0,2021-05-12,BS6,49.4863,-124.605,WSGS84,300,CA,0
BS6-5-12-2021-10,2021-05-12,BS6,49.4863,-124.605,WSGS84,300,CA,10
BS6-5-12-2021-20,2021-05-12,BS6,49.4863,-124.605,WSGS84,300,CA,20
BS6-5-12-2021-5,2021-05-12,BS6,49.4863,-124.605,WSGS84,300,CA,5
BS6-5-13-2015-10,2015-05-13,BS6,49.485,-124.605,WSGS84,300,CA,10
BS6-5-13-2015-20,2015-05-13,BS6,49.485,-124.605,WSGS84,300,CA,20
BS6-5-13-2015-5,2015-05-13,BS6,49.485,-124.605,WSGS84,300,CA,5
BS6-5-16-2016-0,2016-05-16,BS6,49.485,-124.605,WSGS84,300,CA,0
BS6-5-16-2016-10,2016-05-16,BS6,49.485,-124.605,WSGS84,300,CA,10
BS6-5-16-2016-20,2016-05-16,BS6,49.485,-124.605,WSGS84,300,CA,20
BS6-5-16-2016-5,2016-05-16,BS6,49.485,-124.605,WSGS84,300,CA,5
BS6-5-16-2021-0,2021-05-16,BS6,49.4845,-124.6049,WSGS84,300,CA,0
BS6-5-16-2021-10,2021-05-16,BS6,49.4845,-124.6049,WSGS84,300,CA,10
BS6-5-16-2021-20,2021-05-16,BS6,49.4845,-124.6049,WSGS84,300,CA,20
BS6-5-16-2021-5,2021-05-16,BS6,49.4845,-124.6049,WSGS84,300,CA,5
BS6-5-17-2015-0,2015-05-17,BS6,49.4843,-124.6053,WSGS84,300,CA,0
BS6-5-17-2015-10,2015-05-17,BS6,49.485,-124.605,WSGS84,300,CA,10
BS6-5-17-2015-20,2015-05-17,BS6,49.485,-124.605,WSGS84,300,CA,20
BS6-5-17-2015-5,2015-05-17,BS6,49.485,-124.605,WSGS84,300,CA,5
BS6-5-17-2020-0,2020-05-17,BS6,49.4848,-124.6052,WSGS84,300,CA,0
BS6-5-17-2020-10,2020-05-17,BS6,49.4848,-124.6052,WSGS84,300,CA,10
BS6-5-17-2020-20,2020-05-17,BS6,49.4848,-124.6052,WSGS84,300,CA,20
BS6-5-17-2020-5,2020-05-17,BS6,49.4848,-124.6052,WSGS84,300,CA,5
BS6-5-18-2018-0,2018-05-18,BS6,49.485,-124.605,WSGS84,300,CA,0
BS6-5-18-2018-10,2018-05-18,BS6,49.485,-124.605,WSGS84,300,CA,10
BS6-5-18-2018-20,2018-05-18,BS6,49.485,-124.605,WSGS84,300,CA,20
BS6-5-18-2018-5,2018-05-18,BS6,49.485,-124.605,WSGS84,300,CA,5
BS6-5-23-2016-0,2016-05-23,BS6,49.4854,-124.6067,WSGS84,300,CA,0
BS6-5-23-2016-10,2016-05-23,BS6,49.485,-124.605,WSGS84,300,CA,10
BS6-5-23-2016-20,2016-05-23,BS6,49.485,-124.605,WSGS84,300,CA,20
BS6-5-23-2016-5,2016-05-23,BS6,49.485,-124.605,WSGS84,300,CA,5
BS6-5-25-2015-0,2015-05-25,BS6,49.4855,-124.605,WSGS84,300,CA,0
BS6-5-25-2015-10,2015-05-25,BS6,49.4855,-124.605,WSGS84,300,CA,10
BS6-5-25-2015-20,2015-05-25,BS6,49.4855,-124.605,WSGS84,300,CA,20
BS6-5-25-2015-5,2015-05-25,BS6,49.4855,-124.605,WSGS84,300,CA,5
BS6-5-28-2023-0,2023-05-28,BS6,49.485,-124.605,WSGS84,300,CA,0
BS6-5-28-2023-10,2023-05-28,BS6,49.485,-124.605,WSGS84,300,CA,10
BS6-5-28-2023-20,2023-05-28,BS6,49.485,-124.605,WSGS84,300,CA,20
BS6-5-31-2018-0,2018-05-31,BS6,49.485,-124.605,WSGS84,300,CA,0
BS6-5-31-2018-10,2018-05-31,BS6,49.485,-124.605,WSGS84,300,CA,10
BS6-5-31-2018-20,2018-05-31,BS6,49.485,-124.605,WSGS84,300,CA,20
BS6-5-31-2018-5,2018-05-31,BS6,49.485,-124.605,WSGS84,300,CA,5
BS6-5-6-2017-0,2017-05-06,BS6,49.485,-124.605,WSGS84,300,CA,0
BS6-5-6-2017-10,2017-05-06,BS6,49.485,-124.605,WSGS84,300,CA,10
BS6-5-6-2017-20,2017-05-06,BS6,49.485,-124.605,WSGS84,300,CA,20
BS6-5-6-2017-5,2017-05-06,BS6,49.485,-124.605,WSGS84,300,CA,5
BS6-5-6-2023-0,2023-05-06,BS6,49.485,-124.605,WSGS84,300,CA,0
BS6-5-6-2023-10,2023-05-06,BS6,49.485,-124.605,WSGS84,300,CA,10
BS6-5-6-2023-20,2023-05-06,BS6,49.485,-124.605,WSGS84,300,CA,20
BS6-5-7-2020-0,2020-05-07,BS6,49.485,-124.6043,WSGS84,300,CA,0
BS6-5-7-2020-10,2020-05-07,BS6,49.485,-124.6043,WSGS84,300,CA,10
BS6-5-7-2020-20,2020-05-07,BS6,49.485,-124.6043,WSGS84,300,CA,20
BS6-5-7-2020-5,2020-05-07,BS6,49.485,-124.6043,WSGS84,300,CA,5
BS6-5-9-2016-0,2016-05-09,BS6,49.4859,-124.605,WSGS84,300,CA,0
BS6-5-9-2016-10,2016-05-09,BS6,49.4859,-124.605,WSGS84,300,CA,10
BS6-5-9-2016-20,2016-05-09,BS6,49.4859,-124.605,WSGS84,300,CA,20
BS6-5-9-2016-5,2016-05-09,BS6,49.4859,-124.605,WSGS84,300,CA,5
BS6-5-9-2019-0,2019-05-09,BS6,49.485,-124.605,WSGS84,300,CA,0
BS6-5-9-2019-10,2019-05-09,BS6,49.485,-124.605,WSGS84,300,CA,10
BS6-5-9-2019-20,2019-05-09,BS6,49.485,-124.605,WSGS84,300,CA,20
BS6-5-9-2019-5,2019-05-09,BS6,49.485,-124.605,WSGS84,300,CA,5
BS6-6-13-2017-0,2017-06-13,BS6,49.485,-124.605,WSGS84,300,CA,0
BS6-6-14-2018-0,2018-06-14,BS6,49.485,-124.605,WSGS84,300,CA,0
BS6-6-14-2018-10,2018-06-14,BS6,49.485,-124.605,WSGS84,300,CA,10
BS6-6-14-2018-20,2018-06-14,BS6,49.485,-124.605,WSGS84,300,CA,20
BS6-6-14-2018-5,2018-06-14,BS6,49.485,-124.605,WSGS84,300,CA,5
BS6-6-15-2016-0,2016-06-15,BS6,49.4862,-124.6063,WSGS84,300,CA,0
BS6-6-15-2016-10,2016-06-15,BS6,49.485,-124.605,WSGS84,300,CA,10
BS6-6-15-2016-20,2016-06-15,BS6,49.4862,-124.6063,WSGS84,300,CA,20
BS6-6-15-2016-5,2016-06-15,BS6,49.485,-124.605,WSGS84,300,CA,5
BS6-6-15-2022-0,2022-06-15,BS6,49.485,-124.605,WSGS84,300,CA,0
BS6-6-15-2022-10,2022-06-15,BS6,49.485,-124.605,WSGS84,300,CA,10
BS6-6-15-2022-20,2022-06-15,BS6,49.485,-124.605,WSGS84,300,CA,20
BS6-6-15-2022-5,2022-06-15,BS6,49.485,-124.605,WSGS84,300,CA,5
BS6-6-18-2015-0,2015-06-18,BS6,49.4843,-124.6055,WSGS84,300,CA,0
BS6-6-18-2015-10,2015-06-18,BS6,49.4843,-124.6055,WSGS84,300,CA,10
BS6-6-18-2015-20,2015-06-18,BS6,49.4843,-124.6055,WSGS84,300,CA,20
BS6-6-18-2015-5,2015-06-18,BS6,49.4843,-124.6055,WSGS84,300,CA,5
BS6-6-19-2021-0,2021-06-19,BS6,49.4847,-124.6062,WSGS84,300,CA,0
BS6-6-19-2021-10,2021-06-19,BS6,49.4847,-124.6062,WSGS84,300,CA,10
BS6-6-19-2021-20,2021-06-19,BS6,49.4847,-124.6062,WSGS84,300,CA,20
BS6-6-19-2021-5,2021-06-19,BS6,49.4847,-124.6062,WSGS84,300,CA,5
BS6-6-19-2022-0,2022-06-19,BS6,49.485,-124.605,WSGS84,300,CA,0
BS6-6-19-2022-10,2022-06-19,BS6,49.485,-124.605,WSGS84,300,CA,10
BS6-6-19-2022-20,2022-06-19,BS6,49.485,-124.605,WSGS84,300,CA,20
BS6-6-19-2022-5,2022-06-19,BS6,49.485,-124.605,WSGS84,300,CA,5
BS6-6-20-2018-0,2018-06-20,BS6,49.485,-124.605,WSGS84,300,CA,0
BS6-6-20-2018-10,2018-06-20,BS6,49.485,-124.605,WSGS84,300,CA,10
BS6-6-20-2018-20,2018-06-20,BS6,49.485,-124.605,WSGS84,300,CA,20
BS6-6-20-2018-5,2018-06-20,BS6,49.485,-124.605,WSGS84,300,CA,5
BS6-6-21-2019-0,2019-06-21,BS6,49.485,-124.605,WSGS84,300,CA,0
BS6-6-21-2019-10,2019-06-21,BS6,49.485,-124.605,WSGS84,300,CA,10
BS6-6-21-2019-20,2019-06-21,BS6,49.485,-124.605,WSGS84,300,CA,20
BS6-6-21-2019-5,2019-06-21,BS6,49.485,-124.605,WSGS84,300,CA,5
BS6-6-22-2017-0,2017-06-22,BS6,49.485,-124.605,WSGS84,300,CA,0
BS6-6-22-2017-10,2017-06-22,BS6,49.485,-124.605,WSGS84,300,CA,10
BS6-6-22-2017-20,2017-06-22,BS6,49.485,-124.605,WSGS84,300,CA,20
BS6-6-22-2017-5,2017-06-22,BS6,49.485,-124.605,WSGS84,300,CA,5
BS6-6-25-2023-0,2023-06-25,BS6,49.485,-124.605,WSGS84,300,CA,0
BS6-6-25-2023-10,2023-06-25,BS6,49.485,-124.605,WSGS84,300,CA,10
BS6-6-25-2023-20,2023-06-25,BS6,49.485,-124.605,WSGS84,300,CA,20
BS6-6-25-2023-5,2023-06-25,BS6,49.485,-124.605,WSGS84,300,CA,5
BS6-6-26-2020-0,2020-06-26,BS6,49.4847,-124.6061,WSGS84,300,CA,0
BS6-6-26-2020-10,2020-06-26,BS6,49.4847,-124.6061,WSGS84,300,CA,10
BS6-6-26-2020-20,2020-06-26,BS6,49.4847,-124.6061,WSGS84,300,CA,20
BS6-6-26-2020-5,2020-06-26,BS6,49.4847,-124.6061,WSGS84,300,CA,5
BS6-6-28-2016-0,2016-06-28,BS6,49.485,-124.605,WSGS84,300,CA,0
BS6-6-28-2016-10,2016-06-28,BS6,49.485,-124.605,WSGS84,300,CA,10
BS6-6-28-2016-20,2016-06-28,BS6,49.485,-124.605,WSGS84,300,CA,20
BS6-6-28-2016-5,2016-06-28,BS6,49.485,-124.605,WSGS84,300,CA,5
BS6-6-4-2020-0,2020-06-04,BS6,49.4853,-124.6034,WSGS84,300,CA,0
BS6-6-4-2020-10,2020-06-04,BS6,49.4853,-124.6034,WSGS84,300,CA,10
BS6-6-4-2020-20,2020-06-04,BS6,49.4853,-124.6034,WSGS84,300,CA,20
BS6-6-4-2020-5,2020-06-04,BS6,49.4853,-124.6034,WSGS84,300,CA,5
BS6-6-6-2017-0,2017-06-06,BS6,49.485,-124.605,WSGS84,300,CA,0
BS6-6-6-2017-10,2017-06-06,BS6,49.485,-124.605,WSGS84,300,CA,10
BS6-6-6-2017-20,2017-06-06,BS6,49.485,-124.605,WSGS84,300,CA,20
BS6-6-6-2017-5,2017-06-06,BS6,49.485,-124.605,WSGS84,300,CA,5
BS6-6-8-2016-0,2016-06-08,BS6,49.4886,-124.6032,WSGS84,300,CA,0
BS6-7-10-2019-0,2019-07-10,BS6,49.485,-124.605,WSGS84,300,CA,0
BS6-7-10-2019-10,2019-07-10,BS6,49.485,-124.605,WSGS84,300,CA,10
BS6-7-10-2019-20,2019-07-10,BS6,49.485,-124.605,WSGS84,300,CA,20
BS6-7-10-2019-5,2019-07-10,BS6,49.485,-124.605,WSGS84,300,CA,5
BS6-7-13-2022-0,2022-07-13,BS6,49.485,-124.605,WSGS84,300,CA,0
BS6-7-13-2022-10,2022-07-13,BS6,49.485,-124.605,WSGS84,300,CA,10
BS6-7-13-2022-20,2022-07-13,BS6,49.485,-124.605,WSGS84,300,CA,20
BS6-7-13-2022-5,2022-07-13,BS6,49.485,-124.605,WSGS84,300,CA,5
BS6-7-15-2015-0,2015-07-15,BS6,49.4855,-124.6044,WSGS84,300,CA,0
BS6-7-15-2015-10,2015-07-15,BS6,49.4855,-124.6044,WSGS84,300,CA,10
BS6-7-15-2015-20,2015-07-15,BS6,49.4855,-124.6044,WSGS84,300,CA,20
BS6-7-15-2015-5,2015-07-15,BS6,49.4855,-124.6044,WSGS84,300,CA,5
BS6-7-16-2023-0,2023-07-16,BS6,49.485,-124.605,WSGS84,300,CA,0
BS6-7-16-2023-10,2023-07-16,BS6,49.485,-124.605,WSGS84,300,CA,10
BS6-7-16-2023-20,2023-07-16,BS6,49.485,-124.605,WSGS84,300,CA,20
BS6-7-16-2023-5,2023-07-16,BS6,49.485,-124.605,WSGS84,300,CA,5
BS6-7-17-2017-0,2017-07-17,BS6,49.485,-124.605,WSGS84,300,CA,0
BS6-7-17-2017-10,2017-07-17,BS6,49.485,-124.605,WSGS84,300,CA,10
BS6-7-17-2017-20,2017-07-17,BS6,49.485,-124.605,WSGS84,300,CA,20
BS6-7-17-2017-5,2017-07-17,BS6,49.485,-124.605,WSGS84,300,CA,5
BS6-7-20-2016-0,2016-07-20,BS6,49.4856,-124.6057,WSGS84,300,CA,0
BS6-7-20-2016-10,2016-07-20,BS6,49.4856,-124.6057,WSGS84,300,CA,10
BS6-7-20-2016-20,2016-07-20,BS6,49.4856,-124.6057,WSGS84,300,CA,20
BS6-7-20-2016-5,2016-07-20,BS6,49.4856,-124.6057,WSGS84,300,CA,5
BS6-7-21-2022-0,2022-07-21,BS6,49.485,-124.605,WSGS84,300,CA,0
BS6-7-21-2022-10,2022-07-21,BS6,49.485,-124.605,WSGS84,300,CA,10
BS6-7-21-2022-20,2022-07-21,BS6,49.485,-124.605,WSGS84,300,CA,20
BS6-7-21-2022-5,2022-07-21,BS6,49.485,-124.605,WSGS84,300,CA,5
BS6-7-23-2019-0,2019-07-23,BS6,49.485,-124.605,WSGS84,300,CA,0
BS6-7-23-2019-10,2019-07-23,BS6,49.485,-124.605,WSGS84,300,CA,10
BS6-7-23-2019-20,2019-07-23,BS6,49.485,-124.605,WSGS84,300,CA,20
BS6-7-23-2019-5,2019-07-23,BS6,49.485,-124.605,WSGS84,300,CA,5
BS6-7-25-2018-0,2018-07-25,BS6,49.485,-124.605,WSGS84,300,CA,0
BS6-7-25-2018-10,2018-07-25,BS6,49.485,-124.605,WSGS84,300,CA,10
BS6-7-25-2018-20,2018-07-25,BS6,49.485,-124.605,WSGS84,300,CA,20
BS6-7-25-2018-5,2018-07-25,BS6,49.485,-124.605,WSGS84,300,CA,5
BS6-7-26-2016-0,2016-07-26,BS6,49.4863,-124.605,WSGS84,300,CA,0
BS6-7-26-2016-10,2016-07-26,BS6,49.4863,-124.605,WSGS84,300,CA,10
BS6-7-26-2016-20,2016-07-26,BS6,49.4863,-124.605,WSGS84,300,CA,20
BS6-7-26-2016-5,2016-07-26,BS6,49.4863,-124.605,WSGS84,300,CA,5
BS6-7-5-2018-0,2018-07-05,BS6,49.485,-124.605,WSGS84,300,CA,0
BS6-7-5-2018-10,2018-07-05,BS6,49.485,-124.605,WSGS84,300,CA,10
BS6-7-5-2018-20,2018-07-05,BS6,49.485,-124.605,WSGS84,300,CA,20
BS6-7-5-2018-5,2018-07-05,BS6,49.485,-124.605,WSGS84,300,CA,5
BS6-7-7-2017-0,2017-07-07,BS6,49.485,-124.605,WSGS84,300,CA,0
BS6-7-7-2017-10,2017-07-07,BS6,49.485,-124.605,WSGS84,300,CA,10
BS6-7-7-2017-20,2017-07-07,BS6,49.485,-124.605,WSGS84,300,CA,20
BS6-7-7-2017-5,2017-07-07,BS6,49.485,-124.605,WSGS84,300,CA,5
BS6-7-7-2020-0,2020-07-07,BS6,49.4836,-124.5988,WSGS84,300,CA,0
BS6-7-7-2020-10,2020-07-07,BS6,49.4836,-124.5988,WSGS84,300,CA,10
BS6-7-7-2020-20,2020-07-07,BS6,49.4836,-124.5988,WSGS84,300,CA,20
BS6-7-7-2020-5,2020-07-07,BS6,49.4836,-124.5988,WSGS84,300,CA,5
BS6-7-9-2021-0,2021-07-09,BS6,49.4864,-124.6059,WSGS84,300,CA,0
BS6-7-9-2021-10,2021-07-09,BS6,49.4864,-124.6059,WSGS84,300,CA,10
BS6-7-9-2021-20,2021-07-09,BS6,49.4864,-124.6059,WSGS84,300,CA,20
BS6-7-9-2021-5,2021-07-09,BS6,49.4864,-124.6059,WSGS84,300,CA,5
BS6-8-1-2017-0,2017-08-01,BS6,49.485,-124.605,WSGS84,300,CA,0
BS6-8-1-2017-10,2017-08-01,BS6,49.485,-124.605,WSGS84,300,CA,10
BS6-8-1-2017-20,2017-08-01,BS6,49.485,-124.605,WSGS84,300,CA,20
BS6-8-1-2017-5,2017-08-01,BS6,49.485,-124.605,WSGS84,300,CA,5
BS6-8-1-2018-0,2018-08-01,BS6,49.485,-124.605,WSGS84,300,CA,0
BS6-8-1-2018-10,2018-08-01,BS6,49.485,-124.605,WSGS84,300,CA,10
BS6-8-1-2018-20,2018-08-01,BS6,49.485,-124.605,WSGS84,300,CA,20
BS6-8-1-2018-5,2018-08-01,BS6,49.485,-124.605,WSGS84,300,CA,5
BS6-8-11-2022-0,2022-08-11,BS6,49.485,-124.605,WSGS84,300,CA,0
BS6-8-11-2022-10,2022-08-11,BS6,49.485,-124.605,WSGS84,300,CA,10
BS6-8-11-2022-20,2022-08-11,BS6,49.485,-124.605,WSGS84,300,CA,20
BS6-8-11-2022-5,2022-08-11,BS6,49.485,-124.605,WSGS84,300,CA,5
BS6-8-14-2017-0,2017-08-14,BS6,49.485,-124.605,WSGS84,300,CA,0
BS6-8-14-2017-10,2017-08-14,BS6,49.485,-124.605,WSGS84,300,CA,10
BS6-8-14-2017-20,2017-08-14,BS6,49.485,-124.605,WSGS84,300,CA,20
BS6-8-14-2017-5,2017-08-14,BS6,49.485,-124.605,WSGS84,300,CA,5
BS6-8-15-2015-0,2015-08-15,BS6,49.4863,-124.6058,WSGS84,300,CA,0
BS6-8-15-2015-10,2015-08-15,BS6,49.4863,-124.6058,WSGS84,300,CA,10
BS6-8-15-2015-20,2015-08-15,BS6,49.4863,-124.6058,WSGS84,300,CA,20
BS6-8-15-2015-5,2015-08-15,BS6,49.4863,-124.6058,WSGS84,300,CA,5
BS6-8-16-2018-0,2018-08-16,BS6,49.485,-124.605,WSGS84,300,CA,0
BS6-8-16-2018-10,2018-08-16,BS6,49.485,-124.605,WSGS84,300,CA,10
BS6-8-16-2018-20,2018-08-16,BS6,49.485,-124.605,WSGS84,300,CA,20
BS6-8-16-2018-5,2018-08-16,BS6,49.485,-124.605,WSGS84,300,CA,5
BS6-8-16-2022-0,2022-08-16,BS6,49.485,-124.605,WSGS84,300,CA,0
BS6-8-16-2022-10,2022-08-16,BS6,49.485,-124.605,WSGS84,300,CA,10
BS6-8-16-2022-20,2022-08-16,BS6,49.485,-124.605,WSGS84,300,CA,20
BS6-8-16-2022-5,2022-08-16,BS6,49.485,-124.605,WSGS84,300,CA,5
BS6-8-19-2023-0,2023-08-19,BS6,49.485,-124.605,WSGS84,300,CA,0
BS6-8-19-2023-10,2023-08-19,BS6,49.485,-124.605,WSGS84,300,CA,10
BS6-8-19-2023-20,2023-08-19,BS6,49.485,-124.605,WSGS84,300,CA,20
BS6-8-19-2023-5,2023-08-19,BS6,49.485,-124.605,WSGS84,300,CA,5
BS6-8-2-2016-0,2016-08-02,BS6,49.485,-124.605,WSGS84,300,CA,0
BS6-8-2-2016-10,2016-08-02,BS6,49.485,-124.605,WSGS84,300,CA,10
BS6-8-2-2016-20,2016-08-02,BS6,49.485,-124.605,WSGS84,300,CA,20
BS6-8-2-2016-5,2016-08-02,BS6,49.485,-124.605,WSGS84,300,CA,5
BS6-8-2-2020-0,2020-08-02,BS6,49.4846,-124.6053,WSGS84,300,CA,0
BS6-8-2-2020-10,2020-08-02,BS6,49.4846,-124.6053,WSGS84,300,CA,10
BS6-8-2-2020-20,2020-08-02,BS6,49.4846,-124.6053,WSGS84,300,CA,20
BS6-8-2-2020-5,2020-08-02,BS6,49.4846,-124.6053,WSGS84,300,CA,5
BS6-8-21-2017-0,2017-08-21,BS6,49.485,-124.605,WSGS84,300,CA,0
BS6-8-21-2017-10,2017-08-21,BS6,49.485,-124.605,WSGS84,300,CA,10
BS6-8-21-2017-20,2017-08-21,BS6,49.485,-124.605,WSGS84,300,CA,20
BS6-8-21-2017-5,2017-08-21,BS6,49.485,-124.605,WSGS84,300,CA,5
BS6-8-22-2016-0,2016-08-22,BS6,49.4846,-124.6057,WSGS84,300,CA,0
BS6-8-22-2016-20,2016-08-22,BS6,49.4846,-124.6057,WSGS84,300,CA,20
BS6-8-23-2018-0,2018-08-23,BS6,49.485,-124.605,WSGS84,300,CA,0
BS6-8-23-2018-10,2018-08-23,BS6,49.485,-124.605,WSGS84,300,CA,10
BS6-8-23-2018-20,2018-08-23,BS6,49.485,-124.605,WSGS84,300,CA,20
BS6-8-23-2018-5,2018-08-23,BS6,49.485,-124.605,WSGS84,300,CA,5
BS6-8-23-2019-0,2019-08-23,BS6,49.485,-124.605,WSGS84,300,CA,0
BS6-8-23-2019-10,2019-08-23,BS6,49.485,-124.605,WSGS84,300,CA,10
BS6-8-23-2019-20,2019-08-23,BS6,49.485,-124.605,WSGS84,300,CA,20
BS6-8-23-2019-5,2019-08-23,BS6,49.485,-124.605,WSGS84,300,CA,5
BS6-8-27-2020-0,2020-08-27,BS6,49.485,-124.6049,WSGS84,300,CA,0
BS6-8-27-2020-10,2020-08-27,BS6,49.485,-124.6049,WSGS84,300,CA,10
BS6-8-27-2020-20,2020-08-27,BS6,49.485,-124.6049,WSGS84,300,CA,20
BS6-8-27-2020-5,2020-08-27,BS6,49.485,-124.6049,WSGS84,300,CA,5
BS6-8-27-2023-0,2023-08-27,BS6,49.485,-124.605,WSGS84,300,CA,0
BS6-8-27-2023-10,2023-08-27,BS6,49.485,-124.605,WSGS84,300,CA,10
BS6-8-27-2023-20,2023-08-27,BS6,49.485,-124.605,WSGS84,300,CA,20
BS6-8-27-2023-5,2023-08-27,BS6,49.485,-124.605,WSGS84,300,CA,5
BS6-8-31-2021-0,2021-08-31,BS6,49.485,-124.605,WSGS84,300,CA,0
BS6-8-31-2021-10,2021-08-31,BS6,49.485,-124.605,WSGS84,300,CA,10
BS6-8-31-2021-20,2021-08-31,BS6,49.485,-124.605,WSGS84,300,CA,20
BS6-8-31-2021-5,2021-08-31,BS6,49.485,-124.605,WSGS84,300,CA,5
BS6-8-5-2015-0,2015-08-05,BS6,49.485,-124.605,WSGS84,300,CA,0
BS6-8-5-2015-10,2015-08-05,BS6,49.485,-124.605,WSGS84,300,CA,10
BS6-8-5-2015-20,2015-08-05,BS6,49.485,-124.605,WSGS84,300,CA,20
BS6-8-5-2015-5,2015-08-05,BS6,49.485,-124.605,WSGS84,300,CA,5
BS6-8-8-2017-0,2017-08-08,BS6,49.485,-124.605,WSGS84,300,CA,0
BS6-8-8-2017-10,2017-08-08,BS6,49.485,-124.605,WSGS84,300,CA,10
BS6-8-8-2017-20,2017-08-08,BS6,49.485,-124.605,WSGS84,300,CA,20
BS6-8-8-2017-5,2017-08-08,BS6,49.485,-124.605,WSGS84,300,CA,5
BS6-8-9-2016-0,2016-08-09,BS6,49.4859,-124.605,WSGS84,300,CA,0
BS6-8-9-2021-0,2021-08-09,BS6,49.4852,-124.6051,WSGS84,300,CA,0
BS6-8-9-2021-10,2021-08-09,BS6,49.4852,-124.6051,WSGS84,300,CA,10
BS6-8-9-2021-20,2021-08-09,BS6,49.4852,-124.6051,WSGS84,300,CA,20
BS6-8-9-2021-5,2021-08-09,BS6,49.4852,-124.6051,WSGS84,300,CA,5
BS6-9-17-2020-0,2020-09-17,BS6,49.485,-124.6048,WSGS84,300,CA,0
BS6-9-17-2020-10,2020-09-17,BS6,49.485,-124.6048,WSGS84,300,CA,10
BS6-9-17-2020-20,2020-09-17,BS6,49.485,-124.6048,WSGS84,300,CA,20
BS6-9-17-2020-5,2020-09-17,BS6,49.485,-124.6048,WSGS84,300,CA,5
BS6-9-20-2019-0,2019-09-20,BS6,49.485,-124.605,WSGS84,300,CA,0
BS6-9-20-2019-10,2019-09-20,BS6,49.485,-124.605,WSGS84,300,CA,10
BS6-9-20-2019-20,2019-09-20,BS6,49.485,-124.605,WSGS84,300,CA,20
BS6-9-20-2019-5,2019-09-20,BS6,49.485,-124.605,WSGS84,300,CA,5
BS6-9-21-2016-0,2016-09-21,BS6,49.485,-124.605,WSGS84,300,CA,0
BS6-9-21-2016-10,2016-09-21,BS6,49.485,-124.605,WSGS84,300,CA,10
BS6-9-21-2016-20,2016-09-21,BS6,49.485,-124.605,WSGS84,300,CA,20
BS6-9-21-2016-5,2016-09-21,BS6,49.485,-124.605,WSGS84,300,CA,5
BS6-9-25-2018-0,2018-09-25,BS6,49.485,-124.605,WSGS84,300,CA,0
BS6-9-25-2018-10,2018-09-25,BS6,49.485,-124.605,WSGS84,300,CA,10
BS6-9-25-2018-20,2018-09-25,BS6,49.485,-124.605,WSGS84,300,CA,20
BS6-9-25-2018-5,2018-09-25,BS6,49.485,-124.605,WSGS84,300,CA,5
BS6-9-25-2021-0,2021-09-25,BS6,49.4853,-124.6055,WSGS84,300,CA,0
BS6-9-25-2021-10,2021-09-25,BS6,49.4853,-124.6055,WSGS84,300,CA,10
BS6-9-25-2021-20,2021-09-25,BS6,49.4853,-124.6055,WSGS84,300,CA,20
BS6-9-25-2021-5,2021-09-25,BS6,49.4853,-124.6055,WSGS84,300,CA,5
BS6-9-26-2017-0,2017-09-26,BS6,49.485,-124.605,WSGS84,300,CA,0
BS6-9-26-2017-10,2017-09-26,BS6,49.485,-124.605,WSGS84,300,CA,10
BS6-9-26-2017-20,2017-09-26,BS6,49.485,-124.605,WSGS84,300,CA,20
BS6-9-26-2017-5,2017-09-26,BS6,49.485,-124.605,WSGS84,300,CA,5
BS6-9-3-2019-0,2019-09-03,BS6,49.485,-124.605,WSGS84,300,CA,0
BS6-9-3-2019-10,2019-09-03,BS6,49.485,-124.605,WSGS84,300,CA,10
BS6-9-3-2019-20,2019-09-03,BS6,49.485,-124.605,WSGS84,300,CA,20
BS6-9-3-2019-5,2019-09-03,BS6,49.485,-124.605,WSGS84,300,CA,5
BS6-9-6-2017-0,2017-09-06,BS6,49.485,-124.605,WSGS84,300,CA,0
BS6-9-6-2017-10,2017-09-06,BS6,49.485,-124.605,WSGS84,300,CA,10
BS6-9-6-2017-20,2017-09-06,BS6,49.485,-124.605,WSGS84,300,CA,20
BS6-9-6-2017-5,2017-09-06,BS6,49.485,-124.605,WSGS84,300,CA,5
BS6-9-6-2018-0,2018-09-06,BS6,49.485,-124.605,WSGS84,300,CA,0
BS6-9-6-2018-10,2018-09-06,BS6,49.485,-124.605,WSGS84,300,CA,10
BS6-9-6-2018-20,2018-09-06,BS6,49.485,-124.605,WSGS84,300,CA,20
BS6-9-6-2018-5,2018-09-06,BS6,49.485,-124.605,WSGS84,300,CA,5
BS6-9-8-2016-0,2016-09-08,BS6,49.4852,-124.6046,WSGS84,300,CA,0
BS6-9-8-2016-10,2016-09-08,BS6,49.4852,-124.6046,WSGS84,300,CA,10
BS6-9-8-2016-20,2016-09-08,BS6,49.4852,-124.6046,WSGS84,300,CA,20
BS6-9-8-2016-5,2016-09-08,BS6,49.4852,-124.6046,WSGS84,300,CA,5
BS7-1-13-2021-0,2021-01-13,BS7,49.4833,-124.7667,WSGS84,300,CA,0
BS7-1-15-2022-0,2022-01-15,BS7,49.4833,-124.7667,WSGS84,300,CA,0
BS7-1-27-2019-0,2019-01-27,BS7,49.4833,-124.7667,WSGS84,300,CA,0
BS7-1-28-2020-0,2020-01-28,BS7,49.4832,-124.7661,WSGS84,300,CA,0
BS7-10-10-2015-0,2015-10-10,BS7,49.4833,-124.7667,WSGS84,300,CA,0
BS7-10-10-2018-0,2018-10-10,BS7,49.4833,-124.7667,WSGS84,300,CA,0
BS7-10-10-2019-0,2019-10-10,BS7,49.4833,-124.7667,WSGS84,300,CA,0
BS7-10-10-2022-0,2022-10-10,BS7,49.4833,-124.7667,WSGS84,300,CA,0
BS7-10-19-2017-0,2017-10-19,BS7,49.4833,-124.7667,WSGS84,300,CA,0
BS7-11-15-2019-0,2019-11-15,BS7,49.4833,-124.7667,WSGS84,300,CA,0
BS7-12-2-2018-0,2018-12-02,BS7,49.4833,-124.7667,WSGS84,300,CA,0
BS7-12-8-2020-0,2020-12-08,BS7,49.4836,-124.768,WSGS84,300,CA,0
BS7-3-1-2016-0,2016-03-01,BS7,49.4825,-124.7674,WSGS84,300,CA,0
BS7-3-1-2020-0,2020-03-01,BS7,49.4828,-124.7671,WSGS84,300,CA,0
BS7-3-10-2022-0,2022-03-10,BS7,49.4833,-124.7667,WSGS84,300,CA,0
BS7-3-16-2023-0,2023-03-16,BS7,49.4833,-124.7667,WSGS84,300,CA,0
BS7-3-18-2016-0,2016-03-18,BS7,49.483,-124.7666,WSGS84,300,CA,0
BS7-3-18-2019-0,2019-03-18,BS7,49.4833,-124.7667,WSGS84,300,CA,0
BS7-3-19-2023-0,2023-03-19,BS7,49.4833,-124.7667,WSGS84,300,CA,0
BS7-3-2-2017-0,2017-03-02,BS7,49.4833,-124.7667,WSGS84,300,CA,0
BS7-3-20-2017-0,2017-03-20,BS7,49.4835,-124.7668,WSGS84,300,CA,0
BS7-3-20-2022-0,2022-03-20,BS7,49.4833,-124.7667,WSGS84,300,CA,0
BS7-3-21-2015-0,2015-03-21,BS7,49.4833,-124.7667,WSGS84,300,CA,0
BS7-3-22-2021-0,2021-03-22,BS7,49.4813,-124.7663,WSGS84,300,CA,0
BS7-3-24-2022-0,2022-03-24,BS7,49.4833,-124.7667,WSGS84,300,CA,0
BS7-3-25-2020-0,2020-03-25,BS7,49.4833,-124.7672,WSGS84,300,CA,0
BS7-3-26-2021-0,2021-03-26,BS7,49.4836,-124.7673,WSGS84,300,CA,0
BS7-3-27-2018-0,2018-03-27,BS7,49.4833,-124.7667,WSGS84,300,CA,0
BS7-3-30-2019-0,2019-03-30,BS7,49.4833,-124.7667,WSGS84,300,CA,0
BS7-3-8-2018-0,2018-03-08,BS7,49.4833,-124.7667,WSGS84,300,CA,0
BS7-3-8-2019-0,2019-03-08,BS7,49.4833,-124.7667,WSGS84,300,CA,0
BS7-3-9-2017-0,2017-03-09,BS7,49.4833,-124.7667,WSGS84,300,CA,0
BS7-3-9-2020-0,2020-03-09,BS7,49.4833,-124.7667,WSGS84,300,CA,0
BS7-4-10-2022-0,2022-04-10,BS7,49.4833,-124.7667,WSGS84,300,CA,0
BS7-4-11-2016-0,2016-04-11,BS7,49.4829,-124.7662,WSGS84,300,CA,0
BS7-4-12-2021-0,2021-04-12,BS7,49.4836,-124.7668,WSGS84,300,CA,0
BS7-4-16-2019-0,2019-04-16,BS7,49.4833,-124.7667,WSGS84,300,CA,0
BS7-4-19-2018-0,2018-04-19,BS7,49.4833,-124.7667,WSGS84,300,CA,0
BS7-4-2-2020-0,2020-04-02,BS7,49.4833,-124.7663,WSGS84,300,CA,0
BS7-4-20-2015-0,2015-04-20,BS7,49.4831,-124.7664,WSGS84,300,CA,0
BS7-4-21-2020-0,2020-04-21,BS7,49.4829,-124.7639,WSGS84,300,CA,0
BS7-4-22-2022-0,2022-04-22,BS7,49.4833,-124.7667,WSGS84,300,CA,0
BS7-4-25-2017-0,2017-04-25,BS7,49.4833,-124.7667,WSGS84,300,CA,0
BS7-4-26-2018-0,2018-04-26,BS7,49.4833,-124.7667,WSGS84,300,CA,0
BS7-4-27-2023-0,2023-04-27,BS7,49.4833,-124.7667,WSGS84,300,CA,0
BS7-4-30-2020-0,2020-04-30,BS7,49.4838,-124.2682,WSGS84,300,CA,0
BS7-4-5-2015-0,2015-04-05,BS7,49.4833,-124.7667,WSGS84,300,CA,0
BS7-4-5-2021-0,2021-04-05,BS7,49.483,-124.7666,WSGS84,300,CA,0
BS7-4-8-2019-0,2019-04-08,BS7,49.4833,-124.7667,WSGS84,300,CA,0
BS7-4-9-2015-0,2015-04-09,BS7,49.4832,-124.7677,WSGS84,300,CA,0
BS7-5-10-2018-0,2018-05-10,BS7,49.4833,-124.7667,WSGS84,300,CA,0
BS7-5-12-2017-0,2017-05-12,BS7,49.4833,-124.7667,WSGS84,300,CA,0
BS7-5-12-2021-0,2021-05-12,BS7,49.483,-124.7676,WSGS84,300,CA,0
BS7-5-16-2016-0,2016-05-16,BS7,49.4832,-124.7665,WSGS84,300,CA,0
BS7-5-16-2021-0,2021-05-16,BS7,49.4835,-124.7669,WSGS84,300,CA,0
BS7-5-17-2015-0,2015-05-17,BS7,49.4834,-124.7675,WSGS84,300,CA,0
BS7-5-17-2020-0,2020-05-17,BS7,49.4831,-124.7669,WSGS84,300,CA,0
BS7-5-18-2018-0,2018-05-18,BS7,49.4833,-124.7667,WSGS84,300,CA,0
BS7-5-20-2019-0,2019-05-20,BS7,49.4833,-124.7667,WSGS84,300,CA,0
BS7-5-23-2016-0,2016-05-23,BS7,49.4835,-124.767,WSGS84,300,CA,0
BS7-5-25-2015-0,2015-05-25,BS7,49.4825,-124.765,WSGS84,300,CA,0
BS7-5-28-2023-0,2023-05-28,BS7,49.4833,-124.7667,WSGS84,300,CA,0
BS7-5-31-2018-0,2018-05-31,BS7,49.4833,-124.7667,WSGS84,300,CA,0
BS7-5-6-2017-0,2017-05-06,BS7,49.4833,-124.7667,WSGS84,300,CA,0
BS7-5-6-2023-0,2023-05-06,BS7,49.4833,-124.7667,WSGS84,300,CA,0
BS7-5-7-2020-0,2020-05-07,BS7,49.4832,-124.7675,WSGS84,300,CA,0
BS7-5-9-2016-0,2016-05-09,BS7,49.4827,-124.7654,WSGS84,300,CA,0
BS7-5-9-2019-0,2019-05-09,BS7,49.4833,-124.7667,WSGS84,300,CA,0
BS7-6-13-2017-0,2017-06-13,BS7,49.4833,-124.7667,WSGS84,300,CA,0
BS7-6-14-2018-0,2018-06-14,BS7,49.4833,-124.7667,WSGS84,300,CA,0
BS7-6-15-2016-0,2016-06-15,BS7,49.4834,-124.7657,WSGS84,300,CA,0
BS7-6-15-2022-0,2022-06-15,BS7,49.4833,-124.7667,WSGS84,300,CA,0
BS7-6-15-2023-0,2023-06-15,BS7,49.4833,-124.7667,WSGS84,300,CA,0
BS7-6-18-2015-0,2015-06-18,BS7,49.4832,-124.7662,WSGS84,300,CA,0
BS7-6-19-2021-0,2021-06-19,BS7,49.4834,-124.7676,WSGS84,300,CA,0
BS7-6-19-2022-0,2022-06-19,BS7,49.4833,-124.7667,WSGS84,300,CA,0
BS7-6-20-2018-0,2018-06-20,BS7,49.4833,-124.7667,WSGS84,300,CA,0
BS7-6-21-2019-0,2019-06-21,BS7,49.4833,-124.7667,WSGS84,300,CA,0
BS7-6-22-2017-0,2017-06-22,BS7,49.4833,-124.7667,WSGS84,300,CA,0
BS7-6-25-2023-0,2023-06-25,BS7,49.4833,-124.7667,WSGS84,300,CA,0
BS7-6-26-2020-0,2020-06-26,BS7,49.4832,-124.7667,WSGS84,300,CA,0
BS7-6-28-2016-0,2016-06-28,BS7,49.4826,-124.769,WSGS84,300,CA,0
BS7-6-4-2020-0,2020-06-04,BS7,49.4834,-124.7671,WSGS84,300,CA,0
BS7-6-6-2017-0,2017-06-06,BS7,49.4833,-124.7667,WSGS84,300,CA,0
BS7-6-8-2016-0,2016-06-08,BS7,49.485,-124.7677,WSGS84,300,CA,0
BS7-6-9-2021-0,2021-06-09,BS7,49.4831,-124.7668,WSGS84,300,CA,0
BS7-7-10-2019-0,2019-07-10,BS7,49.4833,-124.7667,WSGS84,300,CA,0
BS7-7-13-2022-0,2022-07-13,BS7,49.4833,-124.7667,WSGS84,300,CA,0
BS7-7-15-2015-0,2015-07-15,BS7,49.4829,-124.7671,WSGS84,300,CA,0
BS7-7-16-2023-0,2023-07-16,BS7,49.4833,-124.7667,WSGS84,300,CA,0
BS7-7-17-2017-0,2017-07-17,BS7,49.4833,-124.7667,WSGS84,300,CA,0
BS7-7-21-2022-0,2022-07-21,BS7,49.4833,-124.7667,WSGS84,300,CA,0
BS7-7-23-2019-0,2019-07-23,BS7,49.4833,-124.7667,WSGS84,300,CA,0
BS7-7-25-2018-0,2018-07-25,BS7,49.4833,-124.7667,WSGS84,300,CA,0
BS7-7-26-2016-0,2016-07-26,BS7,49.4829,-124.7662,WSGS84,300,CA,0
BS7-7-5-2018-0,2018-07-05,BS7,49.4833,-124.7667,WSGS84,300,CA,0
BS7-7-7-2017-0,2017-07-07,BS7,49.4833,-124.7667,WSGS84,300,CA,0
BS7-7-7-2020-0,2020-07-07,BS7,49.4834,-124.7665,WSGS84,300,CA,0
BS7-7-9-2021-0,2021-07-09,BS7,49.4835,-124.7666,WSGS84,300,CA,0
BS7-8-1-2017-0,2017-08-01,BS7,49.4833,-124.7667,WSGS84,300,CA,0
BS7-8-1-2018-0,2018-08-01,BS7,49.4833,-124.7667,WSGS84,300,CA,0
BS7-8-11-2022-0,2022-08-11,BS7,49.4833,-124.7667,WSGS84,300,CA,0
BS7-8-14-2017-0,2017-08-14,BS7,49.4833,-124.7667,WSGS84,300,CA,0
BS7-8-15-2015-0,2015-08-15,BS7,49.4838,-124.7681,WSGS84,300,CA,0
BS7-8-16-2018-0,2018-08-16,BS7,49.4833,-124.7667,WSGS84,300,CA,0
BS7-8-16-2022-0,2022-08-16,BS7,49.4833,-124.7667,WSGS84,300,CA,0
BS7-8-19-2023-0,2023-08-19,BS7,49.4833,-124.7667,WSGS84,300,CA,0
BS7-8-2-2016-0,2016-08-02,BS7,49.4822,-124.7687,WSGS84,300,CA,0
BS7-8-2-2020-0,2020-08-02,BS7,49.4837,-124.7665,WSGS84,300,CA,0
BS7-8-21-2017-0,2017-08-21,BS7,49.4833,-124.7667,WSGS84,300,CA,0
BS7-8-22-2016-0,2016-08-22,BS7,49.4839,-124.7672,WSGS84,300,CA,0
BS7-8-23-2018-0,2018-08-23,BS7,49.4833,-124.7667,WSGS84,300,CA,0
BS7-8-23-2019-0,2019-08-23,BS7,49.4833,-124.7667,WSGS84,300,CA,0
BS7-8-27-2020-0,2020-08-27,BS7,49.4834,-124.7654,WSGS84,300,CA,0
BS7-8-27-2023-0,2023-08-27,BS7,49.4833,-124.7667,WSGS84,300,CA,0
BS7-8-31-2021-0,2021-08-31,BS7,49.4833,-124.7667,WSGS84,300,CA,0
BS7-8-5-2015-0,2015-08-05,BS7,49.4833,-124.7667,WSGS84,300,CA,0
BS7-8-8-2017-0,2017-08-08,BS7,49.4833,-124.7667,WSGS84,300,CA,0
BS7-8-9-2016-0,2016-08-09,BS7,49.4839,-124.77,WSGS84,300,CA,0
BS7-8-9-2021-0,2021-08-09,BS7,49.4831,-124.7667,WSGS84,300,CA,0
BS7-9-17-2020-0,2020-09-17,BS7,49.4834,-124.7675,WSGS84,300,CA,0
BS7-9-20-2019-0,2019-09-20,BS7,49.4833,-124.7667,WSGS84,300,CA,0
BS7-9-21-2016-0,2016-09-21,BS7,49.4836,-124.7673,WSGS84,300,CA,0
BS7-9-25-2018-0,2018-09-25,BS7,49.4833,-124.7667,WSGS84,300,CA,0
BS7-9-25-2021-0,2021-09-25,BS7,49.4832,-124.7666,WSGS84,300,CA,0
BS7-9-26-2017-0,2017-09-26,BS7,49.4833,-124.7667,WSGS84,300,CA,0
BS7-9-3-2019-0,2019-09-03,BS7,49.4833,-124.7667,WSGS84,300,CA,0
BS7-9-6-2017-0,2017-09-06,BS7,49.4833,-124.7667,WSGS84,300,CA,0
BS7-9-6-2018-0,2018-09-06,BS7,49.4833,-124.7667,WSGS84,300,CA,0
BS7-9-8-2016-0,2016-09-08,BS7,49.4834,-124.7664,WSGS84,300,CA,0
BS9-2-19-2015-0,2015-02-19,BS9,49.4669,-124.4999,WSGS84,300,CA,0
CBC1-1-27-2015-0,2015-01-27,CBC1,48.74,-123.6017,WSGS84,300,CA,0
CBC1-10-17-2016-0,2016-10-17,CBC1,48.7397,-123.6006,WSGS84,300,CA,0
CBC1-10-17-2017-0,2017-10-17,CBC1,48.74,-123.6017,WSGS84,300,CA,0
CBC1-2-19-2015-0,2015-02-19,CBC1,48.7398,-123.606,WSGS84,300,CA,0
CBC1-3-12-2015-0,2015-03-12,CBC1,48.7405,-123.6064,WSGS84,300,CA,0
CBC1-3-19-2015-0,2015-03-19,CBC1,48.7401,-123.6048,WSGS84,300,CA,0
CBC1-3-21-2016-0,2016-03-21,CBC1,48.7398,-123.6053,WSGS84,300,CA,0
CBC1-3-21-2017-0,2017-03-21,CBC1,48.7395,-123.6002,WSGS84,300,CA,0
CBC1-3-26-2015-0,2015-03-26,CBC1,48.7398,-123.6063,WSGS84,300,CA,0
CBC1-3-26-2018-0,2018-03-26,CBC1,48.74,-123.6017,WSGS84,300,CA,0
CBC1-3-3-2016-0,2016-03-03,CBC1,48.74,-123.605,WSGS84,300,CA,0
CBC1-3-3-2017-0,2017-03-03,CBC1,48.7395,-123.6005,WSGS84,300,CA,0
CBC1-3-30-2016-0,2016-03-30,CBC1,48.74,-123.6059,WSGS84,300,CA,0
CBC1-3-8-2017-0,2017-03-08,CBC1,48.7396,-123.6009,WSGS84,300,CA,0
CBC1-3-9-2018-0,2018-03-09,CBC1,48.74,-123.6017,WSGS84,300,CA,0
CBC1-4-14-2017-0,2017-04-14,CBC1,48.74,-123.6017,WSGS84,300,CA,0
CBC1-4-16-2015-0,2015-04-16,CBC1,48.7399,-123.6053,WSGS84,300,CA,0
CBC1-4-19-2016-0,2016-04-19,CBC1,48.74,-123.6052,WSGS84,300,CA,0
CBC1-4-20-2018-0,2018-04-20,CBC1,48.74,-123.6017,WSGS84,300,CA,0
CBC1-4-24-2017-0,2017-04-24,CBC1,48.74,-123.6017,WSGS84,300,CA,0
CBC1-4-25-2018-0,2018-04-25,CBC1,48.74,-123.6017,WSGS84,300,CA,0
CBC1-4-27-2016-0,2016-04-27,CBC1,48.74,-123.605,WSGS84,300,CA,0
CBC1-4-3-2018-0,2018-04-03,CBC1,48.74,-123.6017,WSGS84,300,CA,0
CBC1-4-4-2015-0,2015-04-04,CBC1,48.74,-123.6067,WSGS84,300,CA,0
CBC1-4-6-2017-0,2017-04-06,CBC1,48.74,-123.6017,WSGS84,300,CA,0
CBC1-5-10-2016-0,2016-05-10,CBC1,48.74,-123.605,WSGS84,300,CA,0
CBC1-5-11-2017-0,2017-05-11,CBC1,48.74,-123.6017,WSGS84,300,CA,0
CBC1-5-17-2016-0,2016-05-17,CBC1,48.74,-123.605,WSGS84,300,CA,0
CBC1-5-19-2018-0,2018-05-19,CBC1,48.74,-123.6017,WSGS84,300,CA,0
CBC1-5-23-2017-0,2017-05-23,CBC1,48.74,-123.6017,WSGS84,300,CA,0
CBC1-5-24-2016-0,2016-05-24,CBC1,48.74,-123.605,WSGS84,300,CA,0
CBC1-5-26-2015-0,2015-05-26,CBC1,48.74,-123.6062,WSGS84,300,CA,0
CBC1-5-30-2018-0,2018-05-30,CBC1,48.74,-123.6017,WSGS84,300,CA,0
CBC1-5-5-2017-0,2017-05-05,CBC1,48.7393,-123.6005,WSGS84,300,CA,0
CBC1-5-9-2018-0,2018-05-09,CBC1,48.74,-123.6017,WSGS84,300,CA,0
CBC1-6-12-2017-0,2017-06-12,CBC1,48.74,-123.6017,WSGS84,300,CA,0
CBC1-6-15-2016-0,2016-06-15,CBC1,48.74,-123.6017,WSGS84,300,CA,0
CBC1-6-15-2018-0,2018-06-15,CBC1,48.74,-123.6017,WSGS84,300,CA,0
CBC1-6-23-2017-0,2017-06-23,CBC1,48.74,-123.6017,WSGS84,300,CA,0
CBC1-6-28-2016-0,2016-06-28,CBC1,48.7393,-123.6004,WSGS84,300,CA,0
CBC1-6-6-2018-0,2018-06-06,CBC1,48.74,-123.6017,WSGS84,300,CA,0
CBC1-6-7-2016-0,2016-06-07,CBC1,48.7395,-123.6008,WSGS84,300,CA,0
CBC1-6-7-2017-0,2017-06-07,CBC1,48.74,-123.6017,WSGS84,300,CA,0
CBC1-7-12-2018-0,2018-07-12,CBC1,48.74,-123.6017,WSGS84,300,CA,0
CBC1-7-16-2015-0,2015-07-16,CBC1,48.7399,-123.6021,WSGS84,300,CA,0
CBC1-7-18-2017-0,2017-07-18,CBC1,48.74,-123.6017,WSGS84,300,CA,0
CBC1-7-20-2016-0,2016-07-20,CBC1,48.7393,-123.6003,WSGS84,300,CA,0
CBC1-7-26-2016-0,2016-07-26,CBC1,48.74,-123.6067,WSGS84,300,CA,0
CBC1-7-26-2018-0,2018-07-26,CBC1,48.74,-123.6017,WSGS84,300,CA,0
CBC1-7-3-2015-0,2015-07-03,CBC1,48.7395,-123.6011,WSGS84,300,CA,0
CBC1-7-31-2017-0,2017-07-31,CBC1,48.74,-123.6017,WSGS84,300,CA,0
CBC1-7-4-2018-0,2018-07-04,CBC1,48.74,-123.6017,WSGS84,300,CA,0
CBC1-7-6-2016-0,2016-07-06,CBC1,48.74,-123.6017,WSGS84,300,CA,0
CBC1-7-7-2017-0,2017-07-07,CBC1,48.74,-123.6067,WSGS84,300,CA,0
CBC1-8-15-2017-0,2017-08-15,CBC1,48.74,-123.6017,WSGS84,300,CA,0
CBC1-8-15-2018-0,2018-08-15,CBC1,48.74,-123.6017,WSGS84,300,CA,0
CBC1-8-2-2018-0,2018-08-02,CBC1,48.74,-123.6017,WSGS84,300,CA,0
CBC1-8-22-2016-0,2016-08-22,CBC1,48.74,-123.6,WSGS84,300,CA,0
CBC1-8-22-2017-0,2017-08-22,CBC1,48.74,-123.6017,WSGS84,300,CA,0
CBC1-8-22-2018-0,2018-08-22,CBC1,48.74,-123.6017,WSGS84,300,CA,0
CBC1-8-6-2015-0,2015-08-06,CBC1,48.7399,-123.6062,WSGS84,300,CA,0
CBC1-8-7-2017-0,2017-08-07,CBC1,48.74,-123.6017,WSGS84,300,CA,0
CBC1-8-9-2016-0,2016-08-09,CBC1,48.74,-123.6,WSGS84,300,CA,0
CBC1-9-16-2015-0,2015-09-16,CBC1,48.7401,-123.606,WSGS84,300,CA,0
CBC1-9-21-2016-0,2016-09-21,CBC1,48.7396,-123.6008,WSGS84,300,CA,0
CBC1-9-26-2017-0,2017-09-26,CBC1,48.74,-123.6067,WSGS84,300,CA,0
CBC1-9-26-2018-0,2018-09-26,CBC1,48.74,-123.6017,WSGS84,300,CA,0
CBC1-9-7-2017-0,2017-09-07,CBC1,48.74,-123.6017,WSGS84,300,CA,0
CBC1-9-7-2018-0,2018-09-07,CBC1,48.74,-123.6017,WSGS84,300,CA,0
CBC1-9-8-2016-0,2016-09-08,CBC1,48.7394,-123.5997,WSGS84,300,CA,0
CBC2-1-15-2021-0,2021-01-15,CBC2,48.7483,-123.595,WSGS84,300,CA,0
CBC2-1-16-2022-0,2022-01-16,CBC2,48.7483,-123.595,WSGS84,300,CA,0
CBC2-1-27-2015-0,2015-01-27,CBC2,48.7467,-123.595,WSGS84,300,CA,0
CBC2-10-11-2019-0,2019-10-11,CBC2,48.7483,-123.595,WSGS84,300,CA,0
CBC2-10-17-2016-0,2016-10-17,CBC2,48.7468,-123.5958,WSGS84,300,CA,0
CBC2-10-17-2017-0,2017-10-17,CBC2,48.7467,-123.595,WSGS84,300,CA,0
CBC2-10-19-2021-0,2021-10-19,CBC2,48.7482,-123.5948,WSGS84,300,CA,0
CBC2-10-2-2020-0,2020-10-02,CBC2,48.7483,-123.595,WSGS84,300,CA,0
CBC2-10-9-2022-0,2022-10-09,CBC2,48.7483,-123.595,WSGS84,300,CA,0
CBC2-12-7-2020-0,2020-12-07,CBC2,48.7483,-123.595,WSGS84,300,CA,0
CBC2-2-19-2015-0,2015-02-19,CBC2,48.7481,-123.6063,WSGS84,300,CA,0
CBC2-2-22-2021-0,2021-02-22,CBC2,48.7484,-123.5953,WSGS84,300,CA,0
CBC2-2-23-2022-0,2022-02-23,CBC2,48.7483,-123.595,WSGS84,300,CA,0
CBC2-3-1-2023-0,2023-03-01,CBC2,48.7483,-123.595,WSGS84,300,CA,0
CBC2-3-10-2022-0,2022-03-10,CBC2,48.7483,-123.595,WSGS84,300,CA,0
CBC2-3-12-2015-0,2015-03-12,CBC2,48.7483,-123.605,WSGS84,300,CA,0
CBC2-3-13-2023-0,2023-03-13,CBC2,48.7483,-123.595,WSGS84,300,CA,0
CBC2-3-15-2021-0,2021-03-15,CBC2,48.7484,-123.5947,WSGS84,300,CA,0
CBC2-3-18-2022-0,2022-03-18,CBC2,48.7483,-123.595,WSGS84,300,CA,0
CBC2-3-19-2015-0,2015-03-19,CBC2,48.7483,-123.605,WSGS84,300,CA,0
CBC2-3-2-2020-0,2020-03-02,CBC2,48.7483,-123.595,WSGS84,300,CA,0
CBC2-3-21-2016-0,2016-03-21,CBC2,48.7483,-123.5967,WSGS84,300,CA,0
CBC2-3-21-2017-0,2017-03-21,CBC2,48.7467,-123.595,WSGS84,300,CA,0
CBC2-3-22-2021-0,2021-03-22,CBC2,48.7489,-123.5936,WSGS84,300,CA,0
CBC2-3-24-2022-0,2022-03-24,CBC2,48.7483,-123.595,WSGS84,300,CA,0
CBC2-3-26-2015-0,2015-03-26,CBC2,48.7483,-123.605,WSGS84,300,CA,0
CBC2-3-26-2018-0,2018-03-26,CBC2,48.7467,-123.595,WSGS84,300,CA,0
CBC2-3-3-2016-0,2016-03-03,CBC2,48.7483,-123.5967,WSGS84,300,CA,0
CBC2-3-3-2017-0,2017-03-03,CBC2,48.7467,-123.5958,WSGS84,300,CA,0
CBC2-3-30-2016-0,2016-03-30,CBC2,48.7483,-123.605,WSGS84,300,CA,0
CBC2-3-30-2021-0,2021-03-30,CBC2,48.7488,-123.5958,WSGS84,300,CA,0
CBC2-3-31-2020-0,2020-03-31,CBC2,48.7483,-123.595,WSGS84,300,CA,0
CBC2-3-6-2023-0,2023-03-06,CBC2,48.7483,-123.595,WSGS84,300,CA,0
CBC2-3-8-2017-0,2017-03-08,CBC2,48.7467,-123.5959,WSGS84,300,CA,0
CBC2-3-9-2018-0,2018-03-09,CBC2,48.7467,-123.595,WSGS84,300,CA,0
CBC2-4-1-2022-0,2022-04-01,CBC2,48.7483,-123.595,WSGS84,300,CA,0
CBC2-4-10-2022-0,2022-04-10,CBC2,48.7483,-123.595,WSGS84,300,CA,0
CBC2-4-11-2021-0,2021-04-11,CBC2,48.7482,-123.5948,WSGS84,300,CA,0
CBC2-4-14-2017-0,2017-04-14,CBC2,48.7467,-123.595,WSGS84,300,CA,0
CBC2-4-14-2023-0,2023-04-14,CBC2,48.7483,-123.595,WSGS84,300,CA,0
CBC2-4-16-2015-0,2015-04-16,CBC2,48.7483,-123.605,WSGS84,300,CA,0
CBC2-4-16-2022-0,2022-04-16,CBC2,48.7483,-123.595,WSGS84,300,CA,0
CBC2-4-18-2019-0,2019-04-18,CBC2,48.7483,-123.595,WSGS84,300,CA,0
CBC2-4-19-2016-0,2016-04-19,CBC2,48.7483,-123.605,WSGS84,300,CA,0
CBC2-4-19-2021-0,2021-04-19,CBC2,48.7485,-123.5947,WSGS84,300,CA,0
CBC2-4-20-2018-0,2018-04-20,CBC2,48.7467,-123.595,WSGS84,300,CA,0
CBC2-4-24-2017-0,2017-04-24,CBC2,48.7483,-123.595,WSGS84,300,CA,0
CBC2-4-24-2020-0,2020-04-24,CBC2,48.7483,-123.595,WSGS84,300,CA,0
CBC2-4-24-2022-0,2022-04-24,CBC2,48.7483,-123.595,WSGS84,300,CA,0
CBC2-4-25-2018-0,2018-04-25,CBC2,48.7467,-123.595,WSGS84,300,CA,0
CBC2-4-25-2019-0,2019-04-25,CBC2,48.7483,-123.595,WSGS84,300,CA,0
CBC2-4-27-2016-0,2016-04-27,CBC2,48.7483,-123.605,WSGS84,300,CA,0
CBC2-4-28-2023-0,2023-04-28,CBC2,48.7483,-123.595,WSGS84,300,CA,0
CBC2-4-3-2018-0,2018-04-03,CBC2,48.7467,-123.595,WSGS84,300,CA,0
CBC2-4-30-2020-0,2020-04-30,CBC2,48.7483,-123.595,WSGS84,300,CA,0
CBC2-4-4-2015-0,2015-04-04,CBC2,48.7483,-123.605,WSGS84,300,CA,0
CBC2-4-5-2021-0,2021-04-05,CBC2,48.749,-123.5951,WSGS84,300,CA,0
CBC2-4-6-2017-0,2017-04-06,CBC2,48.7464,-123.5954,WSGS84,300,CA,0
CBC2-5-10-2016-0,2016-05-10,CBC2,48.7483,-123.605,WSGS84,300,CA,0
CBC2-5-11-2015-0,2015-05-11,CBC2,48.7483,-123.605,WSGS84,300,CA,0
CBC2-5-11-2017-0,2017-05-11,CBC2,48.7467,-123.595,WSGS84,300,CA,0
CBC2-5-13-2020-0,2020-05-13,CBC2,48.7483,-123.595,WSGS84,300,CA,0
CBC2-5-17-2016-0,2016-05-17,CBC2,48.7483,-123.605,WSGS84,300,CA,0
CBC2-5-19-2015-0,2015-05-19,CBC2,48.7483,-123.605,WSGS84,300,CA,0
CBC2-5-19-2018-0,2018-05-19,CBC2,48.7467,-123.595,WSGS84,300,CA,0
CBC2-5-20-2021-0,2021-05-20,CBC2,48.7489,-123.5956,WSGS84,300,CA,0
CBC2-5-20-2022-0,2022-05-20,CBC2,48.7483,-123.595,WSGS84,300,CA,0
CBC2-5-21-2019-0,2019-05-21,CBC2,48.7483,-123.595,WSGS84,300,CA,0
CBC2-5-23-2017-0,2017-05-23,CBC2,48.7467,-123.595,WSGS84,300,CA,0
CBC2-5-24-2016-0,2016-05-24,CBC2,48.7483,-123.605,WSGS84,300,CA,0
CBC2-5-26-2015-0,2015-05-26,CBC2,48.7483,-123.605,WSGS84,300,CA,0
CBC2-5-30-2018-0,2018-05-30,CBC2,48.7467,-123.595,WSGS84,300,CA,0
CBC2-5-5-2017-0,2017-05-05,CBC2,48.7467,-123.595,WSGS84,300,CA,0
CBC2-5-7-2019-0,2019-05-07,CBC2,48.7483,-123.595,WSGS84,300,CA,0
CBC2-5-7-2020-0,2020-05-07,CBC2,48.7483,-123.595,WSGS84,300,CA,0
CBC2-5-9-2018-0,2018-05-09,CBC2,48.7467,-123.595,WSGS84,300,CA,0
CBC2-5-9-2021-0,2021-05-09,CBC2,48.7484,-123.5952,WSGS84,300,CA,0
CBC2-6-12-2017-0,2017-06-12,CBC2,48.7467,-123.595,WSGS84,300,CA,0
CBC2-6-15-2016-0,2016-06-15,CBC2,48.7483,-123.605,WSGS84,300,CA,0
CBC2-6-15-2018-0,2018-06-15,CBC2,48.7467,-123.595,WSGS84,300,CA,0
CBC2-6-16-2021-0,2021-06-16,CBC2,48.7483,-123.595,WSGS84,300,CA,0
CBC2-6-16-2022-0,2022-06-16,CBC2,48.7483,-123.595,WSGS84,300,CA,0
CBC2-6-16-2023-0,2023-06-16,CBC2,48.7483,-123.595,WSGS84,300,CA,0
CBC2-6-18-2019-0,2019-06-18,CBC2,48.7483,-123.595,WSGS84,300,CA,0
CBC2-6-19-2022-0,2022-06-19,CBC2,48.7483,-123.595,WSGS84,300,CA,0
CBC2-6-2-2019-0,2019-06-02,CBC2,48.7483,-123.595,WSGS84,300,CA,0
CBC2-6-23-2017-0,2017-06-23,CBC2,48.7467,-123.595,WSGS84,300,CA,0
CBC2-6-25-2020-0,2020-06-25,CBC2,48.7483,-123.595,WSGS84,300,CA,0
CBC2-6-25-2023-0,2023-06-25,CBC2,48.7483,-123.595,WSGS84,300,CA,0
CBC2-6-28-2016-0,2016-06-28,CBC2,48.7483,-123.605,WSGS84,300,CA,0
CBC2-6-5-2020-0,2020-06-05,CBC2,48.7483,-123.595,WSGS84,300,CA,0
CBC2-6-6-2018-0,2018-06-06,CBC2,48.7467,-123.595,WSGS84,300,CA,0
CBC2-6-7-2016-0,2016-06-07,CBC2,48.7469,-123.5957,WSGS84,300,CA,0
CBC2-6-7-2017-0,2017-06-07,CBC2,48.7467,-123.595,WSGS84,300,CA,0
CBC2-6-9-2021-0,2021-06-09,CBC2,48.7484,-123.5951,WSGS84,300,CA,0
CBC2-7-11-2022-0,2022-07-11,CBC2,48.7483,-123.595,WSGS84,300,CA,0
CBC2-7-12-2018-0,2018-07-12,CBC2,48.7467,-123.595,WSGS84,300,CA,0
CBC2-7-16-2015-0,2015-07-16,CBC2,48.7477,-123.5968,WSGS84,300,CA,0
CBC2-7-17-2023-0,2023-07-17,CBC2,48.7483,-123.595,WSGS84,300,CA,0
CBC2-7-18-2017-0,2017-07-18,CBC2,48.7467,-123.595,WSGS84,300,CA,0
CBC2-7-19-2021-0,2021-07-19,CBC2,48.7484,-123.595,WSGS84,300,CA,0
CBC2-7-20-2016-0,2016-07-20,CBC2,48.747,-123.5956,WSGS84,300,CA,0
CBC2-7-21-2019-0,2019-07-21,CBC2,48.7483,-123.595,WSGS84,300,CA,0
CBC2-7-21-2022-0,2022-07-21,CBC2,48.7483,-123.595,WSGS84,300,CA,0
CBC2-7-26-2016-0,2016-07-26,CBC2,48.7483,-123.605,WSGS84,300,CA,0
CBC2-7-26-2018-0,2018-07-26,CBC2,48.7467,-123.595,WSGS84,300,CA,0
CBC2-7-26-2020-0,2020-07-26,CBC2,48.7483,-123.595,WSGS84,300,CA,0
CBC2-7-3-2015-0,2015-07-03,CBC2,48.7471,-123.5964,WSGS84,300,CA,0
CBC2-7-31-2017-0,2017-07-31,CBC2,48.7467,-123.595,WSGS84,300,CA,0
CBC2-7-4-2018-0,2018-07-04,CBC2,48.7467,-123.595,WSGS84,300,CA,0
CBC2-7-6-2016-0,2016-07-06,CBC2,48.7469,-123.5959,WSGS84,300,CA,0
CBC2-7-6-2020-0,2020-07-06,CBC2,48.7483,-123.595,WSGS84,300,CA,0
CBC2-7-7-2017-0,2017-07-07,CBC2,48.7483,-123.595,WSGS84,300,CA,0
CBC2-7-9-2019-0,2019-07-09,CBC2,48.7483,-123.595,WSGS84,300,CA,0
CBC2-7-9-2021-0,2021-07-09,CBC2,48.7482,-123.5949,WSGS84,300,CA,0
CBC2-8-12-2022-0,2022-08-12,CBC2,48.7483,-123.595,WSGS84,300,CA,0
CBC2-8-15-2017-0,2017-08-15,CBC2,48.7483,-123.595,WSGS84,300,CA,0
CBC2-8-15-2018-0,2018-08-15,CBC2,48.7467,-123.595,WSGS84,300,CA,0
CBC2-8-16-2022-0,2022-08-16,CBC2,48.7483,-123.595,WSGS84,300,CA,0
CBC2-8-2-2018-0,2018-08-02,CBC2,48.7467,-123.595,WSGS84,300,CA,0
CBC2-8-20-2019-0,2019-08-20,CBC2,48.7483,-123.595,WSGS84,300,CA,0
CBC2-8-22-2016-0,2016-08-22,CBC2,48.7483,-123.605,WSGS84,300,CA,0
CBC2-8-22-2017-0,2017-08-22,CBC2,48.7467,-123.595,WSGS84,300,CA,0
CBC2-8-22-2018-0,2018-08-22,CBC2,48.7467,-123.595,WSGS84,300,CA,0
CBC2-8-25-2020-0,2020-08-25,CBC2,48.7483,-123.595,WSGS84,300,CA,0
CBC2-8-29-2021-0,2021-08-29,CBC2,48.7484,-123.5953,WSGS84,300,CA,0
CBC2-8-6-2015-0,2015-08-06,CBC2,48.7483,-123.605,WSGS84,300,CA,0
CBC2-8-7-2017-0,2017-08-07,CBC2,48.7467,-123.595,WSGS84,300,CA,0
CBC2-8-7-2019-0,2019-08-07,CBC2,48.7483,-123.595,WSGS84,300,CA,0
CBC2-8-8-2021-0,2021-08-08,CBC2,48.7485,-123.5951,WSGS84,300,CA,0
CBC2-8-9-2016-0,2016-08-09,CBC2,48.7483,-123.605,WSGS84,300,CA,0
CBC2-9-16-2015-0,2015-09-16,CBC2,48.7483,-123.605,WSGS84,300,CA,0
CBC2-9-16-2019-0,2019-09-16,CBC2,48.7483,-123.595,WSGS84,300,CA,0
CBC2-9-18-2020-0,2020-09-18,CBC2,48.7483,-123.595,WSGS84,300,CA,0
CBC2-9-19-2021-0,2021-09-19,CBC2,48.7489,-123.595,WSGS84,300,CA,0
CBC2-9-21-2016-0,2016-09-21,CBC2,48.7469,-123.5954,WSGS84,300,CA,0
CBC2-9-24-2021-0,2021-09-24,CBC2,48.7484,-123.5952,WSGS84,300,CA,0
CBC2-9-26-2017-0,2017-09-26,CBC2,48.7483,-123.595,WSGS84,300,CA,0
CBC2-9-26-2018-0,2018-09-26,CBC2,48.7467,-123.595,WSGS84,300,CA,0
CBC2-9-7-2017-0,2017-09-07,CBC2,48.7467,-123.595,WSGS84,300,CA,0
CBC2-9-7-2018-0,2018-09-07,CBC2,48.7467,-123.595,WSGS84,300,CA,0
CBC2-9-8-2016-0,2016-09-08,CBC2,48.7464,-123.5951,WSGS84,300,CA,0
CBC3-1-27-2015-0,2015-01-27,CBC3,48.7533,-123.5917,WSGS84,300,CA,0
CBC3-10-17-2016-0,2016-10-17,CBC3,48.7536,-123.5918,WSGS84,300,CA,0
CBC3-10-17-2017-0,2017-10-17,CBC3,48.7533,-123.5917,WSGS84,300,CA,0
CBC3-2-19-2015-0,2015-02-19,CBC3,48.7533,-123.5917,WSGS84,300,CA,0
CBC3-3-12-2015-0,2015-03-12,CBC3,48.755,-123.605,WSGS84,300,CA,0
CBC3-3-21-2016-0,2016-03-21,CBC3,48.755,-123.605,WSGS84,300,CA,0
CBC3-3-21-2017-0,2017-03-21,CBC3,48.7533,-123.5917,WSGS84,300,CA,0
CBC3-3-26-2015-0,2015-03-26,CBC3,48.755,-123.605,WSGS84,300,CA,0
CBC3-3-26-2018-0,2018-03-26,CBC3,48.7533,-123.5917,WSGS84,300,CA,0
CBC3-3-3-2016-0,2016-03-03,CBC3,48.755,-123.605,WSGS84,300,CA,0
CBC3-3-3-2017-0,2017-03-03,CBC3,48.755,-123.5917,WSGS84,300,CA,0
CBC3-3-30-2016-0,2016-03-30,CBC3,48.755,-123.605,WSGS84,300,CA,0
CBC3-3-8-2017-0,2017-03-08,CBC3,48.7534,-123.5916,WSGS84,300,CA,0
CBC3-3-9-2018-0,2018-03-09,CBC3,48.7533,-123.5917,WSGS84,300,CA,0
CBC3-4-14-2017-0,2017-04-14,CBC3,48.7533,-123.5917,WSGS84,300,CA,0
CBC3-4-16-2015-0,2015-04-16,CBC3,48.755,-123.605,WSGS84,300,CA,0
CBC3-4-19-2016-0,2016-04-19,CBC3,48.755,-123.605,WSGS84,300,CA,0
CBC3-4-20-2018-0,2018-04-20,CBC3,48.7533,-123.5917,WSGS84,300,CA,0
CBC3-4-24-2017-0,2017-04-24,CBC3,48.755,-123.5917,WSGS84,300,CA,0
CBC3-4-25-2018-0,2018-04-25,CBC3,48.7533,-123.5917,WSGS84,300,CA,0
CBC3-4-27-2016-0,2016-04-27,CBC3,48.755,-123.605,WSGS84,300,CA,0
CBC3-4-3-2018-0,2018-04-03,CBC3,48.7533,-123.5917,WSGS84,300,CA,0
CBC3-4-4-2015-0,2015-04-04,CBC3,48.755,-123.605,WSGS84,300,CA,0
CBC3-4-6-2017-0,2017-04-06,CBC3,48.7536,-123.5917,WSGS84,300,CA,0
CBC3-5-10-2016-0,2016-05-10,CBC3,48.755,-123.605,WSGS84,300,CA,0
CBC3-5-11-2017-0,2017-05-11,CBC3,48.7533,-123.5917,WSGS84,300,CA,0
CBC3-5-17-2016-0,2016-05-17,CBC3,48.755,-123.605,WSGS84,300,CA,0
CBC3-5-19-2018-0,2018-05-19,CBC3,48.7533,-123.5917,WSGS84,300,CA,0
CBC3-5-23-2017-0,2017-05-23,CBC3,48.7533,-123.5917,WSGS84,300,CA,0
CBC3-5-24-2016-0,2016-05-24,CBC3,48.755,-123.605,WSGS84,300,CA,0
CBC3-5-26-2015-0,2015-05-26,CBC3,48.755,-123.605,WSGS84,300,CA,0
CBC3-5-30-2018-0,2018-05-30,CBC3,48.7533,-123.5917,WSGS84,300,CA,0
CBC3-5-5-2017-0,2017-05-05,CBC3,48.7533,-123.5917,WSGS84,300,CA,0
CBC3-5-9-2018-0,2018-05-09,CBC3,48.7533,-123.5917,WSGS84,300,CA,0
CBC3-6-12-2017-0,2017-06-12,CBC3,48.7533,-123.5917,WSGS84,300,CA,0
CBC3-6-15-2016-0,2016-06-15,CBC3,48.755,-123.5917,WSGS84,300,CA,0
CBC3-6-15-2018-0,2018-06-15,CBC3,48.7533,-123.5917,WSGS84,300,CA,0
CBC3-6-21-2018-0,2018-06-21,CBC3,48.7533,-123.5917,WSGS84,300,CA,0
CBC3-6-23-2017-0,2017-06-23,CBC3,48.7533,-123.5917,WSGS84,300,CA,0
CBC3-6-28-2016-0,2016-06-28,CBC3,48.7537,-123.5922,WSGS84,300,CA,0
CBC3-6-6-2018-0,2018-06-06,CBC3,48.7533,-123.5917,WSGS84,300,CA,0
CBC3-6-7-2016-0,2016-06-07,CBC3,48.7535,-123.592,WSGS84,300,CA,0
CBC3-6-7-2017-0,2017-06-07,CBC3,48.7533,-123.5917,WSGS84,300,CA,0
CBC3-7-12-2018-0,2018-07-12,CBC3,48.7533,-123.5917,WSGS84,300,CA,0
CBC3-7-16-2015-0,2015-07-16,CBC3,48.755,-123.605,WSGS84,300,CA,0
CBC3-7-18-2017-0,2017-07-18,CBC3,48.7533,-123.5917,WSGS84,300,CA,0
CBC3-7-20-2016-0,2016-07-20,CBC3,48.755,-123.5917,WSGS84,300,CA,0
CBC3-7-26-2016-0,2016-07-26,CBC3,48.755,-123.5917,WSGS84,300,CA,0
CBC3-7-26-2018-0,2018-07-26,CBC3,48.7533,-123.5917,WSGS84,300,CA,0
CBC3-7-3-2015-0,2015-07-03,CBC3,48.755,-123.6057,WSGS84,300,CA,0
CBC3-7-31-2017-0,2017-07-31,CBC3,48.7533,-123.5917,WSGS84,300,CA,0
CBC3-7-4-2018-0,2018-07-04,CBC3,48.7533,-123.5917,WSGS84,300,CA,0
CBC3-7-6-2016-0,2016-07-06,CBC3,48.7531,-123.5908,WSGS84,300,CA,0
CBC3-7-7-2017-0,2017-07-07,CBC3,48.755,-123.5917,WSGS84,300,CA,0
CBC3-8-15-2017-0,2017-08-15,CBC3,48.755,-123.5917,WSGS84,300,CA,0
CBC3-8-15-2018-0,2018-08-15,CBC3,48.7533,-123.5917,WSGS84,300,CA,0
CBC3-8-2-2018-0,2018-08-02,CBC3,48.7533,-123.5917,WSGS84,300,CA,0
CBC3-8-22-2016-0,2016-08-22,CBC3,48.755,-123.5917,WSGS84,300,CA,0
CBC3-8-22-2017-0,2017-08-22,CBC3,48.7533,-123.5917,WSGS84,300,CA,0
CBC3-8-22-2018-0,2018-08-22,CBC3,48.7533,-123.5917,WSGS84,300,CA,0
CBC3-8-6-2015-0,2015-08-06,CBC3,48.755,-123.605,WSGS84,300,CA,0
CBC3-8-7-2017-0,2017-08-07,CBC3,48.7533,-123.5917,WSGS84,300,CA,0
CBC3-8-9-2016-0,2016-08-09,CBC3,48.755,-123.5917,WSGS84,300,CA,0
CBC3-9-16-2015-0,2015-09-16,CBC3,48.755,-123.605,WSGS84,300,CA,0
CBC3-9-21-2016-0,2016-09-21,CBC3,48.7535,-123.5917,WSGS84,300,CA,0
CBC3-9-26-2017-0,2017-09-26,CBC3,48.755,-123.5917,WSGS84,300,CA,0
CBC3-9-26-2018-0,2018-09-26,CBC3,48.7533,-123.5917,WSGS84,300,CA,0
CBC3-9-7-2017-0,2017-09-07,CBC3,48.7533,-123.5917,WSGS84,300,CA,0
CBC3-9-7-2018-0,2018-09-07,CBC3,48.7533,-123.5917,WSGS84,300,CA,0
CBC3-9-8-2016-0,2016-09-08,CBC3,48.7534,-123.5915,WSGS84,300,CA,0
CBE1-1-27-2015-0,2015-01-27,CBE1,48.7317,-123.5783,WSGS84,300,CA,0
CBE1-10-17-2016-0,2016-10-17,CBE1,48.7324,-123.5782,WSGS84,300,CA,0
CBE1-10-17-2017-0,2017-10-17,CBE1,48.7317,-123.5783,WSGS84,300,CA,0
CBE1-2-19-2015-0,2015-02-19,CBE1,48.7317,-123.5783,WSGS84,300,CA,0
CBE1-3-12-2015-0,2015-03-12,CBE1,48.7325,-123.5791,WSGS84,300,CA,0
CBE1-3-19-2015-0,2015-03-19,CBE1,48.7321,-123.5783,WSGS84,300,CA,0
CBE1-3-21-2016-0,2016-03-21,CBE1,48.7315,-123.5787,WSGS84,300,CA,0
CBE1-3-21-2017-0,2017-03-21,CBE1,48.7325,-123.5783,WSGS84,300,CA,0
CBE1-3-26-2015-0,2015-03-26,CBE1,48.732,-123.5794,WSGS84,300,CA,0
CBE1-3-26-2018-0,2018-03-26,CBE1,48.7317,-123.5783,WSGS84,300,CA,0
CBE1-3-3-2016-0,2016-03-03,CBE1,48.7317,-123.5783,WSGS84,300,CA,0
CBE1-3-3-2017-0,2017-03-03,CBE1,48.7319,-123.5782,WSGS84,300,CA,0
CBE1-3-30-2016-0,2016-03-30,CBE1,48.7313,-123.5786,WSGS84,300,CA,0
CBE1-3-8-2017-0,2017-03-08,CBE1,48.7317,-123.5773,WSGS84,300,CA,0
CBE1-3-9-2018-0,2018-03-09,CBE1,48.7317,-123.5783,WSGS84,300,CA,0
CBE1-4-14-2017-0,2017-04-14,CBE1,48.7317,-123.5783,WSGS84,300,CA,0
CBE1-4-16-2015-0,2015-04-16,CBE1,48.7317,-123.5792,WSGS84,300,CA,0
CBE1-4-19-2016-0,2016-04-19,CBE1,48.7317,-123.5782,WSGS84,300,CA,0
CBE1-4-20-2018-0,2018-04-20,CBE1,48.7317,-123.5783,WSGS84,300,CA,0
CBE1-4-24-2017-0,2017-04-24,CBE1,48.732,-123.5783,WSGS84,300,CA,0
CBE1-4-25-2018-0,2018-04-25,CBE1,48.7317,-123.5783,WSGS84,300,CA,0
CBE1-4-27-2016-0,2016-04-27,CBE1,48.7317,-123.5783,WSGS84,300,CA,0
CBE1-4-3-2018-0,2018-04-03,CBE1,48.7317,-123.5783,WSGS84,300,CA,0
CBE1-4-4-2015-0,2015-04-04,CBE1,48.7317,-123.5783,WSGS84,300,CA,0
CBE1-4-6-2017-0,2017-04-06,CBE1,48.7322,-123.5787,WSGS84,300,CA,0
CBE1-5-10-2016-0,2016-05-10,CBE1,48.7317,-123.5783,WSGS84,300,CA,0
CBE1-5-11-2017-0,2017-05-11,CBE1,48.7317,-123.5783,WSGS84,300,CA,0
CBE1-5-17-2016-0,2016-05-17,CBE1,48.7317,-123.5783,WSGS84,300,CA,0
CBE1-5-19-2018-0,2018-05-19,CBE1,48.7317,-123.5783,WSGS84,300,CA,0
CBE1-5-23-2017-0,2017-05-23,CBE1,48.7317,-123.5783,WSGS84,300,CA,0
CBE1-5-24-2016-0,2016-05-24,CBE1,48.7317,-123.5783,WSGS84,300,CA,0
CBE1-5-26-2015-0,2015-05-26,CBE1,48.7317,-123.5785,WSGS84,300,CA,0
CBE1-5-30-2018-0,2018-05-30,CBE1,48.7317,-123.5783,WSGS84,300,CA,0
CBE1-5-5-2017-0,2017-05-05,CBE1,48.7317,-123.5783,WSGS84,300,CA,0
CBE1-5-9-2018-0,2018-05-09,CBE1,48.7317,-123.5783,WSGS84,300,CA,0
CBE1-6-12-2017-0,2017-06-12,CBE1,48.7317,-123.5783,WSGS84,300,CA,0
CBE1-6-15-2016-0,2016-06-15,CBE1,48.7317,-123.5783,WSGS84,300,CA,0
CBE1-6-15-2018-0,2018-06-15,CBE1,48.7317,-123.5783,WSGS84,300,CA,0
CBE1-6-21-2018-0,2018-06-21,CBE1,48.7317,-123.5783,WSGS84,300,CA,0
CBE1-6-23-2017-0,2017-06-23,CBE1,48.7317,-123.5783,WSGS84,300,CA,0
CBE1-6-28-2016-0,2016-06-28,CBE1,48.7321,-123.5787,WSGS84,300,CA,0
CBE1-6-6-2018-0,2018-06-06,CBE1,48.7317,-123.5783,WSGS84,300,CA,0
CBE1-6-7-2016-0,2016-06-07,CBE1,48.7322,-123.5786,WSGS84,300,CA,0
CBE1-6-7-2017-0,2017-06-07,CBE1,48.7317,-123.5783,WSGS84,300,CA,0
CBE1-7-12-2018-0,2018-07-12,CBE1,48.7317,-123.5783,WSGS84,300,CA,0
CBE1-7-16-2015-0,2015-07-16,CBE1,48.732,-123.5786,WSGS84,300,CA,0
CBE1-7-18-2017-0,2017-07-18,CBE1,48.7317,-123.5783,WSGS84,300,CA,0
CBE1-7-20-2016-0,2016-07-20,CBE1,48.7323,-123.5779,WSGS84,300,CA,0
CBE1-7-26-2016-0,2016-07-26,CBE1,48.7317,-123.5783,WSGS84,300,CA,0
CBE1-7-26-2018-0,2018-07-26,CBE1,48.7317,-123.5783,WSGS84,300,CA,0
CBE1-7-3-2015-0,2015-07-03,CBE1,48.7322,-123.5794,WSGS84,300,CA,0
CBE1-7-31-2017-0,2017-07-31,CBE1,48.7317,-123.5783,WSGS84,300,CA,0
CBE1-7-4-2018-0,2018-07-04,CBE1,48.7317,-123.5783,WSGS84,300,CA,0
CBE1-7-6-2016-0,2016-07-06,CBE1,48.7324,-123.5785,WSGS84,300,CA,0
CBE1-7-7-2017-0,2017-07-07,CBE1,48.7317,-123.5783,WSGS84,300,CA,0
CBE1-8-15-2017-0,2017-08-15,CBE1,48.7317,-123.5783,WSGS84,300,CA,0
CBE1-8-15-2018-0,2018-08-15,CBE1,48.7317,-123.5783,WSGS84,300,CA,0
CBE1-8-2-2018-0,2018-08-02,CBE1,48.7317,-123.5783,WSGS84,300,CA,0
CBE1-8-22-2016-0,2016-08-22,CBE1,48.7317,-123.5783,WSGS84,300,CA,0
CBE1-8-22-2017-0,2017-08-22,CBE1,48.7317,-123.5783,WSGS84,300,CA,0
CBE1-8-22-2018-0,2018-08-22,CBE1,48.7317,-123.5783,WSGS84,300,CA,0
CBE1-8-6-2015-0,2015-08-06,CBE1,48.7325,-123.579,WSGS84,300,CA,0
CBE1-8-7-2017-0,2017-08-07,CBE1,48.7317,-123.5783,WSGS84,300,CA,0
CBE1-8-9-2016-0,2016-08-09,CBE1,48.7317,-123.5783,WSGS84,300,CA,0
CBE1-9-16-2015-0,2015-09-16,CBE1,48.732,-123.5789,WSGS84,300,CA,0
CBE1-9-21-2016-0,2016-09-21,CBE1,48.7321,-123.5784,WSGS84,300,CA,0
CBE1-9-26-2017-0,2017-09-26,CBE1,48.7317,-123.5783,WSGS84,300,CA,0
CBE1-9-26-2018-0,2018-09-26,CBE1,48.7317,-123.5783,WSGS84,300,CA,0
CBE1-9-7-2017-0,2017-09-07,CBE1,48.7317,-123.5783,WSGS84,300,CA,0
CBE1-9-7-2018-0,2018-09-07,CBE1,48.7317,-123.5783,WSGS84,300,CA,0
CBE1-9-8-2016-0,2016-09-08,CBE1,48.7319,-123.5778,WSGS84,300,CA,0
CBE2-1-15-2021-0,2021-01-15,CBE2,48.7367,-123.5717,WSGS84,300,CA,0
CBE2-1-16-2022-0,2022-01-16,CBE2,48.7367,-123.5717,WSGS84,300,CA,0
CBE2-1-16-2022-10,2022-01-16,CBE2,48.7367,-123.5717,WSGS84,300,CA,10
CBE2-1-16-2022-20,2022-01-16,CBE2,48.7367,-123.5717,WSGS84,300,CA,20
CBE2-1-16-2022-5,2022-01-16,CBE2,48.7367,-123.5717,WSGS84,300,CA,5
CBE2-1-27-2015-0,2015-01-27,CBE2,48.7367,-123.5733,WSGS84,300,CA,0
CBE2-10-11-2019-0,2019-10-11,CBE2,48.7367,-123.5717,WSGS84,300,CA,0
CBE2-10-11-2019-10,2019-10-11,CBE2,48.7367,-123.5717,WSGS84,300,CA,10
CBE2-10-11-2019-20,2019-10-11,CBE2,48.7367,-123.5717,WSGS84,300,CA,20
CBE2-10-11-2019-5,2019-10-11,CBE2,48.7367,-123.5717,WSGS84,300,CA,5
CBE2-10-17-2016-0,2016-10-17,CBE2,48.7374,-123.5739,WSGS84,300,CA,0
CBE2-10-17-2016-10,2016-10-17,CBE2,48.7374,-123.5739,WSGS84,300,CA,10
CBE2-10-17-2016-5,2016-10-17,CBE2,48.7374,-123.5739,WSGS84,300,CA,5
CBE2-10-17-2017-0,2017-10-17,CBE2,48.7367,-123.5733,WSGS84,300,CA,0
CBE2-10-17-2017-10,2017-10-17,CBE2,48.7367,-123.5733,WSGS84,300,CA,10
CBE2-10-17-2017-20,2017-10-17,CBE2,48.7367,-123.5733,WSGS84,300,CA,20
CBE2-10-17-2017-5,2017-10-17,CBE2,48.7367,-123.5733,WSGS84,300,CA,5
CBE2-10-19-2021-0,2021-10-19,CBE2,48.7365,-123.572,WSGS84,300,CA,0
CBE2-10-19-2021-10,2021-10-19,CBE2,48.7365,-123.572,WSGS84,300,CA,10
CBE2-10-19-2021-20,2021-10-19,CBE2,48.7365,-123.572,WSGS84,300,CA,20
CBE2-10-19-2021-5,2021-10-19,CBE2,48.7365,-123.572,WSGS84,300,CA,5
CBE2-10-2-2020-0,2020-10-02,CBE2,48.7367,-123.5717,WSGS84,300,CA,0
CBE2-10-2-2020-10,2020-10-02,CBE2,48.7367,-123.5717,WSGS84,300,CA,10
CBE2-10-2-2020-20,2020-10-02,CBE2,48.7367,-123.5717,WSGS84,300,CA,20
CBE2-10-2-2020-5,2020-10-02,CBE2,48.7367,-123.5717,WSGS84,300,CA,5
CBE2-10-9-2022-0,2022-10-09,CBE2,48.7367,-123.5717,WSGS84,300,CA,0
CBE2-10-9-2022-10,2022-10-09,CBE2,48.7367,-123.5717,WSGS84,300,CA,10
CBE2-10-9-2022-20,2022-10-09,CBE2,48.7367,-123.5717,WSGS84,300,CA,20
CBE2-10-9-2022-5,2022-10-09,CBE2,48.7367,-123.5717,WSGS84,300,CA,5
CBE2-12-7-2020-0,2020-12-07,CBE2,48.7367,-123.5717,WSGS84,300,CA,0
CBE2-12-7-2020-10,2020-12-07,CBE2,48.7367,-123.5717,WSGS84,300,CA,10
CBE2-12-7-2020-20,2020-12-07,CBE2,48.7367,-123.5717,WSGS84,300,CA,20
CBE2-12-7-2020-5,2020-12-07,CBE2,48.7367,-123.5717,WSGS84,300,CA,5
CBE2-2-19-2015-0,2015-02-19,CBE2,48.7379,-123.5739,WSGS84,300,CA,0
CBE2-2-22-2021-0,2021-02-22,CBE2,48.7358,-123.5696,WSGS84,300,CA,0
CBE2-2-22-2021-10,2021-02-22,CBE2,48.7364,-123.571,WSGS84,300,CA,10
CBE2-2-22-2021-20,2021-02-22,CBE2,48.7358,-123.5696,WSGS84,300,CA,20
CBE2-2-22-2021-5,2021-02-22,CBE2,48.7364,-123.571,WSGS84,300,CA,5
CBE2-2-23-2022-0,2022-02-23,CBE2,48.7367,-123.5717,WSGS84,300,CA,0
CBE2-2-23-2022-10,2022-02-23,CBE2,48.7367,-123.5717,WSGS84,300,CA,10
CBE2-2-23-2022-20,2022-02-23,CBE2,48.7367,-123.5717,WSGS84,300,CA,20
CBE2-2-23-2022-5,2022-02-23,CBE2,48.7367,-123.5717,WSGS84,300,CA,5
CBE2-3-1-2023-0,2023-03-01,CBE2,48.7367,-123.5717,WSGS84,300,CA,0
CBE2-3-1-2023-10,2023-03-01,CBE2,48.7367,-123.5717,WSGS84,300,CA,10
CBE2-3-1-2023-20,2023-03-01,CBE2,48.7367,-123.5717,WSGS84,300,CA,20
CBE2-3-1-2023-5,2023-03-01,CBE2,48.7367,-123.5717,WSGS84,300,CA,5
CBE2-3-10-2022-0,2022-03-10,CBE2,48.7367,-123.5717,WSGS84,300,CA,0
CBE2-3-10-2022-10,2022-03-10,CBE2,48.7367,-123.5717,WSGS84,300,CA,10
CBE2-3-10-2022-20,2022-03-10,CBE2,48.7367,-123.5717,WSGS84,300,CA,20
CBE2-3-10-2022-5,2022-03-10,CBE2,48.7367,-123.5717,WSGS84,300,CA,5
CBE2-3-12-2015-0,2015-03-12,CBE2,48.7363,-123.5728,WSGS84,300,CA,0
CBE2-3-13-2023-0,2023-03-13,CBE2,48.7367,-123.5717,WSGS84,300,CA,0
CBE2-3-13-2023-10,2023-03-13,CBE2,48.7367,-123.5717,WSGS84,300,CA,10
CBE2-3-13-2023-20,2023-03-13,CBE2,48.7367,-123.5717,WSGS84,300,CA,20
CBE2-3-13-2023-5,2023-03-13,CBE2,48.7367,-123.5717,WSGS84,300,CA,5
CBE2-3-15-2021-0,2021-03-15,CBE2,48.7354,-123.5691,WSGS84,300,CA,0
CBE2-3-15-2021-10,2021-03-15,CBE2,48.7354,-123.5691,WSGS84,300,CA,10
CBE2-3-15-2021-20,2021-03-15,CBE2,48.7354,-123.5691,WSGS84,300,CA,20
CBE2-3-15-2021-5,2021-03-15,CBE2,48.7354,-123.5691,WSGS84,300,CA,5
CBE2-3-18-2022-0,2022-03-18,CBE2,48.7367,-123.5717,WSGS84,300,CA,0
CBE2-3-18-2022-10,2022-03-18,CBE2,48.7367,-123.5717,WSGS84,300,CA,10
CBE2-3-18-2022-20,2022-03-18,CBE2,48.7367,-123.5717,WSGS84,300,CA,20
CBE2-3-18-2022-5,2022-03-18,CBE2,48.7367,-123.5717,WSGS84,300,CA,5
CBE2-3-19-2015-0,2015-03-19,CBE2,48.737,-123.5742,WSGS84,300,CA,0
CBE2-3-2-2020-0,2020-03-02,CBE2,48.7367,-123.5717,WSGS84,300,CA,0
CBE2-3-2-2020-10,2020-03-02,CBE2,48.7367,-123.5717,WSGS84,300,CA,10
CBE2-3-2-2020-20,2020-03-02,CBE2,48.7367,-123.5717,WSGS84,300,CA,20
CBE2-3-2-2020-5,2020-03-02,CBE2,48.7367,-123.5717,WSGS84,300,CA,5
CBE2-3-21-2016-0,2016-03-21,CBE2,48.7376,-123.5733,WSGS84,300,CA,0
CBE2-3-21-2016-10,2016-03-21,CBE2,48.7376,-123.5733,WSGS84,300,CA,10
CBE2-3-21-2016-5,2016-03-21,CBE2,48.7376,-123.5733,WSGS84,300,CA,5
CBE2-3-21-2017-0,2017-03-21,CBE2,48.7367,-123.5733,WSGS84,300,CA,0
CBE2-3-21-2017-10,2017-03-21,CBE2,48.7367,-123.5733,WSGS84,300,CA,10
CBE2-3-21-2017-20,2017-03-21,CBE2,48.7367,-123.5733,WSGS84,300,CA,20
CBE2-3-21-2017-5,2017-03-21,CBE2,48.7367,-123.5733,WSGS84,300,CA,5
CBE2-3-22-2021-0,2021-03-22,CBE2,48.7359,-123.5669,WSGS84,300,CA,0
CBE2-3-22-2021-10,2021-03-22,CBE2,48.7359,-123.5669,WSGS84,300,CA,10
CBE2-3-22-2021-20,2021-03-22,CBE2,48.7359,-123.5669,WSGS84,300,CA,20
CBE2-3-22-2021-5,2021-03-22,CBE2,48.7359,-123.5669,WSGS84,300,CA,5
CBE2-3-24-2022-0,2022-03-24,CBE2,48.7367,-123.5717,WSGS84,300,CA,0
CBE2-3-24-2022-10,2022-03-24,CBE2,48.7367,-123.5717,WSGS84,300,CA,10
CBE2-3-24-2022-20,2022-03-24,CBE2,48.7367,-123.5717,WSGS84,300,CA,20
CBE2-3-24-2022-5,2022-03-24,CBE2,48.7367,-123.5717,WSGS84,300,CA,5
CBE2-3-26-2015-0,2015-03-26,CBE2,48.7376,-123.5738,WSGS84,300,CA,0
CBE2-3-26-2018-0,2018-03-26,CBE2,48.7367,-123.5733,WSGS84,300,CA,0
CBE2-3-26-2018-10,2018-03-26,CBE2,48.7367,-123.5733,WSGS84,300,CA,10
CBE2-3-26-2018-20,2018-03-26,CBE2,48.7367,-123.5733,WSGS84,300,CA,20
CBE2-3-26-2018-5,2018-03-26,CBE2,48.7367,-123.5733,WSGS84,300,CA,5
CBE2-3-3-2016-0,2016-03-03,CBE2,48.7367,-123.5717,WSGS84,300,CA,0
CBE2-3-3-2016-5,2016-03-03,CBE2,48.7367,-123.5717,WSGS84,300,CA,5
CBE2-3-3-2017-0,2017-03-03,CBE2,48.7369,-123.5736,WSGS84,300,CA,0
CBE2-3-3-2017-10,2017-03-03,CBE2,48.7367,-123.5717,WSGS84,300,CA,10
CBE2-3-3-2017-20,2017-03-03,CBE2,48.7367,-123.5717,WSGS84,300,CA,20
CBE2-3-3-2017-5,2017-03-03,CBE2,48.7367,-123.5717,WSGS84,300,CA,5
CBE2-3-30-2016-0,2016-03-30,CBE2,48.7375,-123.5737,WSGS84,300,CA,0
CBE2-3-30-2016-10,2016-03-30,CBE2,48.7375,-123.5737,WSGS84,300,CA,10
CBE2-3-30-2016-20,2016-03-30,CBE2,48.7375,-123.5737,WSGS84,300,CA,20
CBE2-3-30-2016-5,2016-03-30,CBE2,48.7375,-123.5737,WSGS84,300,CA,5
CBE2-3-30-2021-0,2021-03-30,CBE2,48.7368,-123.5709,WSGS84,300,CA,0
CBE2-3-30-2021-10,2021-03-30,CBE2,48.7368,-123.5709,WSGS84,300,CA,10
CBE2-3-30-2021-20,2021-03-30,CBE2,48.7368,-123.5709,WSGS84,300,CA,20
CBE2-3-30-2021-5,2021-03-30,CBE2,48.7368,-123.5709,WSGS84,300,CA,5
CBE2-3-31-2020-0,2020-03-31,CBE2,48.7367,-123.5717,WSGS84,300,CA,0
CBE2-3-31-2020-10,2020-03-31,CBE2,48.7367,-123.5717,WSGS84,300,CA,10
CBE2-3-31-2020-20,2020-03-31,CBE2,48.7367,-123.5717,WSGS84,300,CA,20
CBE2-3-31-2020-5,2020-03-31,CBE2,48.7367,-123.5717,WSGS84,300,CA,5
CBE2-3-6-2023-0,2023-03-06,CBE2,48.7367,-123.5717,WSGS84,300,CA,0
CBE2-3-6-2023-10,2023-03-06,CBE2,48.7367,-123.5717,WSGS84,300,CA,10
CBE2-3-6-2023-20,2023-03-06,CBE2,48.7367,-123.5717,WSGS84,300,CA,20
CBE2-3-6-2023-5,2023-03-06,CBE2,48.7367,-123.5717,WSGS84,300,CA,5
CBE2-3-8-2017-0,2017-03-08,CBE2,48.7372,-123.5743,WSGS84,300,CA,0
CBE2-3-8-2017-10,2017-03-08,CBE2,48.7367,-123.5717,WSGS84,300,CA,10
CBE2-3-8-2017-20,2017-03-08,CBE2,48.7367,-123.5717,WSGS84,300,CA,20
CBE2-3-8-2017-5,2017-03-08,CBE2,48.7367,-123.5717,WSGS84,300,CA,5
CBE2-3-9-2018-0,2018-03-09,CBE2,48.7367,-123.5733,WSGS84,300,CA,0
CBE2-3-9-2018-10,2018-03-09,CBE2,48.7367,-123.5733,WSGS84,300,CA,10
CBE2-3-9-2018-20,2018-03-09,CBE2,48.7367,-123.5733,WSGS84,300,CA,20
CBE2-3-9-2018-5,2018-03-09,CBE2,48.7367,-123.5733,WSGS84,300,CA,5
CBE2-4-1-2022-0,2022-04-01,CBE2,48.7367,-123.5717,WSGS84,300,CA,0
CBE2-4-1-2022-10,2022-04-01,CBE2,48.7367,-123.5717,WSGS84,300,CA,10
CBE2-4-1-2022-20,2022-04-01,CBE2,48.7367,-123.5717,WSGS84,300,CA,20
CBE2-4-1-2022-5,2022-04-01,CBE2,48.7367,-123.5717,WSGS84,300,CA,5
CBE2-4-10-2022-0,2022-04-10,CBE2,48.7367,-123.5717,WSGS84,300,CA,0
CBE2-4-10-2022-10,2022-04-10,CBE2,48.7367,-123.5717,WSGS84,300,CA,10
CBE2-4-10-2022-20,2022-04-10,CBE2,48.7367,-123.5717,WSGS84,300,CA,20
CBE2-4-10-2022-5,2022-04-10,CBE2,48.7367,-123.5717,WSGS84,300,CA,5
CBE2-4-11-2021-0,2021-04-11,CBE2,48.7367,-123.5716,WSGS84,300,CA,0
CBE2-4-11-2021-10,2021-04-11,CBE2,48.7367,-123.5716,WSGS84,300,CA,10
CBE2-4-11-2021-20,2021-04-11,CBE2,48.7367,-123.5716,WSGS84,300,CA,20
CBE2-4-11-2021-5,2021-04-11,CBE2,48.7367,-123.5716,WSGS84,300,CA,5
CBE2-4-14-2017-0,2017-04-14,CBE2,48.7367,-123.5733,WSGS84,300,CA,0
CBE2-4-14-2017-10,2017-04-14,CBE2,48.7367,-123.5733,WSGS84,300,CA,10
CBE2-4-14-2017-20,2017-04-14,CBE2,48.7367,-123.5733,WSGS84,300,CA,20
CBE2-4-14-2017-5,2017-04-14,CBE2,48.7367,-123.5733,WSGS84,300,CA,5
CBE2-4-14-2023-0,2023-04-14,CBE2,48.7367,-123.5717,WSGS84,300,CA,0
CBE2-4-14-2023-10,2023-04-14,CBE2,48.7367,-123.5717,WSGS84,300,CA,10
CBE2-4-14-2023-20,2023-04-14,CBE2,48.7367,-123.5717,WSGS84,300,CA,20
CBE2-4-14-2023-5,2023-04-14,CBE2,48.7367,-123.5717,WSGS84,300,CA,5
CBE2-4-16-2015-0,2015-04-16,CBE2,48.7367,-123.5717,WSGS84,300,CA,0
CBE2-4-16-2022-0,2022-04-16,CBE2,48.7367,-123.5717,WSGS84,300,CA,0
CBE2-4-16-2022-10,2022-04-16,CBE2,48.7367,-123.5717,WSGS84,300,CA,10
CBE2-4-16-2022-20,2022-04-16,CBE2,48.7367,-123.5717,WSGS84,300,CA,20
CBE2-4-16-2022-5,2022-04-16,CBE2,48.7367,-123.5717,WSGS84,300,CA,5
CBE2-4-18-2019-0,2019-04-18,CBE2,48.7367,-123.5717,WSGS84,300,CA,0
CBE2-4-18-2019-10,2019-04-18,CBE2,48.7367,-123.5717,WSGS84,300,CA,10
CBE2-4-18-2019-20,2019-04-18,CBE2,48.7367,-123.5717,WSGS84,300,CA,20
CBE2-4-18-2019-5,2019-04-18,CBE2,48.7367,-123.5717,WSGS84,300,CA,5
CBE2-4-19-2016-0,2016-04-19,CBE2,48.7373,-123.574,WSGS84,300,CA,0
CBE2-4-19-2016-10,2016-04-19,CBE2,48.7373,-123.574,WSGS84,300,CA,10
CBE2-4-19-2016-20,2016-04-19,CBE2,48.7373,-123.574,WSGS84,300,CA,20
CBE2-4-19-2016-5,2016-04-19,CBE2,48.7373,-123.574,WSGS84,300,CA,5
CBE2-4-19-2021-0,2021-04-19,CBE2,48.7368,-123.5713,WSGS84,300,CA,0
CBE2-4-19-2021-10,2021-04-19,CBE2,48.7368,-123.5713,WSGS84,300,CA,10
CBE2-4-19-2021-20,2021-04-19,CBE2,48.7368,-123.5713,WSGS84,300,CA,20
CBE2-4-19-2021-5,2021-04-19,CBE2,48.7368,-123.5713,WSGS84,300,CA,5
CBE2-4-20-2018-0,2018-04-20,CBE2,48.7367,-123.5733,WSGS84,300,CA,0
CBE2-4-20-2018-10,2018-04-20,CBE2,48.7367,-123.5717,WSGS84,300,CA,10
CBE2-4-20-2018-20,2018-04-20,CBE2,48.7367,-123.5717,WSGS84,300,CA,20
CBE2-4-20-2018-5,2018-04-20,CBE2,48.7367,-123.5717,WSGS84,300,CA,5
CBE2-4-24-2017-0,2017-04-24,CBE2,48.7367,-123.5733,WSGS84,300,CA,0
CBE2-4-24-2020-0,2020-04-24,CBE2,48.7367,-123.5717,WSGS84,300,CA,0
CBE2-4-24-2020-10,2020-04-24,CBE2,48.7367,-123.5717,WSGS84,300,CA,10
CBE2-4-24-2020-20,2020-04-24,CBE2,48.7367,-123.5717,WSGS84,300,CA,20
CBE2-4-24-2020-5,2020-04-24,CBE2,48.7367,-123.5717,WSGS84,300,CA,5
CBE2-4-24-2022-0,2022-04-24,CBE2,48.7367,-123.5717,WSGS84,300,CA,0
CBE2-4-24-2022-10,2022-04-24,CBE2,48.7367,-123.5717,WSGS84,300,CA,10
CBE2-4-24-2022-20,2022-04-24,CBE2,48.7367,-123.5717,WSGS84,300,CA,20
CBE2-4-24-2022-5,2022-04-24,CBE2,48.7367,-123.5717,WSGS84,300,CA,5
CBE2-4-25-2018-0,2018-04-25,CBE2,48.7367,-123.5733,WSGS84,300,CA,0
CBE2-4-25-2018-10,2018-04-25,CBE2,48.7367,-123.5717,WSGS84,300,CA,10
CBE2-4-25-2018-20,2018-04-25,CBE2,48.7367,-123.5717,WSGS84,300,CA,20
CBE2-4-25-2018-5,2018-04-25,CBE2,48.7367,-123.5717,WSGS84,300,CA,5
CBE2-4-25-2019-0,2019-04-25,CBE2,48.7367,-123.5717,WSGS84,300,CA,0
CBE2-4-25-2019-10,2019-04-25,CBE2,48.7367,-123.5717,WSGS84,300,CA,10
CBE2-4-25-2019-20,2019-04-25,CBE2,48.7367,-123.5717,WSGS84,300,CA,20
CBE2-4-25-2019-5,2019-04-25,CBE2,48.7367,-123.5717,WSGS84,300,CA,5
CBE2-4-28-2023-0,2023-04-28,CBE2,48.7367,-123.5717,WSGS84,300,CA,0
CBE2-4-28-2023-10,2023-04-28,CBE2,48.7367,-123.5717,WSGS84,300,CA,10
CBE2-4-28-2023-20,2023-04-28,CBE2,48.7367,-123.5717,WSGS84,300,CA,20
CBE2-4-28-2023-5,2023-04-28,CBE2,48.7367,-123.5717,WSGS84,300,CA,5
CBE2-4-3-2018-10,2018-04-03,CBE2,48.7367,-123.5733,WSGS84,300,CA,10
CBE2-4-3-2018-20,2018-04-03,CBE2,48.7367,-123.5733,WSGS84,300,CA,20
CBE2-4-3-2018-5,2018-04-03,CBE2,48.7367,-123.5733,WSGS84,300,CA,5
CBE2-4-30-2020-0,2020-04-30,CBE2,48.7367,-123.5717,WSGS84,300,CA,0
CBE2-4-30-2020-10,2020-04-30,CBE2,48.7367,-123.5717,WSGS84,300,CA,10
CBE2-4-30-2020-20,2020-04-30,CBE2,48.7367,-123.5717,WSGS84,300,CA,20
CBE2-4-30-2020-5,2020-04-30,CBE2,48.7367,-123.5717,WSGS84,300,CA,5
CBE2-4-4-2015-0,2015-04-04,CBE2,48.7367,-123.5717,WSGS84,300,CA,0
CBE2-4-5-2021-0,2021-04-05,CBE2,48.7368,-123.5714,WSGS84,300,CA,0
CBE2-4-5-2021-10,2021-04-05,CBE2,48.7368,-123.5714,WSGS84,300,CA,10
CBE2-4-5-2021-20,2021-04-05,CBE2,48.7368,-123.5714,WSGS84,300,CA,20
CBE2-4-5-2021-5,2021-04-05,CBE2,48.7368,-123.5714,WSGS84,300,CA,5
CBE2-4-6-2017-0,2017-04-06,CBE2,48.7375,-123.574,WSGS84,300,CA,0
CBE2-5-10-2016-0,2016-05-10,CBE2,48.7367,-123.5717,WSGS84,300,CA,0
CBE2-5-10-2016-10,2016-05-10,CBE2,48.7367,-123.5717,WSGS84,300,CA,10
CBE2-5-10-2016-20,2016-05-10,CBE2,48.7367,-123.5717,WSGS84,300,CA,20
CBE2-5-10-2016-5,2016-05-10,CBE2,48.7367,-123.5717,WSGS84,300,CA,5
CBE2-5-11-2015-0,2015-05-11,CBE2,48.7369,-123.5732,WSGS84,300,CA,0
CBE2-5-11-2017-0,2017-05-11,CBE2,48.7367,-123.5733,WSGS84,300,CA,0
CBE2-5-11-2017-10,2017-05-11,CBE2,48.7367,-123.5733,WSGS84,300,CA,10
CBE2-5-11-2017-20,2017-05-11,CBE2,48.7367,-123.5733,WSGS84,300,CA,20
CBE2-5-11-2017-5,2017-05-11,CBE2,48.7367,-123.5733,WSGS84,300,CA,5
CBE2-5-13-2020-0,2020-05-13,CBE2,48.7367,-123.5717,WSGS84,300,CA,0
CBE2-5-13-2020-10,2020-05-13,CBE2,48.7367,-123.5717,WSGS84,300,CA,10
CBE2-5-13-2020-20,2020-05-13,CBE2,48.7367,-123.5717,WSGS84,300,CA,20
CBE2-5-13-2020-5,2020-05-13,CBE2,48.7367,-123.5717,WSGS84,300,CA,5
CBE2-5-17-2016-10,2016-05-17,CBE2,48.7367,-123.5717,WSGS84,300,CA,10
CBE2-5-17-2016-20,2016-05-17,CBE2,48.7367,-123.5717,WSGS84,300,CA,20
CBE2-5-17-2016-5,2016-05-17,CBE2,48.7367,-123.5717,WSGS84,300,CA,5
CBE2-5-19-2015-0,2015-05-19,CBE2,48.737,-123.5745,WSGS84,300,CA,0
CBE2-5-19-2018-0,2018-05-19,CBE2,48.7367,-123.5733,WSGS84,300,CA,0
CBE2-5-19-2018-10,2018-05-19,CBE2,48.7367,-123.5733,WSGS84,300,CA,10
CBE2-5-19-2018-20,2018-05-19,CBE2,48.7367,-123.5733,WSGS84,300,CA,20
CBE2-5-19-2018-5,2018-05-19,CBE2,48.7367,-123.5733,WSGS84,300,CA,5
CBE2-5-20-2021-0,2021-05-20,CBE2,48.7367,-123.5717,WSGS84,300,CA,0
CBE2-5-20-2021-10,2021-05-20,CBE2,48.7367,-123.5717,WSGS84,300,CA,10
CBE2-5-20-2021-20,2021-05-20,CBE2,48.7367,-123.5717,WSGS84,300,CA,20
CBE2-5-20-2021-5,2021-05-20,CBE2,48.7367,-123.5717,WSGS84,300,CA,5
CBE2-5-20-2022-0,2022-05-20,CBE2,48.7367,-123.5717,WSGS84,300,CA,0
CBE2-5-20-2022-10,2022-05-20,CBE2,48.7367,-123.5717,WSGS84,300,CA,10
CBE2-5-20-2022-20,2022-05-20,CBE2,48.7367,-123.5717,WSGS84,300,CA,20
CBE2-5-20-2022-5,2022-05-20,CBE2,48.7367,-123.5717,WSGS84,300,CA,5
CBE2-5-21-2019-0,2019-05-21,CBE2,48.7367,-123.5717,WSGS84,300,CA,0
CBE2-5-21-2019-10,2019-05-21,CBE2,48.7367,-123.5717,WSGS84,300,CA,10
CBE2-5-21-2019-20,2019-05-21,CBE2,48.7367,-123.5717,WSGS84,300,CA,20
CBE2-5-21-2019-5,2019-05-21,CBE2,48.7367,-123.5717,WSGS84,300,CA,5
CBE2-5-23-2017-0,2017-05-23,CBE2,48.7367,-123.5733,WSGS84,300,CA,0
CBE2-5-23-2017-5,2017-05-23,CBE2,48.7367,-123.5733,WSGS84,300,CA,5
CBE2-5-24-2016-0,2016-05-24,CBE2,48.7367,-123.5717,WSGS84,300,CA,0
CBE2-5-24-2016-10,2016-05-24,CBE2,48.7367,-123.5717,WSGS84,300,CA,10
CBE2-5-24-2016-20,2016-05-24,CBE2,48.7367,-123.5717,WSGS84,300,CA,20
CBE2-5-24-2016-5,2016-05-24,CBE2,48.7367,-123.5717,WSGS84,300,CA,5
CBE2-5-26-2015-0,2015-05-26,CBE2,48.7372,-123.5744,WSGS84,300,CA,0
CBE2-5-26-2015-10,2015-05-26,CBE2,48.7372,-123.5744,WSGS84,300,CA,10
CBE2-5-26-2015-20,2015-05-26,CBE2,48.7372,-123.5744,WSGS84,300,CA,20
CBE2-5-26-2015-5,2015-05-26,CBE2,48.7372,-123.5744,WSGS84,300,CA,5
CBE2-5-30-2018-0,2018-05-30,CBE2,48.7367,-123.5733,WSGS84,300,CA,0
CBE2-5-30-2018-10,2018-05-30,CBE2,48.7367,-123.5733,WSGS84,300,CA,10
CBE2-5-30-2018-20,2018-05-30,CBE2,48.7367,-123.5733,WSGS84,300,CA,20
CBE2-5-30-2018-5,2018-05-30,CBE2,48.7367,-123.5733,WSGS84,300,CA,5
CBE2-5-5-2017-0,2017-05-05,CBE2,48.7367,-123.5733,WSGS84,300,CA,0
CBE2-5-7-2019-0,2019-05-07,CBE2,48.7367,-123.5717,WSGS84,300,CA,0
CBE2-5-7-2019-10,2019-05-07,CBE2,48.7367,-123.5717,WSGS84,300,CA,10
CBE2-5-7-2019-20,2019-05-07,CBE2,48.7367,-123.5717,WSGS84,300,CA,20
CBE2-5-7-2019-5,2019-05-07,CBE2,48.7367,-123.5717,WSGS84,300,CA,5
CBE2-5-7-2020-0,2020-05-07,CBE2,48.7367,-123.5717,WSGS84,300,CA,0
CBE2-5-7-2020-10,2020-05-07,CBE2,48.7367,-123.5717,WSGS84,300,CA,10
CBE2-5-7-2020-20,2020-05-07,CBE2,48.7367,-123.5717,WSGS84,300,CA,20
CBE2-5-7-2020-5,2020-05-07,CBE2,48.7367,-123.5717,WSGS84,300,CA,5
CBE2-5-9-2018-0,2018-05-09,CBE2,48.7367,-123.5733,WSGS84,300,CA,0
CBE2-5-9-2018-10,2018-05-09,CBE2,48.7367,-123.5733,WSGS84,300,CA,10
CBE2-5-9-2018-20,2018-05-09,CBE2,48.7367,-123.5733,WSGS84,300,CA,20
CBE2-5-9-2018-5,2018-05-09,CBE2,48.7367,-123.5733,WSGS84,300,CA,5
CBE2-5-9-2021-0,2021-05-09,CBE2,48.7367,-123.5716,WSGS84,300,CA,0
CBE2-5-9-2021-10,2021-05-09,CBE2,48.7367,-123.5716,WSGS84,300,CA,10
CBE2-5-9-2021-20,2021-05-09,CBE2,48.7367,-123.5716,WSGS84,300,CA,20
CBE2-5-9-2021-5,2021-05-09,CBE2,48.7367,-123.5716,WSGS84,300,CA,5
CBE2-6-12-2017-0,2017-06-12,CBE2,48.7367,-123.5733,WSGS84,300,CA,0
CBE2-6-12-2017-10,2017-06-12,CBE2,48.7367,-123.5717,WSGS84,300,CA,10
CBE2-6-12-2017-20,2017-06-12,CBE2,48.7367,-123.5717,WSGS84,300,CA,20
CBE2-6-12-2017-5,2017-06-12,CBE2,48.7367,-123.5717,WSGS84,300,CA,5
CBE2-6-15-2016-0,2016-06-15,CBE2,48.7367,-123.5717,WSGS84,300,CA,0
CBE2-6-15-2018-0,2018-06-15,CBE2,48.7367,-123.5733,WSGS84,300,CA,0
CBE2-6-15-2018-10,2018-06-15,CBE2,48.7367,-123.5733,WSGS84,300,CA,10
CBE2-6-15-2018-20,2018-06-15,CBE2,48.7367,-123.5733,WSGS84,300,CA,20
CBE2-6-15-2018-5,2018-06-15,CBE2,48.7367,-123.5733,WSGS84,300,CA,5
CBE2-6-16-2021-0,2021-06-16,CBE2,48.7368,-123.5718,WSGS84,300,CA,0
CBE2-6-16-2021-10,2021-06-16,CBE2,48.7368,-123.5718,WSGS84,300,CA,10
CBE2-6-16-2021-20,2021-06-16,CBE2,48.7368,-123.5718,WSGS84,300,CA,20
CBE2-6-16-2021-5,2021-06-16,CBE2,48.7368,-123.5718,WSGS84,300,CA,5
CBE2-6-16-2022-0,2022-06-16,CBE2,48.7367,-123.5717,WSGS84,300,CA,0
CBE2-6-16-2022-10,2022-06-16,CBE2,48.7367,-123.5717,WSGS84,300,CA,10
CBE2-6-16-2022-20,2022-06-16,CBE2,48.7367,-123.5717,WSGS84,300,CA,20
CBE2-6-16-2022-5,2022-06-16,CBE2,48.7367,-123.5717,WSGS84,300,CA,5
CBE2-6-16-2023-0,2023-06-16,CBE2,48.7367,-123.5717,WSGS84,300,CA,0
CBE2-6-16-2023-10,2023-06-16,CBE2,48.7367,-123.5717,WSGS84,300,CA,10
CBE2-6-16-2023-20,2023-06-16,CBE2,48.7367,-123.5717,WSGS84,300,CA,20
CBE2-6-16-2023-5,2023-06-16,CBE2,48.7367,-123.5717,WSGS84,300,CA,5
CBE2-6-18-2019-0,2019-06-18,CBE2,48.7367,-123.5717,WSGS84,300,CA,0
CBE2-6-18-2019-10,2019-06-18,CBE2,48.7367,-123.5717,WSGS84,300,CA,10
CBE2-6-18-2019-20,2019-06-18,CBE2,48.7367,-123.5717,WSGS84,300,CA,20
CBE2-6-18-2019-5,2019-06-18,CBE2,48.7367,-123.5717,WSGS84,300,CA,5
CBE2-6-19-2022-0,2022-06-19,CBE2,48.7367,-123.5717,WSGS84,300,CA,0
CBE2-6-19-2022-10,2022-06-19,CBE2,48.7367,-123.5717,WSGS84,300,CA,10
CBE2-6-19-2022-20,2022-06-19,CBE2,48.7367,-123.5717,WSGS84,300,CA,20
CBE2-6-19-2022-5,2022-06-19,CBE2,48.7367,-123.5717,WSGS84,300,CA,5
CBE2-6-2-2019-0,2019-06-02,CBE2,48.7367,-123.5717,WSGS84,300,CA,0
CBE2-6-2-2019-10,2019-06-02,CBE2,48.7367,-123.5717,WSGS84,300,CA,10
CBE2-6-2-2019-20,2019-06-02,CBE2,48.7367,-123.5717,WSGS84,300,CA,20
CBE2-6-2-2019-5,2019-06-02,CBE2,48.7367,-123.5717,WSGS84,300,CA,5
CBE2-6-21-2018-0,2018-06-21,CBE2,48.7367,-123.5733,WSGS84,300,CA,0
CBE2-6-21-2018-10,2018-06-21,CBE2,48.7367,-123.5733,WSGS84,300,CA,10
CBE2-6-21-2018-20,2018-06-21,CBE2,48.7367,-123.5733,WSGS84,300,CA,20
CBE2-6-21-2018-5,2018-06-21,CBE2,48.7367,-123.5733,WSGS84,300,CA,5
CBE2-6-23-2017-0,2017-06-23,CBE2,48.7367,-123.5733,WSGS84,300,CA,0
CBE2-6-23-2017-10,2017-06-23,CBE2,48.7367,-123.5733,WSGS84,300,CA,10
CBE2-6-23-2017-20,2017-06-23,CBE2,48.7367,-123.5733,WSGS84,300,CA,20
CBE2-6-23-2017-5,2017-06-23,CBE2,48.7367,-123.5733,WSGS84,300,CA,5
CBE2-6-25-2020-0,2020-06-25,CBE2,48.7367,-123.5717,WSGS84,300,CA,0
CBE2-6-25-2020-10,2020-06-25,CBE2,48.7367,-123.5717,WSGS84,300,CA,10
CBE2-6-25-2020-20,2020-06-25,CBE2,48.7367,-123.5717,WSGS84,300,CA,20
CBE2-6-25-2020-5,2020-06-25,CBE2,48.7367,-123.5717,WSGS84,300,CA,5
CBE2-6-25-2023-0,2023-06-25,CBE2,48.7367,-123.5717,WSGS84,300,CA,0
CBE2-6-25-2023-10,2023-06-25,CBE2,48.7367,-123.5717,WSGS84,300,CA,10
CBE2-6-25-2023-20,2023-06-25,CBE2,48.7367,-123.5717,WSGS84,300,CA,20
CBE2-6-25-2023-5,2023-06-25,CBE2,48.7367,-123.5717,WSGS84,300,CA,5
CBE2-6-28-2016-0,2016-06-28,CBE2,48.7376,-123.5738,WSGS84,300,CA,0
CBE2-6-5-2020-0,2020-06-05,CBE2,48.7367,-123.5717,WSGS84,300,CA,0
CBE2-6-5-2020-10,2020-06-05,CBE2,48.7367,-123.5717,WSGS84,300,CA,10
CBE2-6-5-2020-20,2020-06-05,CBE2,48.7367,-123.5717,WSGS84,300,CA,20
CBE2-6-5-2020-5,2020-06-05,CBE2,48.7367,-123.5717,WSGS84,300,CA,5
CBE2-6-6-2018-0,2018-06-06,CBE2,48.7367,-123.5733,WSGS84,300,CA,0
CBE2-6-6-2018-10,2018-06-06,CBE2,48.7367,-123.5733,WSGS84,300,CA,10
CBE2-6-6-2018-20,2018-06-06,CBE2,48.7367,-123.5733,WSGS84,300,CA,20
CBE2-6-6-2018-5,2018-06-06,CBE2,48.7367,-123.5733,WSGS84,300,CA,5
CBE2-6-7-2016-0,2016-06-07,CBE2,48.7375,-123.5735,WSGS84,300,CA,0
CBE2-6-7-2017-0,2017-06-07,CBE2,48.7367,-123.5733,WSGS84,300,CA,0
CBE2-6-7-2017-10,2017-06-07,CBE2,48.7367,-123.5717,WSGS84,300,CA,10
CBE2-6-7-2017-20,2017-06-07,CBE2,48.7367,-123.5717,WSGS84,300,CA,20
CBE2-6-7-2017-5,2017-06-07,CBE2,48.7367,-123.5717,WSGS84,300,CA,5
CBE2-6-9-2021-0,2021-06-09,CBE2,48.7367,-123.5717,WSGS84,300,CA,0
CBE2-6-9-2021-10,2021-06-09,CBE2,48.7367,-123.5717,WSGS84,300,CA,10
CBE2-6-9-2021-20,2021-06-09,CBE2,48.7367,-123.5717,WSGS84,300,CA,20
CBE2-6-9-2021-5,2021-06-09,CBE2,48.7367,-123.5717,WSGS84,300,CA,5
CBE2-7-11-2022-0,2022-07-11,CBE2,48.7367,-123.5717,WSGS84,300,CA,0
CBE2-7-11-2022-10,2022-07-11,CBE2,48.7367,-123.5717,WSGS84,300,CA,10
CBE2-7-11-2022-20,2022-07-11,CBE2,48.7367,-123.5717,WSGS84,300,CA,20
CBE2-7-11-2022-5,2022-07-11,CBE2,48.7367,-123.5717,WSGS84,300,CA,5
CBE2-7-12-2018-0,2018-07-12,CBE2,48.7367,-123.5733,WSGS84,300,CA,0
CBE2-7-12-2018-10,2018-07-12,CBE2,48.7367,-123.5733,WSGS84,300,CA,10
CBE2-7-12-2018-20,2018-07-12,CBE2,48.7367,-123.5733,WSGS84,300,CA,20
CBE2-7-12-2018-5,2018-07-12,CBE2,48.7367,-123.5733,WSGS84,300,CA,5
CBE2-7-16-2015-0,2015-07-16,CBE2,48.7376,-123.5756,WSGS84,300,CA,0
CBE2-7-16-2015-10,2015-07-16,CBE2,48.7376,-123.5756,WSGS84,300,CA,10
CBE2-7-16-2015-20,2015-07-16,CBE2,48.7376,-123.5756,WSGS84,300,CA,20
CBE2-7-16-2015-5,2015-07-16,CBE2,48.7376,-123.5756,WSGS84,300,CA,5
CBE2-7-17-2023-0,2023-07-17,CBE2,48.7367,-123.5717,WSGS84,300,CA,0
CBE2-7-17-2023-10,2023-07-17,CBE2,48.7367,-123.5717,WSGS84,300,CA,10
CBE2-7-17-2023-20,2023-07-17,CBE2,48.7367,-123.5717,WSGS84,300,CA,20
CBE2-7-17-2023-5,2023-07-17,CBE2,48.7367,-123.5717,WSGS84,300,CA,5
CBE2-7-18-2017-0,2017-07-18,CBE2,48.7367,-123.5717,WSGS84,300,CA,0
CBE2-7-18-2017-10,2017-07-18,CBE2,48.7367,-123.5717,WSGS84,300,CA,10
CBE2-7-18-2017-20,2017-07-18,CBE2,48.7367,-123.5717,WSGS84,300,CA,20
CBE2-7-18-2017-5,2017-07-18,CBE2,48.7367,-123.5717,WSGS84,300,CA,5
CBE2-7-19-2021-0,2021-07-19,CBE2,48.7371,-123.5728,WSGS84,300,CA,0
CBE2-7-19-2021-10,2021-07-19,CBE2,48.7371,-123.5728,WSGS84,300,CA,10
CBE2-7-19-2021-20,2021-07-19,CBE2,48.7371,-123.5728,WSGS84,300,CA,20
CBE2-7-19-2021-5,2021-07-19,CBE2,48.7371,-123.5728,WSGS84,300,CA,5
CBE2-7-20-2016-0,2016-07-20,CBE2,48.7377,-123.5733,WSGS84,300,CA,0
CBE2-7-20-2016-10,2016-07-20,CBE2,48.7377,-123.5733,WSGS84,300,CA,10
CBE2-7-20-2016-20,2016-07-20,CBE2,48.7377,-123.5733,WSGS84,300,CA,20
CBE2-7-20-2016-5,2016-07-20,CBE2,48.7377,-123.5733,WSGS84,300,CA,5
CBE2-7-21-2019-0,2019-07-21,CBE2,48.7367,-123.5717,WSGS84,300,CA,0
CBE2-7-21-2019-10,2019-07-21,CBE2,48.7367,-123.5717,WSGS84,300,CA,10
CBE2-7-21-2019-20,2019-07-21,CBE2,48.7367,-123.5717,WSGS84,300,CA,20
CBE2-7-21-2019-5,2019-07-21,CBE2,48.7367,-123.5717,WSGS84,300,CA,5
CBE2-7-21-2022-0,2022-07-21,CBE2,48.7367,-123.5717,WSGS84,300,CA,0
CBE2-7-21-2022-10,2022-07-21,CBE2,48.7367,-123.5717,WSGS84,300,CA,10
CBE2-7-21-2022-20,2022-07-21,CBE2,48.7367,-123.5717,WSGS84,300,CA,20
CBE2-7-21-2022-5,2022-07-21,CBE2,48.7367,-123.5717,WSGS84,300,CA,5
CBE2-7-26-2016-0,2016-07-26,CBE2,48.7367,-123.5717,WSGS84,300,CA,0
CBE2-7-26-2018-0,2018-07-26,CBE2,48.7367,-123.5733,WSGS84,300,CA,0
CBE2-7-26-2018-10,2018-07-26,CBE2,48.7367,-123.5733,WSGS84,300,CA,10
CBE2-7-26-2018-20,2018-07-26,CBE2,48.7367,-123.5733,WSGS84,300,CA,20
CBE2-7-26-2018-5,2018-07-26,CBE2,48.7367,-123.5733,WSGS84,300,CA,5
CBE2-7-26-2020-0,2020-07-26,CBE2,48.7367,-123.5717,WSGS84,300,CA,0
CBE2-7-26-2020-10,2020-07-26,CBE2,48.7367,-123.5717,WSGS84,300,CA,10
CBE2-7-26-2020-20,2020-07-26,CBE2,48.7367,-123.5717,WSGS84,300,CA,20
CBE2-7-26-2020-5,2020-07-26,CBE2,48.7367,-123.5717,WSGS84,300,CA,5
CBE2-7-3-2015-0,2015-07-03,CBE2,48.7365,-123.5728,WSGS84,300,CA,0
CBE2-7-31-2017-0,2017-07-31,CBE2,48.7367,-123.5733,WSGS84,300,CA,0
CBE2-7-31-2017-10,2017-07-31,CBE2,48.7367,-123.5733,WSGS84,300,CA,10
CBE2-7-31-2017-20,2017-07-31,CBE2,48.7367,-123.5733,WSGS84,300,CA,20
CBE2-7-31-2017-5,2017-07-31,CBE2,48.7367,-123.5733,WSGS84,300,CA,5
CBE2-7-4-2018-0,2018-07-04,CBE2,48.7367,-123.5733,WSGS84,300,CA,0
CBE2-7-4-2018-10,2018-07-04,CBE2,48.7367,-123.5733,WSGS84,300,CA,10
CBE2-7-4-2018-20,2018-07-04,CBE2,48.7367,-123.5733,WSGS84,300,CA,20
CBE2-7-4-2018-5,2018-07-04,CBE2,48.7367,-123.5733,WSGS84,300,CA,5
CBE2-7-6-2016-0,2016-07-06,CBE2,48.7367,-123.5717,WSGS84,300,CA,0
CBE2-7-6-2016-10,2016-07-06,CBE2,48.7367,-123.5717,WSGS84,300,CA,10
CBE2-7-6-2016-20,2016-07-06,CBE2,48.7367,-123.5717,WSGS84,300,CA,20
CBE2-7-6-2016-5,2016-07-06,CBE2,48.7367,-123.5717,WSGS84,300,CA,5
CBE2-7-6-2020-0,2020-07-06,CBE2,48.7367,-123.5717,WSGS84,300,CA,0
CBE2-7-6-2020-10,2020-07-06,CBE2,48.7367,-123.5717,WSGS84,300,CA,10
CBE2-7-6-2020-20,2020-07-06,CBE2,48.7367,-123.5717,WSGS84,300,CA,20
CBE2-7-6-2020-5,2020-07-06,CBE2,48.7367,-123.5717,WSGS84,300,CA,5
CBE2-7-7-2017-0,2017-07-07,CBE2,48.7367,-123.5717,WSGS84,300,CA,0
CBE2-7-7-2017-10,2017-07-07,CBE2,48.7367,-123.5717,WSGS84,300,CA,10
CBE2-7-7-2017-20,2017-07-07,CBE2,48.7367,-123.5717,WSGS84,300,CA,20
CBE2-7-7-2017-5,2017-07-07,CBE2,48.7367,-123.5717,WSGS84,300,CA,5
CBE2-7-9-2019-0,2019-07-09,CBE2,48.7367,-123.5717,WSGS84,300,CA,0
CBE2-7-9-2019-10,2019-07-09,CBE2,48.7367,-123.5717,WSGS84,300,CA,10
CBE2-7-9-2019-20,2019-07-09,CBE2,48.7367,-123.5717,WSGS84,300,CA,20
CBE2-7-9-2019-5,2019-07-09,CBE2,48.7367,-123.5717,WSGS84,300,CA,5
CBE2-7-9-2021-0,2021-07-09,CBE2,48.7372,-123.572,WSGS84,300,CA,0
CBE2-7-9-2021-10,2021-07-09,CBE2,48.7372,-123.572,WSGS84,300,CA,10
CBE2-7-9-2021-20,2021-07-09,CBE2,48.7372,-123.572,WSGS84,300,CA,20
CBE2-7-9-2021-5,2021-07-09,CBE2,48.7372,-123.572,WSGS84,300,CA,5
CBE2-8-12-2022-0,2022-08-12,CBE2,48.7367,-123.5717,WSGS84,300,CA,0
CBE2-8-12-2022-10,2022-08-12,CBE2,48.7367,-123.5717,WSGS84,300,CA,10
CBE2-8-12-2022-20,2022-08-12,CBE2,48.7367,-123.5717,WSGS84,300,CA,20
CBE2-8-12-2022-5,2022-08-12,CBE2,48.7367,-123.5717,WSGS84,300,CA,5
CBE2-8-15-2017-0,2017-08-15,CBE2,48.7367,-123.5717,WSGS84,300,CA,0
CBE2-8-15-2017-10,2017-08-15,CBE2,48.7367,-123.5717,WSGS84,300,CA,10
CBE2-8-15-2017-20,2017-08-15,CBE2,48.7367,-123.5717,WSGS84,300,CA,20
CBE2-8-15-2017-5,2017-08-15,CBE2,48.7367,-123.5717,WSGS84,300,CA,5
CBE2-8-15-2018-0,2018-08-15,CBE2,48.7367,-123.5733,WSGS84,300,CA,0
CBE2-8-15-2018-10,2018-08-15,CBE2,48.7367,-123.5733,WSGS84,300,CA,10
CBE2-8-15-2018-20,2018-08-15,CBE2,48.7367,-123.5733,WSGS84,300,CA,20
CBE2-8-15-2018-5,2018-08-15,CBE2,48.7367,-123.5733,WSGS84,300,CA,5
CBE2-8-16-2022-0,2022-08-16,CBE2,48.7367,-123.5717,WSGS84,300,CA,0
CBE2-8-16-2022-10,2022-08-16,CBE2,48.7367,-123.5717,WSGS84,300,CA,10
CBE2-8-16-2022-20,2022-08-16,CBE2,48.7367,-123.5717,WSGS84,300,CA,20
CBE2-8-16-2022-5,2022-08-16,CBE2,48.7367,-123.5717,WSGS84,300,CA,5
CBE2-8-2-2018-0,2018-08-02,CBE2,48.7367,-123.5733,WSGS84,300,CA,0
CBE2-8-2-2018-10,2018-08-02,CBE2,48.7367,-123.5733,WSGS84,300,CA,10
CBE2-8-2-2018-20,2018-08-02,CBE2,48.7367,-123.5733,WSGS84,300,CA,20
CBE2-8-2-2018-5,2018-08-02,CBE2,48.7367,-123.5733,WSGS84,300,CA,5
CBE2-8-20-2019-0,2019-08-20,CBE2,48.7367,-123.5717,WSGS84,300,CA,0
CBE2-8-20-2019-10,2019-08-20,CBE2,48.7367,-123.5717,WSGS84,300,CA,10
CBE2-8-20-2019-20,2019-08-20,CBE2,48.7367,-123.5717,WSGS84,300,CA,20
CBE2-8-20-2019-5,2019-08-20,CBE2,48.7367,-123.5717,WSGS84,300,CA,5
CBE2-8-22-2016-0,2016-08-22,CBE2,48.7367,-123.5717,WSGS84,300,CA,0
CBE2-8-22-2016-20,2016-08-22,CBE2,48.7367,-123.5717,WSGS84,300,CA,20
CBE2-8-22-2016-5,2016-08-22,CBE2,48.7367,-123.5717,WSGS84,300,CA,5
CBE2-8-22-2017-0,2017-08-22,CBE2,48.7367,-123.5733,WSGS84,300,CA,0
CBE2-8-22-2017-10,2017-08-22,CBE2,48.7367,-123.5733,WSGS84,300,CA,10
CBE2-8-22-2017-20,2017-08-22,CBE2,48.7367,-123.5733,WSGS84,300,CA,20
CBE2-8-22-2017-5,2017-08-22,CBE2,48.7367,-123.5733,WSGS84,300,CA,5
CBE2-8-22-2018-0,2018-08-22,CBE2,48.7367,-123.5733,WSGS84,300,CA,0
CBE2-8-22-2018-10,2018-08-22,CBE2,48.7367,-123.5733,WSGS84,300,CA,10
CBE2-8-22-2018-20,2018-08-22,CBE2,48.7367,-123.5733,WSGS84,300,CA,20
CBE2-8-22-2018-5,2018-08-22,CBE2,48.7367,-123.5733,WSGS84,300,CA,5
CBE2-8-25-2020-0,2020-08-25,CBE2,48.7367,-123.5717,WSGS84,300,CA,0
CBE2-8-25-2020-10,2020-08-25,CBE2,48.7367,-123.5717,WSGS84,300,CA,10
CBE2-8-25-2020-20,2020-08-25,CBE2,48.7367,-123.5717,WSGS84,300,CA,20
CBE2-8-25-2020-5,2020-08-25,CBE2,48.7367,-123.5717,WSGS84,300,CA,5
CBE2-8-29-2021-0,2021-08-29,CBE2,48.7366,-123.5713,WSGS84,300,CA,0
CBE2-8-29-2021-10,2021-08-29,CBE2,48.7366,-123.5713,WSGS84,300,CA,10
CBE2-8-29-2021-20,2021-08-29,CBE2,48.7366,-123.5713,WSGS84,300,CA,20
CBE2-8-29-2021-5,2021-08-29,CBE2,48.7366,-123.5717,WSGS84,300,CA,5
CBE2-8-6-2015-0,2015-08-06,CBE2,48.7378,-123.5721,WSGS84,300,CA,0
CBE2-8-6-2015-10,2015-08-06,CBE2,48.7378,-123.5721,WSGS84,300,CA,10
CBE2-8-6-2015-20,2015-08-06,CBE2,48.7378,-123.5721,WSGS84,300,CA,20
CBE2-8-6-2015-5,2015-08-06,CBE2,48.7378,-123.5721,WSGS84,300,CA,5
CBE2-8-7-2017-0,2017-08-07,CBE2,48.7367,-123.5733,WSGS84,300,CA,0
CBE2-8-7-2017-10,2017-08-07,CBE2,48.7367,-123.5733,WSGS84,300,CA,10
CBE2-8-7-2017-20,2017-08-07,CBE2,48.7367,-123.5733,WSGS84,300,CA,20
CBE2-8-7-2017-5,2017-08-07,CBE2,48.7367,-123.5733,WSGS84,300,CA,5
CBE2-8-7-2019-0,2019-08-07,CBE2,48.7367,-123.5717,WSGS84,300,CA,0
CBE2-8-7-2019-10,2019-08-07,CBE2,48.7367,-123.5717,WSGS84,300,CA,10
CBE2-8-7-2019-20,2019-08-07,CBE2,48.7367,-123.5717,WSGS84,300,CA,20
CBE2-8-7-2019-5,2019-08-07,CBE2,48.7367,-123.5717,WSGS84,300,CA,5
CBE2-8-8-2021-0,2021-08-08,CBE2,48.7364,-123.5695,WSGS84,300,CA,0
CBE2-8-8-2021-10,2021-08-08,CBE2,48.7364,-123.5695,WSGS84,300,CA,10
CBE2-8-8-2021-20,2021-08-08,CBE2,48.7364,-123.5695,WSGS84,300,CA,20
CBE2-8-8-2021-5,2021-08-08,CBE2,48.7364,-123.5695,WSGS84,300,CA,5
CBE2-8-9-2016-0,2016-08-09,CBE2,48.7367,-123.5717,WSGS84,300,CA,0
CBE2-8-9-2016-10,2016-08-09,CBE2,48.7367,-123.5717,WSGS84,300,CA,10
CBE2-8-9-2016-20,2016-08-09,CBE2,48.7367,-123.5717,WSGS84,300,CA,20
CBE2-8-9-2016-5,2016-08-09,CBE2,48.7367,-123.5717,WSGS84,300,CA,5
CBE2-9-16-2015-0,2015-09-16,CBE2,48.7377,-123.5732,WSGS84,300,CA,0
CBE2-9-16-2015-10,2015-09-16,CBE2,48.7377,-123.5732,WSGS84,300,CA,10
CBE2-9-16-2015-20,2015-09-16,CBE2,48.7377,-123.5732,WSGS84,300,CA,20
CBE2-9-16-2015-5,2015-09-16,CBE2,48.7377,-123.5732,WSGS84,300,CA,5
CBE2-9-16-2019-0,2019-09-16,CBE2,48.7367,-123.5717,WSGS84,300,CA,0
CBE2-9-16-2019-10,2019-09-16,CBE2,48.7367,-123.5717,WSGS84,300,CA,10
CBE2-9-16-2019-20,2019-09-16,CBE2,48.7367,-123.5717,WSGS84,300,CA,20
CBE2-9-16-2019-5,2019-09-16,CBE2,48.7367,-123.5717,WSGS84,300,CA,5
CBE2-9-18-2020-0,2020-09-18,CBE2,48.7367,-123.5717,WSGS84,300,CA,0
CBE2-9-18-2020-10,2020-09-18,CBE2,48.7367,-123.5717,WSGS84,300,CA,10
CBE2-9-18-2020-20,2020-09-18,CBE2,48.7367,-123.5717,WSGS84,300,CA,20
CBE2-9-18-2020-5,2020-09-18,CBE2,48.7367,-123.5717,WSGS84,300,CA,5
CBE2-9-19-2021-0,2021-09-19,CBE2,48.7367,-123.5715,WSGS84,300,CA,0
CBE2-9-19-2021-10,2021-09-19,CBE2,48.7367,-123.5715,WSGS84,300,CA,10
CBE2-9-19-2021-20,2021-09-19,CBE2,48.7367,-123.5715,WSGS84,300,CA,20
CBE2-9-19-2021-5,2021-09-19,CBE2,48.7367,-123.5715,WSGS84,300,CA,5
CBE2-9-21-2016-0,2016-09-21,CBE2,48.7373,-123.574,WSGS84,300,CA,0
CBE2-9-21-2016-10,2016-09-21,CBE2,48.7373,-123.574,WSGS84,300,CA,10
CBE2-9-21-2016-20,2016-09-21,CBE2,48.7373,-123.574,WSGS84,300,CA,20
CBE2-9-21-2016-5,2016-09-21,CBE2,48.7373,-123.574,WSGS84,300,CA,5
CBE2-9-24-2021-0,2021-09-24,CBE2,48.7368,-123.5714,WSGS84,300,CA,0
CBE2-9-24-2021-10,2021-09-24,CBE2,48.7368,-123.5714,WSGS84,300,CA,10
CBE2-9-24-2021-20,2021-09-24,CBE2,48.7368,-123.5714,WSGS84,300,CA,20
CBE2-9-24-2021-5,2021-09-24,CBE2,48.7368,-123.5714,WSGS84,300,CA,5
CBE2-9-26-2017-0,2017-09-26,CBE2,48.7367,-123.5717,WSGS84,300,CA,0
CBE2-9-26-2017-10,2017-09-26,CBE2,48.7367,-123.5717,WSGS84,300,CA,10
CBE2-9-26-2017-20,2017-09-26,CBE2,48.7367,-123.5717,WSGS84,300,CA,20
CBE2-9-26-2018-0,2018-09-26,CBE2,48.7367,-123.5733,WSGS84,300,CA,0
CBE2-9-26-2018-10,2018-09-26,CBE2,48.7367,-123.5733,WSGS84,300,CA,10
CBE2-9-26-2018-20,2018-09-26,CBE2,48.7367,-123.5733,WSGS84,300,CA,20
CBE2-9-26-2018-5,2018-09-26,CBE2,48.7367,-123.5733,WSGS84,300,CA,5
CBE2-9-7-2017-0,2017-09-07,CBE2,48.7367,-123.5733,WSGS84,300,CA,0
CBE2-9-7-2017-10,2017-09-07,CBE2,48.7367,-123.5733,WSGS84,300,CA,10
CBE2-9-7-2017-20,2017-09-07,CBE2,48.7367,-123.5733,WSGS84,300,CA,20
CBE2-9-7-2017-5,2017-09-07,CBE2,48.7367,-123.5733,WSGS84,300,CA,5
CBE2-9-7-2018-0,2018-09-07,CBE2,48.7367,-123.5733,WSGS84,300,CA,0
CBE2-9-7-2018-10,2018-09-07,CBE2,48.7367,-123.5733,WSGS84,300,CA,10
CBE2-9-7-2018-20,2018-09-07,CBE2,48.7367,-123.5733,WSGS84,300,CA,20
CBE2-9-7-2018-5,2018-09-07,CBE2,48.7367,-123.5733,WSGS84,300,CA,5
CBE2-9-8-2016-0,2016-09-08,CBE2,48.7369,-123.5735,WSGS84,300,CA,0
CBE2-9-8-2016-10,2016-09-08,CBE2,48.7369,-123.5735,WSGS84,300,CA,10
CBE2-9-8-2016-20,2016-09-08,CBE2,48.7369,-123.5735,WSGS84,300,CA,20
CBE2-9-8-2016-5,2016-09-08,CBE2,48.7369,-123.5735,WSGS84,300,CA,5
CBE3-1-27-2015-0,2015-01-27,CBE3,48.7417,-123.57,WSGS84,300,CA,0
CBE3-10-17-2016-0,2016-10-17,CBE3,48.7419,-123.5705,WSGS84,300,CA,0
CBE3-10-17-2017-0,2017-10-17,CBE3,48.7417,-123.57,WSGS84,300,CA,0
CBE3-3-12-2015-0,2015-03-12,CBE3,48.742,-123.571,WSGS84,300,CA,0
CBE3-3-19-2015-0,2015-03-19,CBE3,48.7419,-123.5699,WSGS84,300,CA,0
CBE3-3-21-2017-0,2017-03-21,CBE3,48.7418,-123.57,WSGS84,300,CA,0
CBE3-3-26-2015-0,2015-03-26,CBE3,48.7422,-123.5705,WSGS84,300,CA,0
CBE3-3-26-2018-0,2018-03-26,CBE3,48.7417,-123.57,WSGS84,300,CA,0
CBE3-3-3-2016-0,2016-03-03,CBE3,48.7417,-123.57,WSGS84,300,CA,0
CBE3-3-3-2017-0,2017-03-03,CBE3,48.7417,-123.57,WSGS84,300,CA,0
CBE3-3-30-2016-0,2016-03-30,CBE3,48.7422,-123.5702,WSGS84,300,CA,0
CBE3-3-8-2017-0,2017-03-08,CBE3,48.7419,-123.5703,WSGS84,300,CA,0
CBE3-3-9-2018-0,2018-03-09,CBE3,48.7417,-123.57,WSGS84,300,CA,0
CBE3-4-14-2017-0,2017-04-14,CBE3,48.7417,-123.57,WSGS84,300,CA,0
CBE3-4-16-2015-0,2015-04-16,CBE3,48.7417,-123.57,WSGS84,300,CA,0
CBE3-4-19-2016-0,2016-04-19,CBE3,48.742,-123.5697,WSGS84,300,CA,0
CBE3-4-20-2018-0,2018-04-20,CBE3,48.7417,-123.57,WSGS84,300,CA,0
CBE3-4-24-2017-0,2017-04-24,CBE3,48.7415,-123.57,WSGS84,300,CA,0
CBE3-4-25-2018-0,2018-04-25,CBE3,48.7417,-123.57,WSGS84,300,CA,0
CBE3-4-27-2016-0,2016-04-27,CBE3,48.7417,-123.57,WSGS84,300,CA,0
CBE3-4-3-2018-0,2018-04-03,CBE3,48.7417,-123.57,WSGS84,300,CA,0
CBE3-4-4-2015-0,2015-04-04,CBE3,48.7417,-123.57,WSGS84,300,CA,0
CBE3-4-6-2017-0,2017-04-06,CBE3,48.7419,-123.5702,WSGS84,300,CA,0
CBE3-5-10-2016-0,2016-05-10,CBE3,48.7417,-123.57,WSGS84,300,CA,0
CBE3-5-11-2017-0,2017-05-11,CBE3,48.7417,-123.57,WSGS84,300,CA,0
CBE3-5-17-2016-0,2016-05-17,CBE3,48.7417,-123.57,WSGS84,300,CA,0
CBE3-5-19-2018-0,2018-05-19,CBE3,48.7417,-123.57,WSGS84,300,CA,0
CBE3-5-23-2017-0,2017-05-23,CBE3,48.7417,-123.57,WSGS84,300,CA,0
CBE3-5-24-2016-0,2016-05-24,CBE3,48.7417,-123.57,WSGS84,300,CA,0
CBE3-5-26-2015-0,2015-05-26,CBE3,48.7421,-123.5703,WSGS84,300,CA,0
CBE3-5-30-2018-0,2018-05-30,CBE3,48.7417,-123.57,WSGS84,300,CA,0
CBE3-5-5-2017-0,2017-05-05,CBE3,48.7417,-123.57,WSGS84,300,CA,0
CBE3-5-9-2018-0,2018-05-09,CBE3,48.7417,-123.57,WSGS84,300,CA,0
CBE3-6-12-2017-0,2017-06-12,CBE3,48.7417,-123.57,WSGS84,300,CA,0
CBE3-6-15-2016-0,2016-06-15,CBE3,48.7417,-123.57,WSGS84,300,CA,0
CBE3-6-15-2018-0,2018-06-15,CBE3,48.7417,-123.57,WSGS84,300,CA,0
CBE3-6-21-2018-0,2018-06-21,CBE3,48.7417,-123.57,WSGS84,300,CA,0
CBE3-6-23-2017-0,2017-06-23,CBE3,48.7417,-123.57,WSGS84,300,CA,0
CBE3-6-28-2016-0,2016-06-28,CBE3,48.7414,-123.5696,WSGS84,300,CA,0
CBE3-6-6-2018-0,2018-06-06,CBE3,48.7417,-123.57,WSGS84,300,CA,0
CBE3-6-7-2016-0,2016-06-07,CBE3,48.742,-123.5701,WSGS84,300,CA,0
CBE3-6-7-2017-0,2017-06-07,CBE3,48.7417,-123.57,WSGS84,300,CA,0
CBE3-7-12-2018-0,2018-07-12,CBE3,48.7417,-123.57,WSGS84,300,CA,0
CBE3-7-16-2015-0,2015-07-16,CBE3,48.7425,-123.5704,WSGS84,300,CA,0
CBE3-7-18-2017-0,2017-07-18,CBE3,48.7417,-123.57,WSGS84,300,CA,0
CBE3-7-20-2016-0,2016-07-20,CBE3,48.7418,-123.5703,WSGS84,300,CA,0
CBE3-7-26-2016-0,2016-07-26,CBE3,48.7417,-123.57,WSGS84,300,CA,0
CBE3-7-26-2018-0,2018-07-26,CBE3,48.7417,-123.57,WSGS84,300,CA,0
CBE3-7-3-2015-0,2015-07-03,CBE3,48.742,-123.5702,WSGS84,300,CA,0
CBE3-7-31-2017-0,2017-07-31,CBE3,48.7417,-123.57,WSGS84,300,CA,0
CBE3-7-4-2018-0,2018-07-04,CBE3,48.7417,-123.57,WSGS84,300,CA,0
CBE3-7-6-2016-0,2016-07-06,CBE3,48.7417,-123.5702,WSGS84,300,CA,0
CBE3-7-7-2017-0,2017-07-07,CBE3,48.7417,-123.57,WSGS84,300,CA,0
CBE3-8-15-2017-0,2017-08-15,CBE3,48.7417,-123.57,WSGS84,300,CA,0
CBE3-8-15-2018-0,2018-08-15,CBE3,48.7417,-123.57,WSGS84,300,CA,0
CBE3-8-2-2018-0,2018-08-02,CBE3,48.7417,-123.57,WSGS84,300,CA,0
CBE3-8-22-2016-0,2016-08-22,CBE3,48.7417,-123.57,WSGS84,300,CA,0
CBE3-8-22-2017-0,2017-08-22,CBE3,48.7417,-123.57,WSGS84,300,CA,0
CBE3-8-22-2018-0,2018-08-22,CBE3,48.7417,-123.57,WSGS84,300,CA,0
CBE3-8-6-2015-0,2015-08-06,CBE3,48.7426,-123.5702,WSGS84,300,CA,0
CBE3-8-7-2017-0,2017-08-07,CBE3,48.7417,-123.57,WSGS84,300,CA,0
CBE3-8-9-2016-0,2016-08-09,CBE3,48.7417,-123.57,WSGS84,300,CA,0
CBE3-9-16-2015-0,2015-09-16,CBE3,48.7417,-123.57,WSGS84,300,CA,0
CBE3-9-21-2016-0,2016-09-21,CBE3,48.7418,-123.5708,WSGS84,300,CA,0
CBE3-9-26-2017-0,2017-09-26,CBE3,48.7417,-123.57,WSGS84,300,CA,0
CBE3-9-26-2018-0,2018-09-26,CBE3,48.7417,-123.57,WSGS84,300,CA,0
CBE3-9-7-2017-0,2017-09-07,CBE3,48.7417,-123.57,WSGS84,300,CA,0
CBE3-9-7-2018-0,2018-09-07,CBE3,48.7417,-123.57,WSGS84,300,CA,0
CBE3-9-8-2016-0,2016-09-08,CBE3,48.7417,-123.5697,WSGS84,300,CA,0
CBW1-1-27-2015-0,2015-01-27,CBW1,48.7433,-123.615,WSGS84,300,CA,0
CBW1-10-17-2016-0,2016-10-17,CBW1,48.7425,-123.6153,WSGS84,300,CA,0
CBW1-10-17-2017-0,2017-10-17,CBW1,48.7433,-123.615,WSGS84,300,CA,0
CBW1-2-19-2015-0,2015-02-19,CBW1,48.7445,-123.6212,WSGS84,300,CA,0
CBW1-3-12-2015-0,2015-03-12,CBW1,48.7444,-123.619,WSGS84,300,CA,0
CBW1-3-19-2015-0,2015-03-19,CBW1,48.7444,-123.62,WSGS84,300,CA,0
CBW1-3-21-2016-0,2016-03-21,CBW1,48.7433,-123.62,WSGS84,300,CA,0
CBW1-3-21-2017-0,2017-03-21,CBW1,48.7431,-123.6158,WSGS84,300,CA,0
CBW1-3-26-2015-0,2015-03-26,CBW1,48.7441,-123.6196,WSGS84,300,CA,0
CBW1-3-26-2018-0,2018-03-26,CBW1,48.7433,-123.615,WSGS84,300,CA,0
CBW1-3-3-2016-0,2016-03-03,CBW1,48.7433,-123.62,WSGS84,300,CA,0
CBW1-3-3-2017-0,2017-03-03,CBW1,48.7429,-123.6156,WSGS84,300,CA,0
CBW1-3-30-2016-0,2016-03-30,CBW1,48.7437,-123.6201,WSGS84,300,CA,0
CBW1-3-8-2017-0,2017-03-08,CBW1,48.7431,-123.6167,WSGS84,300,CA,0
CBW1-3-9-2018-0,2018-03-09,CBW1,48.7433,-123.615,WSGS84,300,CA,0
CBW1-4-14-2017-0,2017-04-14,CBW1,48.744,-123.6145,WSGS84,300,CA,0
CBW1-4-16-2015-0,2015-04-16,CBW1,48.7436,-123.6203,WSGS84,300,CA,0
CBW1-4-19-2016-0,2016-04-19,CBW1,48.7442,-123.6207,WSGS84,300,CA,0
CBW1-4-20-2018-0,2018-04-20,CBW1,48.7433,-123.615,WSGS84,300,CA,0
CBW1-4-24-2017-0,2017-04-24,CBW1,48.7428,-123.616,WSGS84,300,CA,0
CBW1-4-25-2018-0,2018-04-25,CBW1,48.7433,-123.615,WSGS84,300,CA,0
CBW1-4-27-2016-0,2016-04-27,CBW1,48.7433,-123.62,WSGS84,300,CA,0
CBW1-4-3-2018-0,2018-04-03,CBW1,48.7433,-123.615,WSGS84,300,CA,0
CBW1-4-4-2015-0,2015-04-04,CBW1,48.7433,,WSGS84,300,CA,0
CBW1-4-6-2017-0,2017-04-06,CBW1,48.7433,-123.615,WSGS84,300,CA,0
CBW1-5-10-2016-0,2016-05-10,CBW1,48.7433,-123.62,WSGS84,300,CA,0
CBW1-5-11-2017-0,2017-05-11,CBW1,48.7433,-123.615,WSGS84,300,CA,0
CBW1-5-17-2016-0,2016-05-17,CBW1,48.7433,-123.62,WSGS84,300,CA,0
CBW1-5-19-2018-0,2018-05-19,CBW1,48.7433,-123.615,WSGS84,300,CA,0
CBW1-5-23-2017-0,2017-05-23,CBW1,48.7433,-123.615,WSGS84,300,CA,0
CBW1-5-24-2016-0,2016-05-24,CBW1,48.7433,-123.62,WSGS84,300,CA,0
CBW1-5-26-2015-0,2015-05-26,CBW1,48.7435,-123.6191,WSGS84,300,CA,0
CBW1-5-30-2018-0,2018-05-30,CBW1,48.7433,-123.615,WSGS84,300,CA,0
CBW1-5-5-2017-0,2017-05-05,CBW1,48.7433,-123.615,WSGS84,300,CA,0
CBW1-5-9-2018-0,2018-05-09,CBW1,48.7433,-123.615,WSGS84,300,CA,0
CBW1-6-12-2017-0,2017-06-12,CBW1,48.7433,-123.615,WSGS84,300,CA,0
CBW1-6-15-2016-0,2016-06-15,CBW1,48.7433,-123.6167,WSGS84,300,CA,0
CBW1-6-15-2018-0,2018-06-15,CBW1,48.7433,-123.615,WSGS84,300,CA,0
CBW1-6-21-2018-0,2018-06-21,CBW1,48.7433,-123.615,WSGS84,300,CA,0
CBW1-6-23-2017-0,2017-06-23,CBW1,48.7433,-123.615,WSGS84,300,CA,0
CBW1-6-28-2016-0,2016-06-28,CBW1,48.7428,-123.6151,WSGS84,300,CA,0
CBW1-6-6-2018-0,2018-06-06,CBW1,48.7433,-123.615,WSGS84,300,CA,0
CBW1-6-7-2016-0,2016-06-07,CBW1,48.7433,-123.62,WSGS84,300,CA,0
CBW1-6-7-2017-0,2017-06-07,CBW1,48.7433,-123.615,WSGS84,300,CA,0
CBW1-7-12-2018-0,2018-07-12,CBW1,48.7433,-123.615,WSGS84,300,CA,0
CBW1-7-16-2015-0,2015-07-16,CBW1,48.7443,-123.6207,WSGS84,300,CA,0
CBW1-7-18-2017-0,2017-07-18,CBW1,48.7433,-123.615,WSGS84,300,CA,0
CBW1-7-20-2016-0,2016-07-20,CBW1,48.7427,-123.6153,WSGS84,300,CA,0
CBW1-7-26-2016-0,2016-07-26,CBW1,48.7433,-123.6167,WSGS84,300,CA,0
CBW1-7-26-2018-0,2018-07-26,CBW1,48.7433,-123.615,WSGS84,300,CA,0
CBW1-7-3-2015-0,2015-07-03,CBW1,48.7437,-123.6201,WSGS84,300,CA,0
CBW1-7-31-2017-0,2017-07-31,CBW1,48.7433,-123.615,WSGS84,300,CA,0
CBW1-7-4-2018-0,2018-07-04,CBW1,48.7433,-123.615,WSGS84,300,CA,0
CBW1-7-6-2016-0,2016-07-06,CBW1,48.7426,-123.6167,WSGS84,300,CA,0
CBW1-7-7-2017-0,2017-07-07,CBW1,48.7433,-123.62,WSGS84,300,CA,0
CBW1-8-15-2017-0,2017-08-15,CBW1,48.7433,-123.615,WSGS84,300,CA,0
CBW1-8-15-2018-0,2018-08-15,CBW1,48.7433,-123.615,WSGS84,300,CA,0
CBW1-8-2-2018-0,2018-08-02,CBW1,48.7433,-123.615,WSGS84,300,CA,0
CBW1-8-22-2016-0,2016-08-22,CBW1,48.7433,-123.6167,WSGS84,300,CA,0
CBW1-8-22-2017-0,2017-08-22,CBW1,48.7433,-123.615,WSGS84,300,CA,0
CBW1-8-22-2018-0,2018-08-22,CBW1,48.7433,-123.615,WSGS84,300,CA,0
CBW1-8-6-2015-0,2015-08-06,CBW1,48.7433,-123.6206,WSGS84,300,CA,0
CBW1-8-7-2017-0,2017-08-07,CBW1,48.7433,-123.615,WSGS84,300,CA,0
CBW1-8-9-2016-0,2016-08-09,CBW1,48.7433,-123.6167,WSGS84,300,CA,0
CBW1-9-16-2015-0,2015-09-16,CBW1,48.7435,-123.6196,WSGS84,300,CA,0
CBW1-9-21-2016-0,2016-09-21,CBW1,48.7429,-123.6158,WSGS84,300,CA,0
CBW1-9-26-2017-0,2017-09-26,CBW1,48.7433,-123.62,WSGS84,300,CA,0
CBW1-9-26-2018-0,2018-09-26,CBW1,48.7433,-123.615,WSGS84,300,CA,0
CBW1-9-7-2017-0,2017-09-07,CBW1,48.7433,-123.615,WSGS84,300,CA,0
CBW1-9-7-2018-0,2018-09-07,CBW1,48.7433,-123.615,WSGS84,300,CA,0
CBW1-9-8-2016-0,2016-09-08,CBW1,48.7428,-123.616,WSGS84,300,CA,0
CBW2-1-27-2015-0,2015-01-27,CBW2,48.75,-123.6217,WSGS84,300,CA,0
CBW2-10-17-2016-0,2016-10-17,CBW2,48.7499,-123.6209,WSGS84,300,CA,0
CBW2-10-17-2017-0,2017-10-17,CBW2,48.75,-123.6217,WSGS84,300,CA,0
CBW2-2-19-2015-0,2015-02-19,CBW2,48.7514,-123.6223,WSGS84,300,CA,0
CBW2-3-12-2015-0,2015-03-12,CBW2,48.7509,-123.6218,WSGS84,300,CA,0
CBW2-3-19-2015-0,2015-03-19,CBW2,48.7502,-123.6177,WSGS84,300,CA,0
CBW2-3-21-2016-0,2016-03-21,CBW2,48.7511,-123.6218,WSGS84,300,CA,0
CBW2-3-21-2017-0,2017-03-21,CBW2,48.75,-123.6217,WSGS84,300,CA,0
CBW2-3-26-2015-0,2015-03-26,CBW2,48.7516,-123.6225,WSGS84,300,CA,0
CBW2-3-26-2018-0,2018-03-26,CBW2,48.75,-123.6217,WSGS84,300,CA,0
CBW2-3-3-2016-0,2016-03-03,CBW2,48.7483,-123.6217,WSGS84,300,CA,0
CBW2-3-3-2017-0,2017-03-03,CBW2,48.7499,-123.6205,WSGS84,300,CA,0
CBW2-3-30-2016-0,2016-03-30,CBW2,48.7512,-123.6222,WSGS84,300,CA,0
CBW2-3-8-2017-0,2017-03-08,CBW2,48.75,-123.6211,WSGS84,300,CA,0
CBW2-3-9-2018-0,2018-03-09,CBW2,48.75,-123.6217,WSGS84,300,CA,0
CBW2-4-14-2017-0,2017-04-14,CBW2,48.75,-123.6217,WSGS84,300,CA,0
CBW2-4-16-2015-0,2015-04-16,CBW2,48.7514,-123.6224,WSGS84,300,CA,0
CBW2-4-19-2016-0,2016-04-19,CBW2,48.7519,-123.6217,WSGS84,300,CA,0
CBW2-4-20-2018-0,2018-04-20,CBW2,48.75,-123.6217,WSGS84,300,CA,0
CBW2-4-24-2017-0,2017-04-24,CBW2,48.7483,-123.6217,WSGS84,300,CA,0
CBW2-4-25-2018-0,2018-04-25,CBW2,48.75,-123.6217,WSGS84,300,CA,0
CBW2-4-27-2016-0,2016-04-27,CBW2,48.75,-123.6217,WSGS84,300,CA,0
CBW2-4-3-2018-0,2018-04-03,CBW2,48.75,-123.6217,WSGS84,300,CA,0
CBW2-4-4-2015-0,2015-04-04,CBW2,48.7483,-123.6217,WSGS84,300,CA,0
CBW2-4-6-2017-0,2017-04-06,CBW2,48.75,-123.6207,WSGS84,300,CA,0
CBW2-5-10-2016-0,2016-05-10,CBW2,48.75,-123.6217,WSGS84,300,CA,0
CBW2-5-11-2015-0,2015-05-11,CBW2,48.7515,-123.6214,WSGS84,300,CA,0
CBW2-5-11-2017-0,2017-05-11,CBW2,48.75,-123.6217,WSGS84,300,CA,0
CBW2-5-17-2016-0,2016-05-17,CBW2,48.75,-123.6217,WSGS84,300,CA,0
CBW2-5-19-2015-0,2015-05-19,CBW2,48.7514,-123.6218,WSGS84,300,CA,0
CBW2-5-19-2018-0,2018-05-19,CBW2,48.75,-123.6217,WSGS84,300,CA,0
CBW2-5-23-2017-0,2017-05-23,CBW2,48.75,-123.6217,WSGS84,300,CA,0
CBW2-5-24-2016-0,2016-05-24,CBW2,48.75,-123.6217,WSGS84,300,CA,0
CBW2-5-26-2015-0,2015-05-26,CBW2,48.7516,-123.6223,WSGS84,300,CA,0
CBW2-5-30-2018-0,2018-05-30,CBW2,48.75,-123.6217,WSGS84,300,CA,0
CBW2-5-5-2017-0,2017-05-05,CBW2,48.75,-123.6217,WSGS84,300,CA,0
CBW2-5-9-2018-0,2018-05-09,CBW2,48.75,-123.6217,WSGS84,300,CA,0
CBW2-6-12-2017-0,2017-06-12,CBW2,48.75,-123.6217,WSGS84,300,CA,0
CBW2-6-15-2016-0,2016-06-15,CBW2,48.75,-123.6217,WSGS84,300,CA,0
CBW2-6-15-2018-0,2018-06-15,CBW2,48.75,-123.6217,WSGS84,300,CA,0
CBW2-6-21-2018-0,2018-06-21,CBW2,48.75,-123.6217,WSGS84,300,CA,0
CBW2-6-23-2017-0,2017-06-23,CBW2,48.75,-123.6217,WSGS84,300,CA,0
CBW2-6-28-2016-0,2016-06-28,CBW2,48.7497,-123.6206,WSGS84,300,CA,0
CBW2-6-6-2018-0,2018-06-06,CBW2,48.75,-123.6217,WSGS84,300,CA,0
CBW2-6-7-2016-0,2016-06-07,CBW2,48.7493,-123.62,WSGS84,300,CA,0
CBW2-6-7-2017-0,2017-06-07,CBW2,48.75,-123.6217,WSGS84,300,CA,0
CBW2-7-12-2018-0,2018-07-12,CBW2,48.75,-123.6217,WSGS84,300,CA,0
CBW2-7-16-2015-0,2015-07-16,CBW2,48.749,-123.6203,WSGS84,300,CA,0
CBW2-7-18-2017-0,2017-07-18,CBW2,48.75,-123.6217,WSGS84,300,CA,0
CBW2-7-20-2016-0,2016-07-20,CBW2,48.7499,-123.621,WSGS84,300,CA,0
CBW2-7-26-2016-0,2016-07-26,CBW2,48.75,-123.6217,WSGS84,300,CA,0
CBW2-7-26-2018-0,2018-07-26,CBW2,48.75,-123.6217,WSGS84,300,CA,0
CBW2-7-3-2015-0,2015-07-03,CBW2,48.7488,-123.6221,WSGS84,300,CA,0
CBW2-7-31-2017-0,2017-07-31,CBW2,48.75,-123.6217,WSGS84,300,CA,0
CBW2-7-4-2018-0,2018-07-04,CBW2,48.75,-123.6217,WSGS84,300,CA,0
CBW2-7-6-2016-0,2016-07-06,CBW2,48.75,-123.6206,WSGS84,300,CA,0
CBW2-7-7-2017-0,2017-07-07,CBW2,48.7483,-123.6217,WSGS84,300,CA,0
CBW2-8-15-2017-0,2017-08-15,CBW2,48.7483,-123.6217,WSGS84,300,CA,0
CBW2-8-15-2018-0,2018-08-15,CBW2,48.75,-123.6217,WSGS84,300,CA,0
CBW2-8-2-2018-0,2018-08-02,CBW2,48.75,-123.6217,WSGS84,300,CA,0
CBW2-8-22-2016-0,2016-08-22,CBW2,48.75,-123.6217,WSGS84,300,CA,0
CBW2-8-22-2017-0,2017-08-22,CBW2,48.75,-123.6217,WSGS84,300,CA,0
CBW2-8-22-2018-0,2018-08-22,CBW2,48.75,-123.6217,WSGS84,300,CA,0
CBW2-8-6-2015-0,2015-08-06,CBW2,48.7486,-123.6214,WSGS84,300,CA,0
CBW2-8-7-2017-0,2017-08-07,CBW2,48.75,-123.6217,WSGS84,300,CA,0
CBW2-8-9-2016-0,2016-08-09,CBW2,48.75,-123.6217,WSGS84,300,CA,0
CBW2-9-16-2015-0,2015-09-16,CBW2,48.7516,-123.6228,WSGS84,300,CA,0
CBW2-9-21-2016-0,2016-09-21,CBW2,48.75,-123.6212,WSGS84,300,CA,0
CBW2-9-26-2017-0,2017-09-26,CBW2,48.7483,-123.6217,WSGS84,300,CA,0
CBW2-9-26-2018-0,2018-09-26,CBW2,48.75,-123.6217,WSGS84,300,CA,0
CBW2-9-7-2017-0,2017-09-07,CBW2,48.75,-123.6217,WSGS84,300,CA,0
CBW2-9-7-2018-0,2018-09-07,CBW2,48.75,-123.6217,WSGS84,300,CA,0
CBW2-9-8-2016-0,2016-09-08,CBW2,48.75,-123.6202,WSGS84,300,CA,0
CBW3-1-27-2015-0,2015-01-27,CBW3,48.7567,-123.61,WSGS84,300,CA,0
CBW3-10-17-2016-0,2016-10-17,CBW3,48.7569,-123.6107,WSGS84,300,CA,0
CBW3-10-17-2017-0,2017-10-17,CBW3,48.7567,-123.61,WSGS84,300,CA,0
CBW3-2-19-2015-0,2015-02-19,CBW3,48.7581,-123.6114,WSGS84,300,CA,0
CBW3-3-19-2015-0,2015-03-19,CBW3,48.7584,-123.6118,WSGS84,300,CA,0
CBW3-3-21-2016-0,2016-03-21,CBW3,48.7587,-123.6123,WSGS84,300,CA,0
CBW3-3-21-2017-0,2017-03-21,CBW3,48.7567,-123.61,WSGS84,300,CA,0
CBW3-3-26-2015-0,2015-03-26,CBW3,48.7579,-123.6115,WSGS84,300,CA,0
CBW3-3-26-2018-0,2018-03-26,CBW3,48.7567,-123.61,WSGS84,300,CA,0
CBW3-3-3-2016-0,2016-03-03,CBW3,48.7567,-123.61,WSGS84,300,CA,0
CBW3-3-3-2017-0,2017-03-03,CBW3,48.7568,-123.6106,WSGS84,300,CA,0
CBW3-3-30-2016-0,2016-03-30,CBW3,48.7577,-123.6115,WSGS84,300,CA,0
CBW3-3-8-2017-0,2017-03-08,CBW3,48.757,-123.6107,WSGS84,300,CA,0
CBW3-3-9-2018-0,2018-03-09,CBW3,48.7567,-123.61,WSGS84,300,CA,0
CBW3-4-14-2017-0,2017-04-14,CBW3,48.7567,-123.61,WSGS84,300,CA,0
CBW3-4-16-2015-0,2015-04-16,CBW3,48.758,-123.612,WSGS84,300,CA,0
CBW3-4-19-2016-0,2016-04-19,CBW3,48.7584,-123.612,WSGS84,300,CA,0
CBW3-4-20-2018-0,2018-04-20,CBW3,48.7567,-123.61,WSGS84,300,CA,0
CBW3-4-24-2017-0,2017-04-24,CBW3,48.7567,-123.61,WSGS84,300,CA,0
CBW3-4-25-2018-0,2018-04-25,CBW3,48.7567,-123.61,WSGS84,300,CA,0
CBW3-4-27-2016-0,2016-04-27,CBW3,48.7567,-123.61,WSGS84,300,CA,0
CBW3-4-3-2018-0,2018-04-03,CBW3,48.7567,-123.61,WSGS84,300,CA,0
CBW3-4-4-2015-0,2015-04-04,CBW3,48.7567,-123.61,WSGS84,300,CA,0
CBW3-4-6-2017-0,2017-04-06,CBW3,48.7568,-123.6106,WSGS84,300,CA,0
CBW3-5-10-2016-0,2016-05-10,CBW3,48.7567,-123.61,WSGS84,300,CA,0
CBW3-5-11-2017-0,2017-05-11,CBW3,48.7567,-123.61,WSGS84,300,CA,0
CBW3-5-17-2016-0,2016-05-17,CBW3,48.7567,-123.61,WSGS84,300,CA,0
CBW3-5-19-2018-0,2018-05-19,CBW3,48.7567,-123.61,WSGS84,300,CA,0
CBW3-5-23-2017-0,2017-05-23,CBW3,48.7567,-123.61,WSGS84,300,CA,0
CBW3-5-24-2016-0,2016-05-24,CBW3,48.7567,-123.61,WSGS84,300,CA,0
CBW3-5-26-2015-0,2015-05-26,CBW3,48.7581,-123.6118,WSGS84,300,CA,0
CBW3-5-30-2018-0,2018-05-30,CBW3,48.7567,-123.61,WSGS84,300,CA,0
CBW3-5-5-2017-0,2017-05-05,CBW3,48.7567,-123.61,WSGS84,300,CA,0
CBW3-5-9-2018-0,2018-05-09,CBW3,48.7567,-123.61,WSGS84,300,CA,0
CBW3-6-12-2017-0,2017-06-12,CBW3,48.7567,-123.61,WSGS84,300,CA,0
CBW3-6-15-2016-0,2016-06-15,CBW3,48.7567,-123.61,WSGS84,300,CA,0
CBW3-6-15-2018-0,2018-06-15,CBW3,48.7567,-123.61,WSGS84,300,CA,0
CBW3-6-21-2018-0,2018-06-21,CBW3,48.7567,-123.61,WSGS84,300,CA,0
CBW3-6-23-2017-0,2017-06-23,CBW3,48.7567,-123.61,WSGS84,300,CA,0
CBW3-6-28-2016-0,2016-06-28,CBW3,48.7574,-123.611,WSGS84,300,CA,0
CBW3-6-6-2018-0,2018-06-06,CBW3,48.7567,-123.61,WSGS84,300,CA,0
CBW3-6-7-2016-0,2016-06-07,CBW3,48.7567,-123.61,WSGS84,300,CA,0
CBW3-6-7-2017-0,2017-06-07,CBW3,48.7567,-123.61,WSGS84,300,CA,0
CBW3-7-12-2018-0,2018-07-12,CBW3,48.7567,-123.61,WSGS84,300,CA,0
CBW3-7-16-2015-0,2015-07-16,CBW3,48.7589,-123.6132,WSGS84,300,CA,0
CBW3-7-18-2017-0,2017-07-18,CBW3,48.7567,-123.61,WSGS84,300,CA,0
CBW3-7-20-2016-0,2016-07-20,CBW3,48.7569,-123.611,WSGS84,300,CA,0
CBW3-7-26-2016-0,2016-07-26,CBW3,48.7567,-123.61,WSGS84,300,CA,0
CBW3-7-26-2018-0,2018-07-26,CBW3,48.7567,-123.61,WSGS84,300,CA,0
CBW3-7-3-2015-0,2015-07-03,CBW3,48.7566,-123.6107,WSGS84,300,CA,0
CBW3-7-31-2017-0,2017-07-31,CBW3,48.7567,-123.61,WSGS84,300,CA,0
CBW3-7-4-2018-0,2018-07-04,CBW3,48.7567,-123.61,WSGS84,300,CA,0
CBW3-7-6-2016-0,2016-07-06,CBW3,48.7567,-123.6107,WSGS84,300,CA,0
CBW3-7-7-2017-0,2017-07-07,CBW3,48.7567,-123.61,WSGS84,300,CA,0
CBW3-8-15-2017-0,2017-08-15,CBW3,48.7567,-123.61,WSGS84,300,CA,0
CBW3-8-15-2018-0,2018-08-15,CBW3,48.7567,-123.61,WSGS84,300,CA,0
CBW3-8-2-2018-0,2018-08-02,CBW3,48.7567,-123.61,WSGS84,300,CA,0
CBW3-8-22-2016-0,2016-08-22,CBW3,48.7567,-123.6117,WSGS84,300,CA,0
CBW3-8-22-2017-0,2017-08-22,CBW3,48.7567,-123.61,WSGS84,300,CA,0
CBW3-8-22-2018-0,2018-08-22,CBW3,48.7567,-123.61,WSGS84,300,CA,0
CBW3-8-6-2015-0,2015-08-06,CBW3,48.7571,-123.6108,WSGS84,300,CA,0
CBW3-8-7-2017-0,2017-08-07,CBW3,48.7567,-123.61,WSGS84,300,CA,0
CBW3-8-9-2016-0,2016-08-09,CBW3,48.7567,-123.6117,WSGS84,300,CA,0
CBW3-9-16-2015-0,2015-09-16,CBW3,48.7583,-123.6124,WSGS84,300,CA,0
CBW3-9-21-2016-0,2016-09-21,CBW3,48.7571,-123.611,WSGS84,300,CA,0
CBW3-9-26-2017-0,2017-09-26,CBW3,48.7567,-123.61,WSGS84,300,CA,0
CBW3-9-26-2018-0,2018-09-26,CBW3,48.7567,-123.61,WSGS84,300,CA,0
CBW3-9-7-2017-0,2017-09-07,CBW3,48.7567,-123.61,WSGS84,300,CA,0
CBW3-9-7-2018-0,2018-09-07,CBW3,48.7567,-123.61,WSGS84,300,CA,0
CBW3-9-8-2016-0,2016-09-08,CBW3,48.7567,-123.6106,WSGS84,300,CA,0
CR1-10-5-2015-0,2015-10-05,CR1,50.0783,-125.2817,WSGS84,300,CA,0
CR1-2-19-2015-0,2015-02-19,CR1,50.0783,-125.2817,WSGS84,300,CA,0
CR1-2-19-2016-0,2016-02-19,CR1,50.0783,-125.2817,WSGS84,300,CA,0
CR1-3-13-2015-0,2015-03-13,CR1,50.0785,-125.2816,WSGS84,300,CA,0
CR1-3-17-2016-0,2016-03-17,CR1,50.078,-125.2807,WSGS84,300,CA,0
CR1-3-18-2015-0,2015-03-18,CR1,50.078,-125.2809,WSGS84,300,CA,0
CR1-3-27-2015-0,2015-03-27,CR1,50.0783,-125.2814,WSGS84,300,CA,0
CR1-3-28-2016-0,2016-03-28,CR1,50.0783,-125.2817,WSGS84,300,CA,0
CR1-4-10-2015-0,2015-04-10,CR1,50.0784,-125.2814,WSGS84,300,CA,0
CR1-4-14-2016-0,2016-04-14,CR1,50.0783,-125.2817,WSGS84,300,CA,0
CR1-4-17-2015-0,2015-04-17,CR1,50.0783,-125.2817,WSGS84,300,CA,0
CR1-4-2-2015-0,2015-04-02,CR1,50.0783,-125.2813,WSGS84,300,CA,0
CR1-5-11-2015-0,2015-05-11,CR1,50.0785,-125.2821,WSGS84,300,CA,0
CR1-5-19-2015-0,2015-05-19,CR1,50.0782,-125.2813,WSGS84,300,CA,0
CR1-5-25-2015-0,2015-05-25,CR1,50.0783,-125.2819,WSGS84,300,CA,0
CR1-6-16-2015-0,2015-06-16,CR1,50.0772,-125.2778,WSGS84,300,CA,0
CR1-6-23-2015-0,2015-06-23,CR1,50.0784,-125.2819,WSGS84,300,CA,0
CR1-6-29-2016-0,2016-06-29,CR1,50.0786,-125.2817,WSGS84,300,CA,0
CR1-6-8-2015-0,2015-06-08,CR1,50.0783,-125.2817,WSGS84,300,CA,0
CR1-7-16-2015-0,2015-07-16,CR1,50.0773,-125.282,WSGS84,300,CA,0
CR1-7-2-2015-0,2015-07-02,CR1,50.0782,-125.2806,WSGS84,300,CA,0
CR1-8-9-2015-0,2015-08-09,CR1,50.0787,-125.2819,WSGS84,300,CA,0
CR1-9-14-2015-0,2015-09-14,CR1,50.078,-125.2814,WSGS84,300,CA,0
CR10-10-11-2018-0,2018-10-11,CR10,50,-125.1,WSGS84,300,CA,0
CR10-10-17-2017-0,2017-10-17,CR10,49.9992,-125.1075,WSGS84,300,CA,0
CR10-10-18-2016-0,2016-10-18,CR10,49.9989,-125.1005,WSGS84,300,CA,0
CR10-2-28-2017-0,2017-02-28,CR10,50.0004,-125.1012,WSGS84,300,CA,0
CR10-3-20-2017-0,2017-03-20,CR10,49.9996,-125.1009,WSGS84,300,CA,0
CR10-3-28-2018-0,2018-03-28,CR10,50,-125.1,WSGS84,300,CA,0
CR10-3-7-2018-0,2018-03-07,CR10,50,-125.1,WSGS84,300,CA,0
CR10-3-9-2017-0,2017-03-09,CR10,50,-125.1,WSGS84,300,CA,0
CR10-4-19-2018-0,2018-04-19,CR10,50,-125.1,WSGS84,300,CA,0
CR10-4-24-2017-0,2017-04-24,CR10,49.9997,-125.0996,WSGS84,300,CA,0
CR10-4-26-2018-0,2018-04-26,CR10,50,-125.1,WSGS84,300,CA,0
CR10-5-10-2017-0,2017-05-10,CR10,49.9982,-125.1006,WSGS84,300,CA,0
CR10-5-10-2018-0,2018-05-10,CR10,50,-125.1,WSGS84,300,CA,0
CR10-5-16-2018-0,2018-05-16,CR10,50,-125.1,WSGS84,300,CA,0
CR10-5-17-2016-0,2016-05-17,CR10,50.0001,-125.1,WSGS84,300,CA,0
CR10-5-24-2016-0,2016-05-24,CR10,49.9994,-125.1001,WSGS84,300,CA,0
CR10-5-30-2018-0,2018-05-30,CR10,50,-125.1,WSGS84,300,CA,0
CR10-5-4-2017-0,2017-05-04,CR10,49.9999,-125.0998,WSGS84,300,CA,0
CR10-6-13-2016-0,2016-06-13,CR10,50.0001,-125.1,WSGS84,300,CA,0
CR10-6-13-2017-0,2017-06-13,CR10,49.9993,-125.0999,WSGS84,300,CA,0
CR10-6-14-2018-0,2018-06-14,CR10,50,-125.1,WSGS84,300,CA,0
CR10-6-20-2018-0,2018-06-20,CR10,50,-125.1,WSGS84,300,CA,0
CR10-6-23-2017-0,2017-06-23,CR10,49.9982,-125.1018,WSGS84,300,CA,0
CR10-6-29-2016-0,2016-06-29,CR10,50,-125.0997,WSGS84,300,CA,0
CR10-6-4-2017-0,2017-06-04,CR10,49.9995,-125.1008,WSGS84,300,CA,0
CR10-7-12-2018-0,2018-07-12,CR10,50,-125.1,WSGS84,300,CA,0
CR10-7-17-2017-0,2017-07-17,CR10,49.9984,-125.0998,WSGS84,300,CA,0
CR10-7-21-2016-0,2016-07-21,CR10,49.999,-125.1002,WSGS84,300,CA,0
CR10-7-25-2016-0,2016-07-25,CR10,50.0001,-125.1004,WSGS84,300,CA,0
CR10-7-25-2018-0,2018-07-25,CR10,50,-125.1,WSGS84,300,CA,0
CR10-7-31-2017-0,2017-07-31,CR10,50.0001,-125.1008,WSGS84,300,CA,0
CR10-7-5-2018-0,2018-07-05,CR10,50,-125.1,WSGS84,300,CA,0
CR10-7-6-2017-0,2017-07-06,CR10,50.0001,-125.0999,WSGS84,300,CA,0
CR10-8-14-2017-0,2017-08-14,CR10,50,-125.1019,WSGS84,300,CA,0
CR10-8-17-2018-0,2018-08-17,CR10,50,-125.1,WSGS84,300,CA,0
CR10-8-20-2017-0,2017-08-20,CR10,49.9987,-125.1001,WSGS84,300,CA,0
CR10-8-23-2018-0,2018-08-23,CR10,50,-125.1,WSGS84,300,CA,0
CR10-8-3-2016-0,2016-08-03,CR10,49.9988,-125.0998,WSGS84,300,CA,0
CR10-8-3-2018-0,2018-08-03,CR10,50,-125.1,WSGS84,300,CA,0
CR10-8-8-2016-0,2016-08-08,CR10,50,-125.1002,WSGS84,300,CA,0
CR10-8-9-2017-0,2017-08-09,CR10,49.9995,-125.1,WSGS84,300,CA,0
CR10-9-22-2016-0,2016-09-22,CR10,49.9993,-125.0995,WSGS84,300,CA,0
CR10-9-5-2016-0,2016-09-05,CR10,50,-125.1,WSGS84,300,CA,0
CR10-9-6-2017-0,2017-09-06,CR10,49.9999,-125.0999,WSGS84,300,CA,0
CR11-10-11-2018-0,2018-10-11,CR11,49.9333,-124.9833,WSGS84,300,CA,0
CR11-3-20-2017-0,2017-03-20,CR11,49.9336,-124.9839,WSGS84,300,CA,0
CR11-3-28-2018-0,2018-03-28,CR11,49.9333,-124.9833,WSGS84,300,CA,0
CR11-3-7-2018-0,2018-03-07,CR11,49.9333,-124.9833,WSGS84,300,CA,0
CR11-3-9-2017-0,2017-03-09,CR11,49.9352,-124.982,WSGS84,300,CA,0
CR11-4-19-2018-0,2018-04-19,CR11,49.9333,-124.9833,WSGS84,300,CA,0
CR11-4-24-2017-0,2017-04-24,CR11,49.9335,-124.983,WSGS84,300,CA,0
CR11-4-26-2018-0,2018-04-26,CR11,49.9333,-124.9833,WSGS84,300,CA,0
CR11-5-10-2017-0,2017-05-10,CR11,49.9331,-124.9833,WSGS84,300,CA,0
CR11-5-10-2018-0,2018-05-10,CR11,49.9333,-124.9833,WSGS84,300,CA,0
CR11-5-16-2018-0,2018-05-16,CR11,49.9333,-124.9833,WSGS84,300,CA,0
CR11-5-17-2016-0,2016-05-17,CR11,49.9341,-124.9851,WSGS84,300,CA,0
CR11-5-24-2016-0,2016-05-24,CR11,49.933,-124.9831,WSGS84,300,CA,0
CR11-5-30-2018-0,2018-05-30,CR11,49.9333,-124.9833,WSGS84,300,CA,0
CR11-5-4-2017-0,2017-05-04,CR11,49.9335,-124.9833,WSGS84,300,CA,0
CR11-6-13-2016-0,2016-06-13,CR11,49.9333,-124.9833,WSGS84,300,CA,0
CR11-6-13-2017-0,2017-06-13,CR11,49.9329,-124.9834,WSGS84,300,CA,0
CR11-6-14-2018-0,2018-06-14,CR11,49.9333,-124.9833,WSGS84,300,CA,0
CR11-6-20-2018-0,2018-06-20,CR11,49.9333,-124.9833,WSGS84,300,CA,0
CR11-6-23-2017-0,2017-06-23,CR11,49.9344,-124.9814,WSGS84,300,CA,0
CR11-6-4-2017-0,2017-06-04,CR11,49.9332,-124.9833,WSGS84,300,CA,0
CR11-7-17-2017-0,2017-07-17,CR11,49.9337,-124.9799,WSGS84,300,CA,0
CR11-7-21-2016-0,2016-07-21,CR11,49.9332,-124.9834,WSGS84,300,CA,0
CR11-7-25-2016-0,2016-07-25,CR11,49.9333,-124.983,WSGS84,300,CA,0
CR11-7-25-2018-0,2018-07-25,CR11,49.9333,-124.9833,WSGS84,300,CA,0
CR11-7-31-2017-0,2017-07-31,CR11,49.9338,-124.9809,WSGS84,300,CA,0
CR11-7-5-2018-0,2018-07-05,CR11,49.9333,-124.9833,WSGS84,300,CA,0
CR11-7-6-2017-0,2017-07-06,CR11,49.9333,-124.9833,WSGS84,300,CA,0
CR11-8-14-2017-0,2017-08-14,CR11,49.9334,-124.9829,WSGS84,300,CA,0
CR11-8-17-2018-0,2018-08-17,CR11,49.9333,-124.9833,WSGS84,300,CA,0
CR11-8-20-2017-0,2017-08-20,CR11,49.9331,-124.9835,WSGS84,300,CA,0
CR11-8-23-2018-0,2018-08-23,CR11,49.9333,-124.9833,WSGS84,300,CA,0
CR11-8-3-2016-0,2016-08-03,CR11,49.9325,-124.9839,WSGS84,300,CA,0
CR11-8-3-2018-0,2018-08-03,CR11,49.9333,-124.9833,WSGS84,300,CA,0
CR11-8-8-2016-0,2016-08-08,CR11,49.9332,-124.9838,WSGS84,300,CA,0
CR11-8-9-2017-0,2017-08-09,CR11,49.9332,-124.9838,WSGS84,300,CA,0
CR11-9-22-2016-0,2016-09-22,CR11,49.9331,-124.9842,WSGS84,300,CA,0
CR11-9-6-2017-0,2017-09-06,CR11,49.9333,-124.9834,WSGS84,300,CA,0
CR2-10-5-2015-0,2015-10-05,CR2,50.085,-125.275,WSGS84,300,CA,0
CR2-2-19-2015-0,2015-02-19,CR2,50.085,-125.275,WSGS84,300,CA,0
CR2-2-19-2016-0,2016-02-19,CR2,50.085,-125.275,WSGS84,300,CA,0
CR2-3-13-2015-0,2015-03-13,CR2,50.0848,-125.2741,WSGS84,300,CA,0
CR2-3-17-2016-0,2016-03-17,CR2,50.0809,-125.2643,WSGS84,300,CA,0
CR2-3-18-2015-0,2015-03-18,CR2,50.0873,-125.2774,WSGS84,300,CA,0
CR2-3-27-2015-0,2015-03-27,CR2,50.0844,-125.2746,WSGS84,300,CA,0
CR2-3-28-2016-0,2016-03-28,CR2,50.0817,-125.265,WSGS84,300,CA,0
CR2-4-10-2015-0,2015-04-10,CR2,50.0848,-125.2743,WSGS84,300,CA,0
CR2-4-14-2016-0,2016-04-14,CR2,50.0817,-125.265,WSGS84,300,CA,0
CR2-4-17-2015-0,2015-04-17,CR2,50.0841,-125.2735,WSGS84,300,CA,0
CR2-4-2-2015-0,2015-04-02,CR2,50.0848,-125.2747,WSGS84,300,CA,0
CR2-5-11-2015-0,2015-05-11,CR2,50.085,-125.275,WSGS84,300,CA,0
CR2-5-19-2015-0,2015-05-19,CR2,50.0851,-125.276,WSGS84,300,CA,0
CR2-5-25-2015-0,2015-05-25,CR2,50.085,-125.2742,WSGS84,300,CA,0
CR2-6-16-2015-0,2015-06-16,CR2,50.085,-125.275,WSGS84,300,CA,0
CR2-6-23-2015-0,2015-06-23,CR2,50.0855,-125.276,WSGS84,300,CA,0
CR2-6-8-2015-0,2015-06-08,CR2,50.085,-125.275,WSGS84,300,CA,0
CR2-7-16-2015-0,2015-07-16,CR2,50.085,-125.275,WSGS84,300,CA,0
CR2-7-2-2015-0,2015-07-02,CR2,50.0849,-125.2743,WSGS84,300,CA,0
CR2-8-9-2015-0,2015-08-09,CR2,50.085,-125.275,WSGS84,300,CA,0
CR2-9-14-2015-0,2015-09-14,CR2,50.085,-125.275,WSGS84,300,CA,0
CR3-10-5-2015-0,2015-10-05,CR3,50.0917,-125.265,WSGS84,300,CA,0
CR3-2-19-2015-0,2015-02-19,CR3,50.0917,-125.265,WSGS84,300,CA,0
CR3-2-19-2016-0,2016-02-19,CR3,50.0917,-125.265,WSGS84,300,CA,0
CR3-3-13-2015-0,2015-03-13,CR3,50.0918,-125.2646,WSGS84,300,CA,0
CR3-3-17-2016-0,2016-03-17,CR3,50.0846,-125.253,WSGS84,300,CA,0
CR3-3-18-2015-0,2015-03-18,CR3,50.0914,-125.2645,WSGS84,300,CA,0
CR3-3-27-2015-0,2015-03-27,CR3,50.0919,-125.2655,WSGS84,300,CA,0
CR3-3-28-2016-0,2016-03-28,CR3,50.085,-125.2533,WSGS84,300,CA,0
CR3-4-10-2015-0,2015-04-10,CR3,50.092,-125.2657,WSGS84,300,CA,0
CR3-4-14-2016-0,2016-04-14,CR3,50.085,-125.2533,WSGS84,300,CA,0
CR3-4-17-2015-0,2015-04-17,CR3,50.0917,-125.265,WSGS84,300,CA,0
CR3-4-2-2015-0,2015-04-02,CR3,50.0917,-125.2648,WSGS84,300,CA,0
CR3-5-11-2015-0,2015-05-11,CR3,50.092,-125.2661,WSGS84,300,CA,0
CR3-5-19-2015-0,2015-05-19,CR3,50.0916,-125.2646,WSGS84,300,CA,0
CR3-5-25-2015-0,2015-05-25,CR3,50.0919,-125.2652,WSGS84,300,CA,0
CR3-6-16-2015-0,2015-06-16,CR3,50.091,-125.2637,WSGS84,300,CA,0
CR3-6-23-2015-0,2015-06-23,CR3,50.0917,-125.2651,WSGS84,300,CA,0
CR3-6-8-2015-0,2015-06-08,CR3,50.0917,-125.265,WSGS84,300,CA,0
CR3-7-16-2015-0,2015-07-16,CR3,50.0915,-125.2636,WSGS84,300,CA,0
CR3-7-2-2015-0,2015-07-02,CR3,50.0916,-125.265,WSGS84,300,CA,0
CR3-8-9-2015-0,2015-08-09,CR3,50.0938,-125.2692,WSGS84,300,CA,0
CR4-10-17-2017-0,2017-10-17,CR4,50.0313,-125.2249,WSGS84,300,CA,0
CR4-10-18-2016-0,2016-10-18,CR4,50.0337,-125.2264,WSGS84,300,CA,0
CR4-10-5-2015-0,2015-10-05,CR4,50.0325,-125.2257,WSGS84,300,CA,0
CR4-2-19-2015-0,2015-02-19,CR4,50.0333,-125.2267,WSGS84,300,CA,0
CR4-2-19-2016-0,2016-02-19,CR4,50.0333,-125.2267,WSGS84,300,CA,0
CR4-2-28-2017-0,2017-02-28,CR4,50.0336,-125.2266,WSGS84,300,CA,0
CR4-3-13-2015-0,2015-03-13,CR4,50.0333,-125.2267,WSGS84,300,CA,0
CR4-3-14-2018-0,2018-03-14,CR4,50.0333,-125.2267,WSGS84,300,CA,0
CR4-3-17-2016-0,2016-03-17,CR4,50.0316,-125.225,WSGS84,300,CA,0
CR4-3-18-2015-0,2015-03-18,CR4,50.0342,-125.2267,WSGS84,300,CA,0
CR4-3-20-2017-0,2017-03-20,CR4,50.0345,-125.2275,WSGS84,300,CA,0
CR4-3-27-2015-0,2015-03-27,CR4,50.0333,-125.2278,WSGS84,300,CA,0
CR4-3-28-2018-0,2018-03-28,CR4,50.0333,-125.2267,WSGS84,300,CA,0
CR4-3-7-2018-0,2018-03-07,CR4,50.0333,-125.2267,WSGS84,300,CA,0
CR4-3-9-2017-0,2017-03-09,CR4,50.0328,-125.2262,WSGS84,300,CA,0
CR4-4-10-2015-0,2015-04-10,CR4,50.0341,-125.2275,WSGS84,300,CA,0
CR4-4-14-2016-0,2016-04-14,CR4,50.0333,-125.2267,WSGS84,300,CA,0
CR4-4-17-2015-0,2015-04-17,CR4,50.0321,-125.2259,WSGS84,300,CA,0
CR4-4-19-2016-0,2016-04-19,CR4,50.0333,-125.2267,WSGS84,300,CA,0
CR4-4-19-2018-0,2018-04-19,CR4,50.0333,-125.2267,WSGS84,300,CA,0
CR4-4-2-2015-0,2015-04-02,CR4,50.0336,-125.2266,WSGS84,300,CA,0
CR4-4-24-2017-0,2017-04-24,CR4,50.0329,-125.2261,WSGS84,300,CA,0
CR4-4-25-2016-0,2016-04-25,CR4,50.0354,-125.2267,WSGS84,300,CA,0
CR4-4-26-2018-0,2018-04-26,CR4,50.0333,-125.2267,WSGS84,300,CA,0
CR4-5-10-2017-0,2017-05-10,CR4,50.0321,-125.2257,WSGS84,300,CA,0
CR4-5-10-2018-0,2018-05-10,CR4,50.0333,-125.2267,WSGS84,300,CA,0
CR4-5-11-2015-0,2015-05-11,CR4,50.0334,-125.2266,WSGS84,300,CA,0
CR4-5-11-2016-0,2016-05-11,CR4,50.034,-125.2271,WSGS84,300,CA,0
CR4-5-16-2018-0,2018-05-16,CR4,50.0333,-125.2267,WSGS84,300,CA,0
CR4-5-17-2016-0,2016-05-17,CR4,50.0337,-125.2261,WSGS84,300,CA,0
CR4-5-19-2015-0,2015-05-19,CR4,50.0333,-125.2267,WSGS84,300,CA,0
CR4-5-24-2016-0,2016-05-24,CR4,50.0352,-125.2275,WSGS84,300,CA,0
CR4-5-25-2015-0,2015-05-25,CR4,50.0322,-125.2255,WSGS84,300,CA,0
CR4-5-30-2018-0,2018-05-30,CR4,50.0333,-125.2267,WSGS84,300,CA,0
CR4-5-4-2017-0,2017-05-04,CR4,50.0348,-125.2276,WSGS84,300,CA,0
CR4-6-13-2016-0,2016-06-13,CR4,50.0299,-125.2237,WSGS84,300,CA,0
CR4-6-13-2017-0,2017-06-13,CR4,50.0335,-125.2268,WSGS84,300,CA,0
CR4-6-14-2018-0,2018-06-14,CR4,50.0333,-125.2267,WSGS84,300,CA,0
CR4-6-16-2015-0,2015-06-16,CR4,50.0331,-125.2262,WSGS84,300,CA,0
CR4-6-20-2018-0,2018-06-20,CR4,50.0333,-125.2267,WSGS84,300,CA,0
CR4-6-23-2015-0,2015-06-23,CR4,50.0338,-125.2272,WSGS84,300,CA,0
CR4-6-23-2017-0,2017-06-23,CR4,50.0317,-125.2255,WSGS84,300,CA,0
CR4-6-29-2016-0,2016-06-29,CR4,50.0336,-125.2278,WSGS84,300,CA,0
CR4-6-4-2017-0,2017-06-04,CR4,50.0326,-125.2253,WSGS84,300,CA,0
CR4-6-8-2015-0,2015-06-08,CR4,50.0333,-125.2267,WSGS84,300,CA,0
CR4-7-16-2015-0,2015-07-16,CR4,50.0344,-125.228,WSGS84,300,CA,0
CR4-7-17-2017-0,2017-07-17,CR4,50.0335,-125.2272,WSGS84,300,CA,0
CR4-7-2-2015-0,2015-07-02,CR4,50.0324,-125.2261,WSGS84,300,CA,0
CR4-7-25-2016-0,2016-07-25,CR4,50.0396,-125.2303,WSGS84,300,CA,0
CR4-7-25-2018-0,2018-07-25,CR4,50.0333,-125.2267,WSGS84,300,CA,0
CR4-7-31-2017-0,2017-07-31,CR4,50.033,-125.2259,WSGS84,300,CA,0
CR4-7-5-2018-0,2018-07-05,CR4,50.0333,-125.2267,WSGS84,300,CA,0
CR4-7-6-2017-0,2017-07-06,CR4,50.0319,-125.2248,WSGS84,300,CA,0
CR4-8-14-2017-0,2017-08-14,CR4,50.0356,-125.228,WSGS84,300,CA,0
CR4-8-17-2018-0,2018-08-17,CR4,50.0333,-125.2267,WSGS84,300,CA,0
CR4-8-20-2017-0,2017-08-20,CR4,50.0322,-125.2259,WSGS84,300,CA,0
CR4-8-23-2018-0,2018-08-23,CR4,50.0333,-125.2267,WSGS84,300,CA,0
CR4-8-3-2016-0,2016-08-03,CR4,50.0318,-125.225,WSGS84,300,CA,0
CR4-8-3-2018-0,2018-08-03,CR4,50.0333,-125.2267,WSGS84,300,CA,0
CR4-8-8-2016-0,2016-08-08,CR4,50.0342,-125.2274,WSGS84,300,CA,0
CR4-8-9-2015-0,2015-08-09,CR4,50.0325,-125.2257,WSGS84,300,CA,0
CR4-8-9-2017-0,2017-08-09,CR4,50.0391,-125.2271,WSGS84,300,CA,0
CR4-9-22-2016-0,2016-09-22,CR4,50.0346,-125.2275,WSGS84,300,CA,0
CR4-9-5-2016-0,2016-09-05,CR4,50.0357,-125.2268,WSGS84,300,CA,0
CR4-9-6-2017-0,2017-09-06,CR4,50.0361,-125.2268,WSGS84,300,CA,0
CR5-10-5-2015-0,2015-10-05,CR5,49.9868,-124.9819,WSGS84,300,CA,0
CR5-2-19-2015-0,2015-02-19,CR5,49.9867,-124.9817,WSGS84,300,CA,0
CR5-2-20-2016-0,2016-02-20,CR5,49.9867,-124.9817,WSGS84,300,CA,0
CR5-3-13-2015-0,2015-03-13,CR5,49.9868,-124.9821,WSGS84,300,CA,0
CR5-3-17-2016-0,2016-03-17,CR5,49.9858,-124.9825,WSGS84,300,CA,0
CR5-3-18-2015-0,2015-03-18,CR5,49.987,-124.9819,WSGS84,300,CA,0
CR5-3-20-2017-0,2017-03-20,CR5,49.9857,-124.9825,WSGS84,300,CA,0
CR5-3-28-2018-0,2018-03-28,CR5,49.9867,-124.9817,WSGS84,300,CA,0
CR5-3-7-2018-0,2018-03-07,CR5,49.9867,-124.9817,WSGS84,300,CA,0
CR5-3-9-2017-0,2017-03-09,CR5,49.9863,-124.9862,WSGS84,300,CA,0
CR5-4-14-2016-0,2016-04-14,CR5,49.9867,-124.9817,WSGS84,300,CA,0
CR5-4-17-2015-0,2015-04-17,CR5,49.9849,-124.9822,WSGS84,300,CA,0
CR5-4-19-2016-0,2016-04-19,CR5,49.9867,-124.9817,WSGS84,300,CA,0
CR5-4-19-2018-0,2018-04-19,CR5,49.9867,-124.9817,WSGS84,300,CA,0
CR5-4-2-2015-0,2015-04-02,CR5,49.9855,-124.9821,WSGS84,300,CA,0
CR5-4-24-2017-0,2017-04-24,CR5,49.9869,-124.9828,WSGS84,300,CA,0
CR5-4-25-2016-0,2016-04-25,CR5,49.9863,-124.9817,WSGS84,300,CA,0
CR5-4-26-2018-0,2018-04-26,CR5,49.9867,-124.9817,WSGS84,300,CA,0
CR5-5-10-2017-0,2017-05-10,CR5,49.9865,-124.9818,WSGS84,300,CA,0
CR5-5-10-2018-0,2018-05-10,CR5,49.9867,-124.9817,WSGS84,300,CA,0
CR5-5-11-2015-0,2015-05-11,CR5,49.9836,-124.9834,WSGS84,300,CA,0
CR5-5-11-2016-0,2016-05-11,CR5,49.9856,-124.9811,WSGS84,300,CA,0
CR5-5-16-2018-0,2018-05-16,CR5,49.9867,-124.9817,WSGS84,300,CA,0
CR5-5-17-2016-0,2016-05-17,CR5,49.9868,-124.9818,WSGS84,300,CA,0
CR5-5-19-2015-0,2015-05-19,CR5,49.9842,-124.9775,WSGS84,300,CA,0
CR5-5-24-2016-0,2016-05-24,CR5,49.9861,-124.9814,WSGS84,300,CA,0
CR5-5-25-2015-0,2015-05-25,CR5,49.9859,-124.9793,WSGS84,300,CA,0
CR5-5-30-2018-0,2018-05-30,CR5,49.9867,-124.9817,WSGS84,300,CA,0
CR5-5-4-2017-0,2017-05-04,CR5,49.9868,-124.9816,WSGS84,300,CA,0
CR5-6-13-2016-0,2016-06-13,CR5,49.9879,-124.9827,WSGS84,300,CA,0
CR5-6-13-2017-0,2017-06-13,CR5,49.9862,-124.982,WSGS84,300,CA,0
CR5-6-14-2018-0,2018-06-14,CR5,49.9867,-124.9817,WSGS84,300,CA,0
CR5-6-16-2015-0,2015-06-16,CR5,49.9847,-124.9818,WSGS84,300,CA,0
CR5-6-20-2018-0,2018-06-20,CR5,49.9867,-124.9817,WSGS84,300,CA,0
CR5-6-23-2015-0,2015-06-23,CR5,49.9863,-124.9812,WSGS84,300,CA,0
CR5-6-23-2017-0,2017-06-23,CR5,49.9851,-124.982,WSGS84,300,CA,0
CR5-6-29-2016-0,2016-06-29,CR5,49.9862,-124.981,WSGS84,300,CA,0
CR5-6-4-2017-0,2017-06-04,CR5,49.9864,-124.9814,WSGS84,300,CA,0
CR5-7-16-2015-0,2015-07-16,CR5,49.9821,-124.9833,WSGS84,300,CA,0
CR5-7-17-2017-0,2017-07-17,CR5,49.9863,-124.9819,WSGS84,300,CA,0
CR5-7-2-2015-0,2015-07-02,CR5,49.9855,-124.9821,WSGS84,300,CA,0
CR5-7-21-2016-0,2016-07-21,CR5,49.9867,-124.9817,WSGS84,300,CA,0
CR5-7-25-2016-0,2016-07-25,CR5,49.9865,-124.982,WSGS84,300,CA,0
CR5-7-25-2018-0,2018-07-25,CR5,49.9867,-124.9817,WSGS84,300,CA,0
CR5-7-31-2017-0,2017-07-31,CR5,49.9851,-124.9843,WSGS84,300,CA,0
CR5-7-5-2018-0,2018-07-05,CR5,49.9867,-124.9817,WSGS84,300,CA,0
CR5-7-6-2017-0,2017-07-06,CR5,49.9867,-124.9817,WSGS84,300,CA,0
CR5-8-14-2017-0,2017-08-14,CR5,49.9868,-124.9825,WSGS84,300,CA,0
CR5-8-17-2018-0,2018-08-17,CR5,49.9867,-124.9817,WSGS84,300,CA,0
CR5-8-20-2017-0,2017-08-20,CR5,49.9863,-124.9817,WSGS84,300,CA,0
CR5-8-23-2018-0,2018-08-23,CR5,49.9867,-124.9817,WSGS84,300,CA,0
CR5-8-3-2016-0,2016-08-03,CR5,49.9856,-124.9824,WSGS84,300,CA,0
CR5-8-3-2018-0,2018-08-03,CR5,49.9867,-124.9817,WSGS84,300,CA,0
CR5-8-8-2016-0,2016-08-08,CR5,49.987,-124.9817,WSGS84,300,CA,0
CR5-8-9-2017-0,2017-08-09,CR5,49.9862,-124.9818,WSGS84,300,CA,0
CR5-9-22-2016-0,2016-09-22,CR5,49.9861,-124.9821,WSGS84,300,CA,0
CR5-9-6-2017-0,2017-09-06,CR5,49.9867,-124.982,WSGS84,300,CA,0
CR6-10-11-2018-0,2018-10-11,CR6,49.98,-125.0717,WSGS84,300,CA,0
CR6-10-18-2016-0,2016-10-18,CR6,49.9793,-125.0738,WSGS84,300,CA,0
CR6-10-5-2015-0,2015-10-05,CR6,49.98,-125.0717,WSGS84,300,CA,0
CR6-2-19-2015-0,2015-02-19,CR6,49.98,-125.0717,WSGS84,300,CA,0
CR6-2-20-2016-0,2016-02-20,CR6,49.98,-125.0717,WSGS84,300,CA,0
CR6-2-28-2017-0,2017-02-28,CR6,49.9799,-125.072,WSGS84,300,CA,0
CR6-3-13-2015-0,2015-03-13,CR6,49.9802,-125.0717,WSGS84,300,CA,0
CR6-3-17-2016-0,2016-03-17,CR6,49.9801,-125.0736,WSGS84,300,CA,0
CR6-3-18-2015-0,2015-03-18,CR6,49.9803,-125.0719,WSGS84,300,CA,0
CR6-3-20-2017-0,2017-03-20,CR6,49.9798,-125.0716,WSGS84,300,CA,0
CR6-3-28-2018-0,2018-03-28,CR6,49.98,-125.0717,WSGS84,300,CA,0
CR6-3-7-2018-0,2018-03-07,CR6,49.98,-125.0717,WSGS84,300,CA,0
CR6-3-9-2017-0,2017-03-09,CR6,49.9763,-125.0751,WSGS84,300,CA,0
CR6-4-14-2016-0,2016-04-14,CR6,49.98,-125.0717,WSGS84,300,CA,0
CR6-4-17-2015-0,2015-04-17,CR6,49.9783,-125.0731,WSGS84,300,CA,0
CR6-4-19-2016-0,2016-04-19,CR6,49.98,-125.0717,WSGS84,300,CA,0
CR6-4-19-2018-0,2018-04-19,CR6,49.98,-125.0717,WSGS84,300,CA,0
CR6-4-2-2015-0,2015-04-02,CR6,49.9799,-125.0715,WSGS84,300,CA,0
CR6-4-24-2017-0,2017-04-24,CR6,49.9803,-125.0723,WSGS84,300,CA,0
CR6-4-25-2016-0,2016-04-25,CR6,49.9796,-125.0722,WSGS84,300,CA,0
CR6-4-26-2018-0,2018-04-26,CR6,49.98,-125.0717,WSGS84,300,CA,0
CR6-5-10-2017-0,2017-05-10,CR6,49.9797,-125.0717,WSGS84,300,CA,0
CR6-5-10-2018-0,2018-05-10,CR6,49.98,-125.0717,WSGS84,300,CA,0
CR6-5-11-2015-0,2015-05-11,CR6,49.9797,-125.0722,WSGS84,300,CA,0
CR6-5-11-2016-0,2016-05-11,CR6,49.9799,-125.072,WSGS84,300,CA,0
CR6-5-16-2018-0,2018-05-16,CR6,49.98,-125.0717,WSGS84,300,CA,0
CR6-5-17-2016-0,2016-05-17,CR6,49.9799,-125.0719,WSGS84,300,CA,0
CR6-5-19-2015-0,2015-05-19,CR6,49.9796,-125.0731,WSGS84,300,CA,0
CR6-5-24-2016-0,2016-05-24,CR6,49.9797,-125.0717,WSGS84,300,CA,0
CR6-5-25-2015-0,2015-05-25,CR6,49.9798,-125.0724,WSGS84,300,CA,0
CR6-5-30-2018-0,2018-05-30,CR6,49.98,-125.0717,WSGS84,300,CA,0
CR6-5-4-2017-0,2017-05-04,CR6,49.9799,-125.0717,WSGS84,300,CA,0
CR6-6-13-2016-0,2016-06-13,CR6,49.9807,-125.0724,WSGS84,300,CA,0
CR6-6-13-2017-0,2017-06-13,CR6,49.9797,-125.0715,WSGS84,300,CA,0
CR6-6-14-2018-0,2018-06-14,CR6,49.98,-125.0717,WSGS84,300,CA,0
CR6-6-16-2015-0,2015-06-16,CR6,49.9796,-125.0732,WSGS84,300,CA,0
CR6-6-20-2018-0,2018-06-20,CR6,49.98,-125.0717,WSGS84,300,CA,0
CR6-6-23-2015-0,2015-06-23,CR6,49.9799,-125.0717,WSGS84,300,CA,0
CR6-6-23-2017-0,2017-06-23,CR6,49.9798,-125.0695,WSGS84,300,CA,0
CR6-6-29-2016-0,2016-06-29,CR6,49.9792,-125.071,WSGS84,300,CA,0
CR6-6-4-2017-0,2017-06-04,CR6,49.9799,-125.0717,WSGS84,300,CA,0
CR6-7-12-2018-0,2018-07-12,CR6,49.98,-125.0717,WSGS84,300,CA,0
CR6-7-16-2015-0,2015-07-16,CR6,49.98,-125.0717,WSGS84,300,CA,0
CR6-7-17-2017-0,2017-07-17,CR6,49.9797,-125.0725,WSGS84,300,CA,0
CR6-7-2-2015-0,2015-07-02,CR6,49.9793,-125.0718,WSGS84,300,CA,0
CR6-7-21-2016-0,2016-07-21,CR6,49.9794,-125.0722,WSGS84,300,CA,0
CR6-7-25-2016-0,2016-07-25,CR6,49.98,-125.0715,WSGS84,300,CA,0
CR6-7-25-2018-0,2018-07-25,CR6,49.98,-125.0717,WSGS84,300,CA,0
CR6-7-31-2017-0,2017-07-31,CR6,49.9804,-125.0718,WSGS84,300,CA,0
CR6-7-5-2018-0,2018-07-05,CR6,49.98,-125.0717,WSGS84,300,CA,0
CR6-7-6-2017-0,2017-07-06,CR6,49.9805,-125.0727,WSGS84,300,CA,0
CR6-8-14-2017-0,2017-08-14,CR6,49.9805,-125.0716,WSGS84,300,CA,0
CR6-8-17-2018-0,2018-08-17,CR6,49.98,-125.0717,WSGS84,300,CA,0
CR6-8-20-2017-0,2017-08-20,CR6,49.9798,-125.0716,WSGS84,300,CA,0
CR6-8-23-2018-0,2018-08-23,CR6,49.98,-125.0717,WSGS84,300,CA,0
CR6-8-3-2016-0,2016-08-03,CR6,49.9793,-125.0717,WSGS84,300,CA,0
CR6-8-3-2018-0,2018-08-03,CR6,49.98,-125.0717,WSGS84,300,CA,0
CR6-8-8-2016-0,2016-08-08,CR6,49.9792,-125.072,WSGS84,300,CA,0
CR6-8-9-2015-0,2015-08-09,CR6,49.9804,-125.0721,WSGS84,300,CA,0
CR6-8-9-2017-0,2017-08-09,CR6,49.9797,-125.0719,WSGS84,300,CA,0
CR6-9-22-2016-0,2016-09-22,CR6,49.9802,-125.0707,WSGS84,300,CA,0
CR6-9-5-2016-0,2016-09-05,CR6,49.98,-125.0717,WSGS84,300,CA,0
CR6-9-6-2017-0,2017-09-06,CR6,49.9797,-125.0723,WSGS84,300,CA,0
CR7-10-5-2015-0,2015-10-05,CR7,49.9832,-125.1096,WSGS84,300,CA,0
CR7-2-19-2015-0,2015-02-19,CR7,49.9833,-125.1083,WSGS84,300,CA,0
CR7-3-13-2015-0,2015-03-13,CR7,49.9827,-125.1094,WSGS84,300,CA,0
CR7-3-18-2015-0,2015-03-18,CR7,49.9834,-125.1085,WSGS84,300,CA,0
CR7-3-27-2015-0,2015-03-27,CR7,49.9834,-125.1078,WSGS84,300,CA,0
CR7-4-17-2015-0,2015-04-17,CR7,49.9829,-125.109,WSGS84,300,CA,0
CR7-4-2-2015-0,2015-04-02,CR7,49.9832,-125.1084,WSGS84,300,CA,0
CR7-5-11-2015-0,2015-05-11,CR7,49.9831,-125.109,WSGS84,300,CA,0
CR7-5-19-2015-0,2015-05-19,CR7,49.9834,-125.1101,WSGS84,300,CA,0
CR7-5-25-2015-0,2015-05-25,CR7,49.9832,-125.1092,WSGS84,300,CA,0
CR7-6-16-2015-0,2015-06-16,CR7,49.9829,-125.1092,WSGS84,300,CA,0
CR7-6-23-2015-0,2015-06-23,CR7,49.9837,-125.1095,WSGS84,300,CA,0
CR7-6-8-2015-0,2015-06-08,CR7,49.9833,-125.1083,WSGS84,300,CA,0
CR7-7-16-2015-0,2015-07-16,CR7,49.9833,-125.1083,WSGS84,300,CA,0
CR7-7-2-2015-0,2015-07-02,CR7,49.9803,-125.1109,WSGS84,300,CA,0
CR7-8-9-2015-0,2015-08-09,CR7,49.9833,-125.1083,WSGS84,300,CA,0
CR8-10-1-2018-20,2018-10-01,CR8,49.9617,-125.1467,WSGS84,300,CA,20
CR8-10-11-2018-0,2018-10-11,CR8,49.9617,-125.1467,WSGS84,300,CA,0
CR8-10-11-2018-10,2018-10-11,CR8,49.9617,-125.1467,WSGS84,300,CA,10
CR8-10-11-2018-5,2018-10-11,CR8,49.9617,-125.1467,WSGS84,300,CA,5
CR8-10-17-2017-0,2017-10-17,CR8,49.9618,-125.146,WSGS84,300,CA,0
CR8-10-17-2017-10,2017-10-17,CR8,49.9618,-125.146,WSGS84,300,CA,10
CR8-10-17-2017-20,2017-10-17,CR8,49.9618,-125.146,WSGS84,300,CA,20
CR8-10-17-2017-5,2017-10-17,CR8,49.9618,-125.146,WSGS84,300,CA,5
CR8-10-18-2016-0,2016-10-18,CR8,49.965,-125.1452,WSGS84,300,CA,0
CR8-10-18-2016-10,2016-10-18,CR8,49.965,-125.1452,WSGS84,300,CA,10
CR8-10-18-2016-20,2016-10-18,CR8,49.965,-125.1452,WSGS84,300,CA,20
CR8-10-18-2016-5,2016-10-18,CR8,49.965,-125.1452,WSGS84,300,CA,5
CR8-10-5-2015-0,2015-10-05,CR8,49.9615,-125.1465,WSGS84,300,CA,0
CR8-10-5-2015-10,2015-10-05,CR8,49.9615,-125.1465,WSGS84,300,CA,10
CR8-10-5-2015-20,2015-10-05,CR8,49.9615,-125.1465,WSGS84,300,CA,20
CR8-10-5-2015-5,2015-10-05,CR8,49.9615,-125.1465,WSGS84,300,CA,5
CR8-2-19-2015-0,2015-02-19,CR8,49.9617,-125.1467,WSGS84,300,CA,0
CR8-2-20-2016-0,2016-02-20,CR8,49.9617,-125.1467,WSGS84,300,CA,0
CR8-2-20-2016-10,2016-02-20,CR8,49.9617,-125.1467,WSGS84,300,CA,10
CR8-2-20-2016-20,2016-02-20,CR8,49.9617,-125.1467,WSGS84,300,CA,20
CR8-2-20-2016-5,2016-02-20,CR8,49.9617,-125.1467,WSGS84,300,CA,5
CR8-2-28-2017-0,2017-02-28,CR8,49.9621,-125.1478,WSGS84,300,CA,0
CR8-2-28-2017-10,2017-02-28,CR8,49.9621,-125.1478,WSGS84,300,CA,10
CR8-2-28-2017-20,2017-02-28,CR8,49.9621,-125.1478,WSGS84,300,CA,20
CR8-2-28-2017-5,2017-02-28,CR8,49.9621,-125.1478,WSGS84,300,CA,5
CR8-3-13-2015-0,2015-03-13,CR8,49.9619,-125.1482,WSGS84,300,CA,0
CR8-3-14-2018-0,2018-03-14,CR8,49.9617,-125.1467,WSGS84,300,CA,0
CR8-3-14-2018-10,2018-03-14,CR8,49.9617,-125.1467,WSGS84,300,CA,10
CR8-3-14-2018-20,2018-03-14,CR8,49.9617,-125.1467,WSGS84,300,CA,20
CR8-3-14-2018-5,2018-03-14,CR8,49.9617,-125.1467,WSGS84,300,CA,5
CR8-3-17-2016-0,2016-03-17,CR8,49.9619,-125.1476,WSGS84,300,CA,0
CR8-3-17-2016-10,2016-03-17,CR8,49.9619,-125.1476,WSGS84,300,CA,10
CR8-3-17-2016-20,2016-03-17,CR8,49.9619,-125.1476,WSGS84,300,CA,20
CR8-3-17-2016-5,2016-03-17,CR8,49.9619,-125.1476,WSGS84,300,CA,5
CR8-3-18-2015-0,2015-03-18,CR8,49.962,-125.1459,WSGS84,300,CA,0
CR8-3-20-2017-0,2017-03-20,CR8,49.9624,-125.1471,WSGS84,300,CA,0
CR8-3-20-2017-10,2017-03-20,CR8,49.9624,-125.1471,WSGS84,300,CA,10
CR8-3-20-2017-20,2017-03-20,CR8,49.9624,-125.1471,WSGS84,300,CA,20
CR8-3-20-2017-5,2017-03-20,CR8,49.9624,-125.1471,WSGS84,300,CA,5
CR8-3-28-2018-0,2018-03-28,CR8,49.9617,-125.1467,WSGS84,300,CA,0
CR8-3-28-2018-10,2018-03-28,CR8,49.9617,-125.1467,WSGS84,300,CA,10
CR8-3-28-2018-20,2018-03-28,CR8,49.9617,-125.1467,WSGS84,300,CA,20
CR8-3-28-2018-5,2018-03-28,CR8,49.9617,-125.1467,WSGS84,300,CA,5
CR8-3-7-2018-0,2018-03-07,CR8,49.9617,-125.1467,WSGS84,300,CA,0
CR8-3-7-2018-10,2018-03-07,CR8,49.9617,-125.1467,WSGS84,300,CA,10
CR8-3-7-2018-20,2018-03-07,CR8,49.9617,-125.1467,WSGS84,300,CA,20
CR8-3-7-2018-5,2018-03-07,CR8,49.9617,-125.1467,WSGS84,300,CA,5
CR8-3-9-2017-0,2017-03-09,CR8,49.9636,-125.1455,WSGS84,300,CA,0
CR8-3-9-2017-10,2017-03-09,CR8,49.9636,-125.1455,WSGS84,300,CA,10
CR8-3-9-2017-20,2017-03-09,CR8,49.9636,-125.1455,WSGS84,300,CA,20
CR8-3-9-2017-5,2017-03-09,CR8,49.9636,-125.1455,WSGS84,300,CA,5
CR8-4-14-2016-0,2016-04-14,CR8,49.9617,-125.1467,WSGS84,300,CA,0
CR8-4-14-2016-10,2016-04-14,CR8,49.9617,-125.1467,WSGS84,300,CA,10
CR8-4-14-2016-20,2016-04-14,CR8,49.9617,-125.1467,WSGS84,300,CA,20
CR8-4-14-2016-5,2016-04-14,CR8,49.9617,-125.1467,WSGS84,300,CA,5
CR8-4-17-2015-0,2015-04-17,CR8,49.9603,-125.1483,WSGS84,300,CA,0
CR8-4-19-2016-0,2016-04-19,CR8,49.9617,-125.1467,WSGS84,300,CA,0
CR8-4-19-2016-10,2016-04-19,CR8,49.9617,-125.1467,WSGS84,300,CA,10
CR8-4-19-2016-20,2016-04-19,CR8,49.9617,-125.1467,WSGS84,300,CA,20
CR8-4-19-2016-5,2016-04-19,CR8,49.9617,-125.1467,WSGS84,300,CA,5
CR8-4-19-2018-0,2018-04-19,CR8,49.9617,-125.1467,WSGS84,300,CA,0
CR8-4-19-2018-10,2018-04-19,CR8,49.9617,-125.1467,WSGS84,300,CA,10
CR8-4-19-2018-20,2018-04-19,CR8,49.9617,-125.1467,WSGS84,300,CA,20
CR8-4-19-2018-5,2018-04-19,CR8,49.9617,-125.1467,WSGS84,300,CA,5
CR8-4-2-2015-0,2015-04-02,CR8,49.962,-125.1468,WSGS84,300,CA,0
CR8-4-24-2017-0,2017-04-24,CR8,49.9614,-125.1467,WSGS84,300,CA,0
CR8-4-24-2017-10,2017-04-24,CR8,49.9614,-125.1467,WSGS84,300,CA,10
CR8-4-24-2017-20,2017-04-24,CR8,49.9614,-125.1467,WSGS84,300,CA,20
CR8-4-24-2017-5,2017-04-24,CR8,49.9614,-125.1467,WSGS84,300,CA,5
CR8-4-25-2016-0,2016-04-25,CR8,49.9615,-125.148,WSGS84,300,CA,0
CR8-4-25-2016-10,2016-04-25,CR8,49.9615,-125.148,WSGS84,300,CA,10
CR8-4-25-2016-20,2016-04-25,CR8,49.9615,-125.148,WSGS84,300,CA,20
CR8-4-25-2016-5,2016-04-25,CR8,49.9615,-125.148,WSGS84,300,CA,5
CR8-4-26-2018-0,2018-04-26,CR8,49.9617,-125.1467,WSGS84,300,CA,0
CR8-4-26-2018-10,2018-04-26,CR8,49.9617,-125.1467,WSGS84,300,CA,10
CR8-4-26-2018-20,2018-04-26,CR8,49.9617,-125.1467,WSGS84,300,CA,20
CR8-4-26-2018-5,2018-04-26,CR8,49.9617,-125.1467,WSGS84,300,CA,5
CR8-5-10-2017-0,2017-05-10,CR8,49.9617,-125.1472,WSGS84,300,CA,0
CR8-5-10-2017-10,2017-05-10,CR8,49.9617,-125.1472,WSGS84,300,CA,10
CR8-5-10-2017-20,2017-05-10,CR8,49.9617,-125.1472,WSGS84,300,CA,20
CR8-5-10-2017-5,2017-05-10,CR8,49.9617,-125.1472,WSGS84,300,CA,5
CR8-5-10-2018-0,2018-05-10,CR8,49.9617,-125.1467,WSGS84,300,CA,0
CR8-5-11-2015-0,2015-05-11,CR8,49.9623,-125.1462,WSGS84,300,CA,0
CR8-5-11-2015-10,2015-05-11,CR8,49.9623,-125.1462,WSGS84,300,CA,10
CR8-5-11-2015-20,2015-05-11,CR8,49.9623,-125.1462,WSGS84,300,CA,20
CR8-5-11-2015-5,2015-05-11,CR8,49.9623,-125.1462,WSGS84,300,CA,5
CR8-5-11-2016-0,2016-05-11,CR8,49.9618,-125.1462,WSGS84,300,CA,0
CR8-5-11-2016-10,2016-05-11,CR8,49.9618,-125.1462,WSGS84,300,CA,10
CR8-5-11-2016-20,2016-05-11,CR8,49.9618,-125.1462,WSGS84,300,CA,20
CR8-5-11-2016-5,2016-05-11,CR8,49.9618,-125.1462,WSGS84,300,CA,5
CR8-5-16-2018-0,2018-05-16,CR8,49.9617,-125.1467,WSGS84,300,CA,0
CR8-5-16-2018-10,2018-05-16,CR8,49.9617,-125.1467,WSGS84,300,CA,10
CR8-5-16-2018-20,2018-05-16,CR8,49.9617,-125.1467,WSGS84,300,CA,20
CR8-5-16-2018-5,2018-05-16,CR8,49.9617,-125.1467,WSGS84,300,CA,5
CR8-5-17-2016-0,2016-05-17,CR8,49.9616,-125.147,WSGS84,300,CA,0
CR8-5-17-2016-10,2016-05-17,CR8,49.9616,-125.147,WSGS84,300,CA,10
CR8-5-17-2016-20,2016-05-17,CR8,49.9616,-125.147,WSGS84,300,CA,20
CR8-5-17-2016-5,2016-05-17,CR8,49.9616,-125.147,WSGS84,300,CA,5
CR8-5-19-2015-0,2015-05-19,CR8,49.9621,-125.1473,WSGS84,300,CA,0
CR8-5-19-2015-10,2015-05-19,CR8,49.9621,-125.1473,WSGS84,300,CA,10
CR8-5-19-2015-20,2015-05-19,CR8,49.9621,-125.1473,WSGS84,300,CA,20
CR8-5-19-2015-5,2015-05-19,CR8,49.9621,-125.1473,WSGS84,300,CA,5
CR8-5-24-2016-0,2016-05-24,CR8,49.9617,-125.1467,WSGS84,300,CA,0
CR8-5-24-2016-10,2016-05-24,CR8,49.9617,-125.1467,WSGS84,300,CA,10
CR8-5-24-2016-20,2016-05-24,CR8,49.9617,-125.1467,WSGS84,300,CA,20
CR8-5-24-2016-5,2016-05-24,CR8,49.9617,-125.1467,WSGS84,300,CA,5
CR8-5-25-2015-0,2015-05-25,CR8,49.9614,-125.147,WSGS84,300,CA,0
CR8-5-25-2015-10,2015-05-25,CR8,49.9614,-125.147,WSGS84,300,CA,10
CR8-5-25-2015-20,2015-05-25,CR8,49.9614,-125.147,WSGS84,300,CA,20
CR8-5-25-2015-5,2015-05-25,CR8,49.9614,-125.147,WSGS84,300,CA,5
CR8-5-30-2018-0,2018-05-30,CR8,49.9617,-125.1467,WSGS84,300,CA,0
CR8-5-30-2018-10,2018-05-30,CR8,49.9617,-125.1467,WSGS84,300,CA,10
CR8-5-30-2018-20,2018-05-30,CR8,49.9617,-125.1467,WSGS84,300,CA,20
CR8-5-30-2018-5,2018-05-30,CR8,49.9617,-125.1467,WSGS84,300,CA,5
CR8-5-4-2017-0,2017-05-04,CR8,49.9625,-125.1471,WSGS84,300,CA,0
CR8-5-4-2017-10,2017-05-04,CR8,49.9625,-125.1471,WSGS84,300,CA,10
CR8-5-4-2017-20,2017-05-04,CR8,49.9625,-125.1471,WSGS84,300,CA,20
CR8-5-4-2017-5,2017-05-04,CR8,49.9625,-125.1471,WSGS84,300,CA,5
CR8-6-13-2016-0,2016-06-13,CR8,49.9593,-125.1434,WSGS84,300,CA,0
CR8-6-13-2016-10,2016-06-13,CR8,49.9617,-125.1467,WSGS84,300,CA,10
CR8-6-13-2016-20,2016-06-13,CR8,49.9617,-125.1467,WSGS84,300,CA,20
CR8-6-13-2016-5,2016-06-13,CR8,49.9617,-125.1467,WSGS84,300,CA,5
CR8-6-13-2017-0,2017-06-13,CR8,49.962,-125.1477,WSGS84,300,CA,0
CR8-6-13-2017-10,2017-06-13,CR8,49.962,-125.1477,WSGS84,300,CA,10
CR8-6-13-2017-20,2017-06-13,CR8,49.962,-125.1477,WSGS84,300,CA,20
CR8-6-13-2017-5,2017-06-13,CR8,49.962,-125.1477,WSGS84,300,CA,5
CR8-6-14-2018-0,2018-06-14,CR8,49.9617,-125.1467,WSGS84,300,CA,0
CR8-6-14-2018-10,2018-06-14,CR8,49.9617,-125.1467,WSGS84,300,CA,10
CR8-6-14-2018-20,2018-06-14,CR8,49.9617,-125.1467,WSGS84,300,CA,20
CR8-6-14-2018-5,2018-06-14,CR8,49.9617,-125.1467,WSGS84,300,CA,5
CR8-6-16-2015-0,2015-06-16,CR8,49.9614,-125.1475,WSGS84,300,CA,0
CR8-6-16-2015-10,2015-06-16,CR8,49.9614,-125.1475,WSGS84,300,CA,10
CR8-6-16-2015-20,2015-06-16,CR8,49.9614,-125.1475,WSGS84,300,CA,20
CR8-6-16-2015-5,2015-06-16,CR8,49.9614,-125.1475,WSGS84,300,CA,5
CR8-6-20-2018-0,2018-06-20,CR8,49.9617,-125.1467,WSGS84,300,CA,0
CR8-6-20-2018-10,2018-06-20,CR8,49.9617,-125.1467,WSGS84,300,CA,10
CR8-6-20-2018-20,2018-06-20,CR8,49.9617,-125.1467,WSGS84,300,CA,20
CR8-6-20-2018-5,2018-06-20,CR8,49.9617,-125.1467,WSGS84,300,CA,5
CR8-6-23-2015-0,2015-06-23,CR8,49.962,-125.1451,WSGS84,300,CA,0
CR8-6-23-2015-10,2015-06-23,CR8,49.962,-125.1451,WSGS84,300,CA,10
CR8-6-23-2015-20,2015-06-23,CR8,49.962,-125.1451,WSGS84,300,CA,20
CR8-6-23-2015-5,2015-06-23,CR8,49.962,-125.1451,WSGS84,300,CA,5
CR8-6-23-2017-0,2017-06-23,CR8,49.962,-125.1419,WSGS84,300,CA,0
CR8-6-23-2017-10,2017-06-23,CR8,49.962,-125.1419,WSGS84,300,CA,10
CR8-6-23-2017-20,2017-06-23,CR8,49.962,-125.1419,WSGS84,300,CA,20
CR8-6-23-2017-5,2017-06-23,CR8,49.962,-125.1419,WSGS84,300,CA,5
CR8-6-29-2016-0,2016-06-29,CR8,49.9616,-125.1476,WSGS84,300,CA,0
CR8-6-29-2016-10,2016-06-29,CR8,49.9616,-125.1476,WSGS84,300,CA,10
CR8-6-29-2016-20,2016-06-29,CR8,49.9616,-125.1476,WSGS84,300,CA,20
CR8-6-29-2016-5,2016-06-29,CR8,49.9616,-125.1476,WSGS84,300,CA,5
CR8-6-4-2017-0,2017-06-04,CR8,49.962,-125.147,WSGS84,300,CA,0
CR8-6-4-2017-10,2017-06-04,CR8,49.962,-125.147,WSGS84,300,CA,10
CR8-6-4-2017-20,2017-06-04,CR8,49.962,-125.147,WSGS84,300,CA,20
CR8-6-4-2017-5,2017-06-04,CR8,49.962,-125.147,WSGS84,300,CA,5
CR8-6-8-2015-0,2015-06-08,CR8,49.9617,-125.1467,WSGS84,300,CA,0
CR8-6-8-2015-10,2015-06-08,CR8,49.9617,-125.1467,WSGS84,300,CA,10
CR8-6-8-2015-20,2015-06-08,CR8,49.9617,-125.1467,WSGS84,300,CA,20
CR8-6-8-2015-5,2015-06-08,CR8,49.9617,-125.1467,WSGS84,300,CA,5
CR8-7-12-2018-0,2018-07-12,CR8,49.9617,-125.1467,WSGS84,300,CA,0
CR8-7-12-2018-10,2018-07-12,CR8,49.9617,-125.1467,WSGS84,300,CA,10
CR8-7-12-2018-20,2018-07-12,CR8,49.9617,-125.1467,WSGS84,300,CA,20
CR8-7-12-2018-5,2018-07-12,CR8,49.9617,-125.1467,WSGS84,300,CA,5
CR8-7-16-2015-0,2015-07-16,CR8,49.9618,-125.1513,WSGS84,300,CA,0
CR8-7-17-2017-0,2017-07-17,CR8,49.9569,-125.1391,WSGS84,300,CA,0
CR8-7-17-2017-10,2017-07-17,CR8,49.9569,-125.1391,WSGS84,300,CA,10
CR8-7-17-2017-20,2017-07-17,CR8,49.9569,-125.1391,WSGS84,300,CA,20
CR8-7-17-2017-5,2017-07-17,CR8,49.9569,-125.1391,WSGS84,300,CA,5
CR8-7-2-2015-0,2015-07-02,CR8,49.9629,-125.1476,WSGS84,300,CA,0
CR8-7-2-2015-10,2015-07-02,CR8,49.9629,-125.1476,WSGS84,300,CA,10
CR8-7-2-2015-20,2015-07-02,CR8,49.9629,-125.1476,WSGS84,300,CA,20
CR8-7-2-2015-5,2015-07-02,CR8,49.9629,-125.1476,WSGS84,300,CA,5
CR8-7-21-2016-0,2016-07-21,CR8,49.9617,-125.148,WSGS84,300,CA,0
CR8-7-21-2016-10,2016-07-21,CR8,49.9617,-125.1467,WSGS84,300,CA,10
CR8-7-21-2016-20,2016-07-21,CR8,49.9617,-125.1467,WSGS84,300,CA,20
CR8-7-21-2016-5,2016-07-21,CR8,49.9617,-125.1467,WSGS84,300,CA,5
CR8-7-25-2016-0,2016-07-25,CR8,49.9617,-125.1467,WSGS84,300,CA,0
CR8-7-25-2016-10,2016-07-25,CR8,49.9617,-125.1467,WSGS84,300,CA,10
CR8-7-25-2016-20,2016-07-25,CR8,49.9617,-125.1467,WSGS84,300,CA,20
CR8-7-25-2016-5,2016-07-25,CR8,49.9617,-125.1467,WSGS84,300,CA,5
CR8-7-25-2018-0,2018-07-25,CR8,49.9617,-125.1467,WSGS84,300,CA,0
CR8-7-25-2018-10,2018-07-25,CR8,49.9617,-125.1467,WSGS84,300,CA,10
CR8-7-25-2018-20,2018-07-25,CR8,49.9617,-125.1467,WSGS84,300,CA,20
CR8-7-25-2018-5,2018-07-25,CR8,49.9617,-125.1467,WSGS84,300,CA,5
CR8-7-31-2017-0,2017-07-31,CR8,49.9609,-125.144,WSGS84,300,CA,0
CR8-7-31-2017-10,2017-07-31,CR8,49.9609,-125.144,WSGS84,300,CA,10
CR8-7-31-2017-20,2017-07-31,CR8,49.9609,-125.144,WSGS84,300,CA,20
CR8-7-31-2017-5,2017-07-31,CR8,49.9609,-125.144,WSGS84,300,CA,5
CR8-7-5-2018-0,2018-07-05,CR8,49.9617,-125.1467,WSGS84,300,CA,0
CR8-7-5-2018-10,2018-07-05,CR8,49.9617,-125.1467,WSGS84,300,CA,10
CR8-7-5-2018-20,2018-07-05,CR8,49.9617,-125.1467,WSGS84,300,CA,20
CR8-7-5-2018-5,2018-07-05,CR8,49.9617,-125.1467,WSGS84,300,CA,5
CR8-7-6-2017-0,2017-07-06,CR8,49.9617,-125.1467,WSGS84,300,CA,0
CR8-7-6-2017-10,2017-07-06,CR8,49.9617,-125.1467,WSGS84,300,CA,10
CR8-7-6-2017-5,2017-07-06,CR8,49.9617,-125.1467,WSGS84,300,CA,5
CR8-8-14-2017-0,2017-08-14,CR8,49.9618,-125.1477,WSGS84,300,CA,0
CR8-8-17-2018-0,2018-08-17,CR8,49.9617,-125.1467,WSGS84,300,CA,0
CR8-8-17-2018-10,2018-08-17,CR8,49.9617,-125.1467,WSGS84,300,CA,10
CR8-8-17-2018-20,2018-08-17,CR8,49.9617,-125.1467,WSGS84,300,CA,20
CR8-8-17-2018-5,2018-08-17,CR8,49.9617,-125.1467,WSGS84,300,CA,5
CR8-8-20-2017-0,2017-08-20,CR8,49.9628,-125.1417,WSGS84,300,CA,0
CR8-8-20-2017-10,2017-08-20,CR8,49.9628,-125.1417,WSGS84,300,CA,10
CR8-8-20-2017-20,2017-08-20,CR8,49.9628,-125.1417,WSGS84,300,CA,20
CR8-8-20-2017-5,2017-08-20,CR8,49.9628,-125.1417,WSGS84,300,CA,5
CR8-8-23-2018-0,2018-08-23,CR8,49.9617,-125.1467,WSGS84,300,CA,0
CR8-8-23-2018-10,2018-08-23,CR8,49.9617,-125.1467,WSGS84,300,CA,10
CR8-8-23-2018-20,2018-08-23,CR8,49.9617,-125.1467,WSGS84,300,CA,20
CR8-8-23-2018-5,2018-08-23,CR8,49.9617,-125.1467,WSGS84,300,CA,5
CR8-8-3-2016-0,2016-08-03,CR8,49.9607,-125.1481,WSGS84,300,CA,0
CR8-8-3-2016-10,2016-08-03,CR8,49.9617,-125.1467,WSGS84,300,CA,10
CR8-8-3-2016-20,2016-08-03,CR8,49.9617,-125.1467,WSGS84,300,CA,20
CR8-8-3-2016-5,2016-08-03,CR8,49.9617,-125.1467,WSGS84,300,CA,5
CR8-8-3-2018-0,2018-08-03,CR8,49.9617,-125.1467,WSGS84,300,CA,0
CR8-8-3-2018-10,2018-08-03,CR8,49.9617,-125.1467,WSGS84,300,CA,10
CR8-8-3-2018-20,2018-08-03,CR8,49.9617,-125.1467,WSGS84,300,CA,20
CR8-8-3-2018-5,2018-08-03,CR8,49.9617,-125.1467,WSGS84,300,CA,5
CR8-8-8-2016-0,2016-08-08,CR8,49.9619,-125.1466,WSGS84,300,CA,0
CR8-8-8-2016-10,2016-08-08,CR8,49.9617,-125.1467,WSGS84,300,CA,10
CR8-8-8-2016-20,2016-08-08,CR8,49.9617,-125.1467,WSGS84,300,CA,20
CR8-8-8-2016-5,2016-08-08,CR8,49.9617,-125.1467,WSGS84,300,CA,5
CR8-8-9-2015-0,2015-08-09,CR8,49.9602,-125.1482,WSGS84,300,CA,0
CR8-8-9-2015-10,2015-08-09,CR8,49.9602,-125.1482,WSGS84,300,CA,10
CR8-8-9-2015-20,2015-08-09,CR8,49.9602,-125.1482,WSGS84,300,CA,20
CR8-8-9-2015-5,2015-08-09,CR8,49.9602,-125.1482,WSGS84,300,CA,5
CR8-8-9-2017-0,2017-08-09,CR8,49.9615,-125.1472,WSGS84,300,CA,0
CR8-8-9-2017-10,2017-08-09,CR8,49.9617,-125.1467,WSGS84,300,CA,10
CR8-8-9-2017-20,2017-08-09,CR8,49.9617,-125.1467,WSGS84,300,CA,20
CR8-8-9-2017-5,2017-08-09,CR8,49.9617,-125.1467,WSGS84,300,CA,5
CR8-9-22-2016-0,2016-09-22,CR8,49.9609,-125.1467,WSGS84,300,CA,0
CR8-9-22-2016-10,2016-09-22,CR8,49.9609,-125.1467,WSGS84,300,CA,10
CR8-9-22-2016-20,2016-09-22,CR8,49.9609,-125.1467,WSGS84,300,CA,20
CR8-9-22-2016-5,2016-09-22,CR8,49.9609,-125.1467,WSGS84,300,CA,5
CR8-9-5-2016-0,2016-09-05,CR8,49.9617,-125.1467,WSGS84,300,CA,0
CR8-9-5-2016-10,2016-09-05,CR8,49.9617,-125.1467,WSGS84,300,CA,10
CR8-9-5-2016-20,2016-09-05,CR8,49.9617,-125.1467,WSGS84,300,CA,20
CR8-9-5-2016-5,2016-09-05,CR8,49.9617,-125.1467,WSGS84,300,CA,5
CR8-9-6-2017-0,2017-09-06,CR8,49.9614,-125.1479,WSGS84,300,CA,0
CR8-9-6-2017-10,2017-09-06,CR8,49.9614,-125.1479,WSGS84,300,CA,10
CR8-9-6-2017-20,2017-09-06,CR8,49.9614,-125.1479,WSGS84,300,CA,20
CR8-9-6-2017-5,2017-09-06,CR8,49.9614,-125.1479,WSGS84,300,CA,5
CR9-10-11-2018-0,2018-10-11,CR9,49.9433,-125.175,WSGS84,300,CA,0
CR9-10-17-2017-0,2017-10-17,CR9,49.9429,-125.1744,WSGS84,300,CA,0
CR9-10-18-2016-0,2016-10-18,CR9,49.9443,-125.1753,WSGS84,300,CA,0
CR9-10-5-2015-0,2015-10-05,CR9,49.9437,-125.1748,WSGS84,300,CA,0
CR9-2-19-2015-0,2015-02-19,CR9,49.9433,-125.175,WSGS84,300,CA,0
CR9-2-19-2016-0,2016-02-19,CR9,49.9433,-125.175,WSGS84,300,CA,0
CR9-2-28-2017-0,2017-02-28,CR9,49.9433,-125.175,WSGS84,300,CA,0
CR9-3-13-2015-0,2015-03-13,CR9,49.9434,-125.1748,WSGS84,300,CA,0
CR9-3-14-2018-0,2018-03-14,CR9,49.9433,-125.175,WSGS84,300,CA,0
CR9-3-17-2016-0,2016-03-17,CR9,49.9437,-125.1754,WSGS84,300,CA,0
CR9-3-18-2015-0,2015-03-18,CR9,49.9431,-125.175,WSGS84,300,CA,0
CR9-3-20-2017-0,2017-03-20,CR9,49.9433,-125.175,WSGS84,300,CA,0
CR9-3-27-2015-0,2015-03-27,CR9,49.943,-125.1752,WSGS84,300,CA,0
CR9-3-28-2018-0,2018-03-28,CR9,49.9433,-125.175,WSGS84,300,CA,0
CR9-3-7-2018-0,2018-03-07,CR9,49.9433,-125.175,WSGS84,300,CA,0
CR9-3-9-2017-0,2017-03-09,CR9,49.9433,-125.175,WSGS84,300,CA,0
CR9-4-14-2016-0,2016-04-14,CR9,49.9433,-125.175,WSGS84,300,CA,0
CR9-4-17-2015-0,2015-04-17,CR9,49.9428,-125.1751,WSGS84,300,CA,0
CR9-4-19-2016-0,2016-04-19,CR9,49.9433,-125.175,WSGS84,300,CA,0
CR9-4-19-2018-0,2018-04-19,CR9,49.9433,-125.175,WSGS84,300,CA,0
CR9-4-2-2015-0,2015-04-02,CR9,49.9434,-125.1751,WSGS84,300,CA,0
CR9-4-24-2017-0,2017-04-24,CR9,49.943,-125.1752,WSGS84,300,CA,0
CR9-4-25-2016-0,2016-04-25,CR9,49.9434,-125.1752,WSGS84,300,CA,0
CR9-4-26-2018-0,2018-04-26,CR9,49.9433,-125.175,WSGS84,300,CA,0
CR9-5-10-2017-0,2017-05-10,CR9,49.9427,-125.1739,WSGS84,300,CA,0
CR9-5-10-2018-0,2018-05-10,CR9,49.9433,-125.175,WSGS84,300,CA,0
CR9-5-11-2015-0,2015-05-11,CR9,49.9433,-125.1751,WSGS84,300,CA,0
CR9-5-11-2016-0,2016-05-11,CR9,49.9434,-125.1752,WSGS84,300,CA,0
CR9-5-16-2018-0,2018-05-16,CR9,49.9433,-125.175,WSGS84,300,CA,0
CR9-5-17-2016-0,2016-05-17,CR9,49.9431,-125.1749,WSGS84,300,CA,0
CR9-5-19-2015-0,2015-05-19,CR9,49.9441,-125.1755,WSGS84,300,CA,0
CR9-5-24-2016-0,2016-05-24,CR9,49.9433,-125.1752,WSGS84,300,CA,0
CR9-5-25-2015-0,2015-05-25,CR9,49.9429,-125.1754,WSGS84,300,CA,0
CR9-5-30-2018-0,2018-05-30,CR9,49.9433,-125.175,WSGS84,300,CA,0
CR9-5-4-2017-0,2017-05-04,CR9,49.9435,-125.1754,WSGS84,300,CA,0
CR9-6-13-2016-0,2016-06-13,CR9,49.9434,-125.1734,WSGS84,300,CA,0
CR9-6-13-2017-0,2017-06-13,CR9,49.9435,-125.1751,WSGS84,300,CA,0
CR9-6-14-2018-0,2018-06-14,CR9,49.9433,-125.175,WSGS84,300,CA,0
CR9-6-16-2015-0,2015-06-16,CR9,49.9433,-125.175,WSGS84,300,CA,0
CR9-6-20-2018-0,2018-06-20,CR9,49.9433,-125.175,WSGS84,300,CA,0
CR9-6-23-2015-0,2015-06-23,CR9,49.9434,-125.1754,WSGS84,300,CA,0
CR9-6-23-2017-0,2017-06-23,CR9,49.9446,-125.1754,WSGS84,300,CA,0
CR9-6-29-2016-0,2016-06-29,CR9,49.9434,-125.1756,WSGS84,300,CA,0
CR9-6-4-2017-0,2017-06-04,CR9,49.9433,-125.175,WSGS84,300,CA,0
CR9-6-8-2015-0,2015-06-08,CR9,49.9433,-125.175,WSGS84,300,CA,0
CR9-7-12-2018-0,2018-07-12,CR9,49.9433,-125.175,WSGS84,300,CA,0
CR9-7-16-2015-0,2015-07-16,CR9,49.9455,-125.177,WSGS84,300,CA,0
CR9-7-17-2017-0,2017-07-17,CR9,49.9434,-125.1757,WSGS84,300,CA,0
CR9-7-2-2015-0,2015-07-02,CR9,49.9435,-125.1753,WSGS84,300,CA,0
CR9-7-21-2016-0,2016-07-21,CR9,49.9433,-125.1752,WSGS84,300,CA,0
CR9-7-25-2016-0,2016-07-25,CR9,49.9433,-125.175,WSGS84,300,CA,0
CR9-7-25-2018-0,2018-07-25,CR9,49.9433,-125.175,WSGS84,300,CA,0
CR9-7-31-2017-0,2017-07-31,CR9,49.9425,-125.1732,WSGS84,300,CA,0
CR9-7-5-2018-0,2018-07-05,CR9,49.9433,-125.175,WSGS84,300,CA,0
CR9-7-6-2017-0,2017-07-06,CR9,49.9433,-125.175,WSGS84,300,CA,0
CR9-8-14-2017-0,2017-08-14,CR9,49.9437,-125.1742,WSGS84,300,CA,0
CR9-8-17-2018-0,2018-08-17,CR9,49.9433,-125.175,WSGS84,300,CA,0
CR9-8-20-2017-0,2017-08-20,CR9,49.9434,-125.175,WSGS84,300,CA,0
CR9-8-23-2018-0,2018-08-23,CR9,49.9433,-125.175,WSGS84,300,CA,0
CR9-8-3-2016-0,2016-08-03,CR9,49.9432,-125.1754,WSGS84,300,CA,0
CR9-8-3-2018-0,2018-08-03,CR9,49.9433,-125.175,WSGS84,300,CA,0
CR9-8-8-2016-0,2016-08-08,CR9,49.9439,-125.1741,WSGS84,300,CA,0
CR9-8-9-2017-0,2017-08-09,CR9,49.9434,-125.1748,WSGS84,300,CA,0
CR9-9-22-2016-0,2016-09-22,CR9,49.9433,-125.175,WSGS84,300,CA,0
CR9-9-5-2016-0,2016-09-05,CR9,49.9434,-125.1747,WSGS84,300,CA,0
CR9-9-6-2017-0,2017-09-06,CR9,49.943,-125.1749,WSGS84,300,CA,0
GB1-3-12-2015-0,2015-03-12,GB1,48.76,-123.63,WSGS84,300,CA,0
GB1-3-19-2015-0,2015-03-19,GB1,48.76,-123.63,WSGS84,300,CA,0
GB1-3-26-2015-0,2015-03-26,GB1,48.76,-123.63,WSGS84,300,CA,0
GB1-4-16-2015-0,2015-04-16,GB1,48.76,-123.63,WSGS84,300,CA,0
GO1-1-13-2021-0,2021-01-13,GO1,48.855,-123.3633,WSGS84,300,CA,0
GO1-1-14-2022-0,2022-01-14,GO1,48.855,-123.3633,WSGS84,300,CA,0
GO1-10-10-2019-0,2019-10-10,GO1,48.855,-123.3633,WSGS84,300,CA,0
GO1-10-11-2018-0,2018-10-11,GO1,48.855,-123.3633,WSGS84,300,CA,0
GO1-10-17-2017-0,2017-10-17,GO1,48.8556,-123.3623,WSGS84,300,CA,0
GO1-10-18-2016-0,2016-10-18,GO1,48.8572,-123.3681,WSGS84,300,CA,0
GO1-10-18-2021-0,2021-10-18,GO1,48.8549,-123.3634,WSGS84,300,CA,0
GO1-12-9-2020-0,2020-12-09,GO1,48.855,-123.3633,WSGS84,300,CA,0
GO1-2-24-2021-0,2021-02-24,GO1,48.855,-123.3633,WSGS84,300,CA,0
GO1-2-24-2022-0,2022-02-24,GO1,48.855,-123.3633,WSGS84,300,CA,0
GO1-3-10-2017-0,2017-03-10,GO1,48.855,-123.3633,WSGS84,300,CA,0
GO1-3-10-2018-0,2018-03-10,GO1,48.855,-123.3633,WSGS84,300,CA,0
GO1-3-11-2021-0,2021-03-11,GO1,48.8558,-123.3641,WSGS84,300,CA,0
GO1-3-13-2018-0,2018-03-13,GO1,48.855,-123.3633,WSGS84,300,CA,0
GO1-3-16-2022-0,2022-03-16,GO1,48.855,-123.3633,WSGS84,300,CA,0
GO1-3-16-2023-0,2023-03-16,GO1,48.855,-123.3633,WSGS84,300,CA,0
GO1-3-18-2016-0,2016-03-18,GO1,48.8548,-123.3652,WSGS84,300,CA,0
GO1-3-2-2017-0,2017-03-02,GO1,48.8548,-123.366,WSGS84,300,CA,0
GO1-3-20-2017-0,2017-03-20,GO1,48.8545,-123.3615,WSGS84,300,CA,0
GO1-3-24-2021-0,2021-03-24,GO1,48.8531,-123.3635,WSGS84,300,CA,0
GO1-3-25-2022-0,2022-03-25,GO1,48.855,-123.3633,WSGS84,300,CA,0
GO1-3-26-2018-0,2018-03-26,GO1,48.855,-123.3633,WSGS84,300,CA,0
GO1-3-26-2021-0,2021-03-26,GO1,48.8561,-123.3639,WSGS84,300,CA,0
GO1-3-29-2016-0,2016-03-29,GO1,48.8469,-123.3668,WSGS84,300,CA,0
GO1-3-3-2016-0,2016-03-03,GO1,48.8548,-123.3628,WSGS84,300,CA,0
GO1-3-30-2023-0,2023-03-30,GO1,48.855,-123.3633,WSGS84,300,CA,0
GO1-4-11-2016-0,2016-04-11,GO1,48.855,-123.3633,WSGS84,300,CA,0
GO1-4-11-2021-0,2021-04-11,GO1,48.855,-123.3632,WSGS84,300,CA,0
GO1-4-14-2017-0,2017-04-14,GO1,48.855,-123.3633,WSGS84,300,CA,0
GO1-4-18-2016-0,2016-04-18,GO1,48.855,-123.3633,WSGS84,300,CA,0
GO1-4-18-2019-0,2019-04-18,GO1,48.855,-123.3633,WSGS84,300,CA,0
GO1-4-20-2018-0,2018-04-20,GO1,48.855,-123.3633,WSGS84,300,CA,0
GO1-4-20-2021-0,2021-04-20,GO1,48.8549,-123.3631,WSGS84,300,CA,0
GO1-4-22-2022-0,2022-04-22,GO1,48.855,-123.3633,WSGS84,300,CA,0
GO1-4-23-2020-0,2020-04-23,GO1,48.855,-123.3633,WSGS84,300,CA,0
GO1-4-24-2017-0,2017-04-24,GO1,48.855,-123.3629,WSGS84,300,CA,0
GO1-4-24-2019-0,2019-04-24,GO1,48.855,-123.3633,WSGS84,300,CA,0
GO1-4-26-2016-0,2016-04-26,GO1,48.8549,-123.3613,WSGS84,300,CA,0
GO1-4-27-2018-0,2018-04-27,GO1,48.855,-123.3633,WSGS84,300,CA,0
GO1-4-3-2018-0,2018-04-03,GO1,48.855,-123.3633,WSGS84,300,CA,0
GO1-4-5-2021-0,2021-04-05,GO1,48.8551,-123.3648,WSGS84,300,CA,0
GO1-4-7-2022-0,2022-04-07,GO1,48.855,-123.3633,WSGS84,300,CA,0
GO1-5-1-2020-0,2020-05-01,GO1,48.855,-123.3633,WSGS84,300,CA,0
GO1-5-10-2018-0,2018-05-10,GO1,48.855,-123.3633,WSGS84,300,CA,0
GO1-5-10-2021-0,2021-05-10,GO1,48.8551,-123.3632,WSGS84,300,CA,0
GO1-5-12-2017-0,2017-05-12,GO1,48.8545,-123.3621,WSGS84,300,CA,0
GO1-5-12-2020-0,2020-05-12,GO1,48.855,-123.3633,WSGS84,300,CA,0
GO1-5-16-2016-0,2016-05-16,GO1,48.8548,-123.3563,WSGS84,300,CA,0
GO1-5-17-2018-0,2018-05-17,GO1,48.855,-123.3633,WSGS84,300,CA,0
GO1-5-20-2019-0,2019-05-20,GO1,48.855,-123.3633,WSGS84,300,CA,0
GO1-5-21-2021-0,2021-05-21,GO1,48.855,-123.3637,WSGS84,300,CA,0
GO1-5-21-2022-0,2022-05-21,GO1,48.855,-123.3633,WSGS84,300,CA,0
GO1-5-23-2016-0,2016-05-23,GO1,48.8548,-123.3634,WSGS84,300,CA,0
GO1-5-23-2017-0,2017-05-23,GO1,48.8543,-123.3627,WSGS84,300,CA,0
GO1-5-31-2018-0,2018-05-31,GO1,48.855,-123.3633,WSGS84,300,CA,0
GO1-5-5-2017-0,2017-05-05,GO1,48.8549,-123.3623,WSGS84,300,CA,0
GO1-5-6-2020-0,2020-05-06,GO1,48.855,-123.3633,WSGS84,300,CA,0
GO1-5-9-2019-0,2019-05-09,GO1,48.855,-123.3633,WSGS84,300,CA,0
GO1-6-11-2017-0,2017-06-11,GO1,48.8545,-123.3644,WSGS84,300,CA,0
GO1-6-12-2021-0,2021-06-12,GO1,48.855,-123.3631,WSGS84,300,CA,0
GO1-6-13-2016-0,2016-06-13,GO1,48.8553,-123.3619,WSGS84,300,CA,0
GO1-6-14-2018-0,2018-06-14,GO1,48.855,-123.3633,WSGS84,300,CA,0
GO1-6-15-2021-0,2021-06-15,GO1,48.8552,-123.3638,WSGS84,300,CA,0
GO1-6-19-2023-0,2023-06-19,GO1,48.855,-123.3633,WSGS84,300,CA,0
GO1-6-21-2018-0,2018-06-21,GO1,48.855,-123.3633,WSGS84,300,CA,0
GO1-6-21-2019-0,2019-06-21,GO1,48.855,-123.3633,WSGS84,300,CA,0
GO1-6-23-2017-0,2017-06-23,GO1,48.8529,-123.362,WSGS84,300,CA,0
GO1-6-23-2023-0,2023-06-23,GO1,48.855,-123.3633,WSGS84,300,CA,0
GO1-6-24-2020-0,2020-06-24,GO1,48.855,-123.3633,WSGS84,300,CA,0
GO1-6-27-2016-0,2016-06-27,GO1,48.8548,-123.3611,WSGS84,300,CA,0
GO1-6-30-2020-0,2020-06-30,GO1,48.855,-123.3633,WSGS84,300,CA,0
GO1-6-4-2019-0,2019-06-04,GO1,48.855,-123.3633,WSGS84,300,CA,0
GO1-6-4-2020-0,2020-06-04,GO1,48.855,-123.3633,WSGS84,300,CA,0
GO1-6-6-2016-0,2016-06-06,GO1,48.8512,-123.3685,WSGS84,300,CA,0
GO1-6-6-2017-0,2017-06-06,GO1,48.8545,-123.3634,WSGS84,300,CA,0
GO1-6-7-2018-0,2018-06-07,GO1,48.855,-123.3633,WSGS84,300,CA,0
GO1-7-11-2022-0,2022-07-11,GO1,48.855,-123.3633,WSGS84,300,CA,0
GO1-7-12-2018-0,2018-07-12,GO1,48.855,-123.3633,WSGS84,300,CA,0
GO1-7-17-2017-0,2017-07-17,GO1,48.8563,-123.3639,WSGS84,300,CA,0
GO1-7-18-2016-0,2016-07-18,GO1,48.8552,-123.3659,WSGS84,300,CA,0
GO1-7-18-2021-0,2021-07-18,GO1,48.8549,-123.3634,WSGS84,300,CA,0
GO1-7-20-2022-0,2022-07-20,GO1,48.855,-123.3633,WSGS84,300,CA,0
GO1-7-24-2018-0,2018-07-24,GO1,48.855,-123.3633,WSGS84,300,CA,0
GO1-7-25-2019-0,2019-07-25,GO1,48.855,-123.3633,WSGS84,300,CA,0
GO1-7-28-2016-0,2016-07-28,GO1,48.8551,-123.3636,WSGS84,300,CA,0
GO1-7-28-2020-0,2020-07-28,GO1,48.855,-123.3633,WSGS84,300,CA,0
GO1-7-31-2017-0,2017-07-31,GO1,48.8558,-123.3633,WSGS84,300,CA,0
GO1-7-5-2018-0,2018-07-05,GO1,48.855,-123.3633,WSGS84,300,CA,0
GO1-7-7-2016-0,2016-07-07,GO1,48.855,-123.3634,WSGS84,300,CA,0
GO1-7-7-2017-0,2017-07-07,GO1,48.8557,-123.3633,WSGS84,300,CA,0
GO1-7-7-2019-0,2019-07-07,GO1,48.855,-123.3633,WSGS84,300,CA,0
GO1-7-8-2021-0,2021-07-08,GO1,48.855,-123.3637,WSGS84,300,CA,0
GO1-8-11-2016-0,2016-08-11,GO1,48.8563,-123.3673,WSGS84,300,CA,0
GO1-8-13-2022-0,2022-08-13,GO1,48.855,-123.3633,WSGS84,300,CA,0
GO1-8-15-2017-0,2017-08-15,GO1,48.855,-123.3633,WSGS84,300,CA,0
GO1-8-16-2018-0,2018-08-16,GO1,48.855,-123.3633,WSGS84,300,CA,0
GO1-8-2-2018-0,2018-08-02,GO1,48.855,-123.3633,WSGS84,300,CA,0
GO1-8-20-2019-0,2019-08-20,GO1,48.855,-123.3633,WSGS84,300,CA,0
GO1-8-21-2017-0,2017-08-21,GO1,48.8536,-123.3648,WSGS84,300,CA,0
GO1-8-23-2016-0,2016-08-23,GO1,48.8562,-123.3675,WSGS84,300,CA,0
GO1-8-24-2018-0,2018-08-24,GO1,48.855,-123.3633,WSGS84,300,CA,0
GO1-8-27-2020-0,2020-08-27,GO1,48.855,-123.3633,WSGS84,300,CA,0
GO1-8-31-2021-0,2021-08-31,GO1,48.855,-123.3642,WSGS84,300,CA,0
GO1-8-4-2016-0,2016-08-04,GO1,48.856,-123.3642,WSGS84,300,CA,0
GO1-8-6-2019-0,2019-08-06,GO1,48.855,-123.3633,WSGS84,300,CA,0
GO1-8-9-2017-0,2017-08-09,GO1,48.8543,-123.3644,WSGS84,300,CA,0
GO1-8-9-2021-0,2021-08-09,GO1,48.855,-123.3638,WSGS84,300,CA,0
GO1-9-16-2020-0,2020-09-16,GO1,48.855,-123.3633,WSGS84,300,CA,0
GO1-9-20-2019-0,2019-09-20,GO1,48.855,-123.3633,WSGS84,300,CA,0
GO1-9-22-2016-0,2016-09-22,GO1,48.8567,-123.3655,WSGS84,300,CA,0
GO1-9-25-2018-0,2018-09-25,GO1,48.855,-123.3633,WSGS84,300,CA,0
GO1-9-27-2017-0,2017-09-27,GO1,48.8548,-123.3633,WSGS84,300,CA,0
GO1-9-30-2020-0,2020-09-30,GO1,48.855,-123.3633,WSGS84,300,CA,0
GO1-9-5-2017-0,2017-09-05,GO1,48.8541,-123.3652,WSGS84,300,CA,0
GO1-9-7-2018-0,2018-09-07,GO1,48.855,-123.3633,WSGS84,300,CA,0
GO1-9-9-2016-0,2016-09-09,GO1,48.8553,-123.3646,WSGS84,300,CA,0
GO10-1-15-2021-0,2021-01-15,GO10,48.7152,-123.2448,WSGS84,300,CA,0
GO10-1-16-2022-0,2022-01-16,GO10,48.7152,-123.2448,WSGS84,300,CA,0
GO10-10-11-2019-0,2019-10-11,GO10,48.7152,-123.2448,WSGS84,300,CA,0
GO10-10-19-2021-0,2021-10-19,GO10,48.7152,-123.2448,WSGS84,300,CA,0
GO10-10-2-2020-0,2020-10-02,GO10,48.7152,-123.2448,WSGS84,300,CA,0
GO10-10-9-2022-0,2022-10-09,GO10,48.7152,-123.2448,WSGS84,300,CA,0
GO10-12-7-2020-0,2020-12-07,GO10,48.7152,-123.2448,WSGS84,300,CA,0
GO10-2-22-2021-0,2021-02-22,GO10,48.7164,-123.2456,WSGS84,300,CA,0
GO10-2-23-2022-0,2022-02-23,GO10,48.7152,-123.2448,WSGS84,300,CA,0
GO10-3-10-2022-0,2022-03-10,GO10,48.7152,-123.2448,WSGS84,300,CA,0
GO10-3-13-2023-0,2023-03-13,GO10,48.7152,-123.2448,WSGS84,300,CA,0
GO10-3-15-2021-0,2021-03-15,GO10,48.7157,-123.2452,WSGS84,300,CA,0
GO10-3-18-2019-0,2019-03-18,GO10,48.7152,-123.2448,WSGS84,300,CA,0
GO10-3-18-2022-0,2022-03-18,GO10,48.7152,-123.2448,WSGS84,300,CA,0
GO10-3-2-2020-0,2020-03-02,GO10,48.7152,-123.2448,WSGS84,300,CA,0
GO10-3-22-2021-0,2021-03-22,GO10,48.7154,-123.2487,WSGS84,300,CA,0
GO10-3-24-2022-0,2022-03-24,GO10,48.7152,-123.2448,WSGS84,300,CA,0
GO10-3-30-2021-0,2021-03-30,GO10,48.7147,-123.2415,WSGS84,300,CA,0
GO10-3-31-2020-0,2020-03-31,GO10,48.7152,-123.2448,WSGS84,300,CA,0
GO10-3-7-2023-0,2023-03-07,GO10,48.7152,-123.2448,WSGS84,300,CA,0
GO10-4-1-2020-0,2020-04-01,GO10,48.7152,-123.2448,WSGS84,300,CA,0
GO10-4-1-2022-0,2022-04-01,GO10,48.7152,-123.2448,WSGS84,300,CA,0
GO10-4-10-2022-0,2022-04-10,GO10,48.7152,-123.2448,WSGS84,300,CA,0
GO10-4-11-2021-0,2021-04-11,GO10,48.7151,-123.2451,WSGS84,300,CA,0
GO10-4-14-2023-0,2023-04-14,GO10,48.7152,-123.2448,WSGS84,300,CA,0
GO10-4-16-2022-0,2022-04-16,GO10,48.7152,-123.2448,WSGS84,300,CA,0
GO10-4-19-2021-0,2021-04-19,GO10,48.7152,-123.2452,WSGS84,300,CA,0
GO10-4-24-2020-0,2020-04-24,GO10,48.7152,-123.2448,WSGS84,300,CA,0
GO10-4-25-2019-0,2019-04-25,GO10,48.7152,-123.2448,WSGS84,300,CA,0
GO10-4-28-2023-0,2023-04-28,GO10,48.7152,-123.2448,WSGS84,300,CA,0
GO10-4-30-2020-0,2020-04-30,GO10,48.7152,-123.2448,WSGS84,300,CA,0
GO10-4-5-2021-0,2021-04-05,GO10,48.7152,-123.2448,WSGS84,300,CA,0
GO10-5-13-2020-0,2020-05-13,GO10,48.7152,-123.2448,WSGS84,300,CA,0
GO10-5-20-2021-0,2021-05-20,GO10,48.7151,-123.2452,WSGS84,300,CA,0
GO10-5-20-2022-0,2022-05-20,GO10,48.7152,-123.2448,WSGS84,300,CA,0
GO10-5-21-2019-0,2019-05-21,GO10,48.7152,-123.2448,WSGS84,300,CA,0
GO10-5-7-2019-0,2019-05-07,GO10,48.7152,-123.2448,WSGS84,300,CA,0
GO10-5-7-2020-0,2020-05-07,GO10,48.7152,-123.2448,WSGS84,300,CA,0
GO10-5-9-2021-0,2021-05-09,GO10,48.7153,-123.2451,WSGS84,300,CA,0
GO10-6-16-2021-0,2021-06-16,GO10,48.7154,-123.2458,WSGS84,300,CA,0
GO10-6-16-2022-0,2022-06-16,GO10,48.7152,-123.2448,WSGS84,300,CA,0
GO10-6-16-2023-0,2023-06-16,GO10,48.7152,-123.2448,WSGS84,300,CA,0
GO10-6-18-2019-0,2019-06-18,GO10,48.7152,-123.2448,WSGS84,300,CA,0
GO10-6-19-2022-0,2022-06-19,GO10,48.7152,-123.2448,WSGS84,300,CA,0
GO10-6-2-2019-0,2019-06-02,GO10,48.7152,-123.2448,WSGS84,300,CA,0
GO10-6-25-2020-0,2020-06-25,GO10,48.7152,-123.2448,WSGS84,300,CA,0
GO10-6-25-2023-0,2023-06-25,GO10,48.7152,-123.2448,WSGS84,300,CA,0
GO10-6-5-2020-0,2020-06-05,GO10,48.7152,-123.2448,WSGS84,300,CA,0
GO10-6-9-2021-0,2021-06-09,GO10,48.7152,-123.2448,WSGS84,300,CA,0
GO10-7-11-2022-0,2022-07-11,GO10,48.7152,-123.2448,WSGS84,300,CA,0
GO10-7-17-2023-0,2023-07-17,GO10,48.7152,-123.2448,WSGS84,300,CA,0
GO10-7-19-2021-0,2021-07-19,GO10,48.7152,-123.245,WSGS84,300,CA,0
GO10-7-21-2019-0,2019-07-21,GO10,48.7152,-123.2448,WSGS84,300,CA,0
GO10-7-21-2022-0,2022-07-21,GO10,48.7152,-123.2448,WSGS84,300,CA,0
GO10-7-26-2020-0,2020-07-26,GO10,48.7152,-123.2448,WSGS84,300,CA,0
GO10-7-6-2020-0,2020-07-06,GO10,48.7152,-123.2448,WSGS84,300,CA,0
GO10-7-9-2019-0,2019-07-09,GO10,48.7152,-123.2448,WSGS84,300,CA,0
GO10-7-9-2021-0,2021-07-09,GO10,48.7149,-123.2441,WSGS84,300,CA,0
GO10-8-12-2022-0,2022-08-12,GO10,48.7152,-123.2448,WSGS84,300,CA,0
GO10-8-16-2022-0,2022-08-16,GO10,48.7152,-123.2448,WSGS84,300,CA,0
GO10-8-20-2019-0,2019-08-20,GO10,48.7152,-123.2448,WSGS84,300,CA,0
GO10-8-25-2020-0,2020-08-25,GO10,48.7152,-123.2448,WSGS84,300,CA,0
GO10-8-29-2021-0,2021-08-29,GO10,48.7149,-123.2447,WSGS84,300,CA,0
GO10-8-7-2019-0,2019-08-07,GO10,48.7152,-123.2448,WSGS84,300,CA,0
GO10-8-8-2021-0,2021-08-08,GO10,48.7155,-123.2465,WSGS84,300,CA,0
GO10-9-16-2019-0,2019-09-16,GO10,48.7152,-123.2448,WSGS84,300,CA,0
GO10-9-18-2020-0,2020-09-18,GO10,48.7152,-123.2448,WSGS84,300,CA,0
GO10-9-19-2021-0,2021-09-19,GO10,48.7151,-123.2454,WSGS84,300,CA,0
GO10-9-24-2021-0,2021-09-24,GO10,48.7153,-123.2456,WSGS84,300,CA,0
GO11-10-9-2022-0,2022-10-09,GO11,48.7737,-123.3308,WSGS84,300,CA,0
GO11-3-13-2023-0,2023-03-13,GO11,48.7737,-123.3308,WSGS84,300,CA,0
GO11-3-7-2023-0,2023-03-07,GO11,48.7737,-123.3308,WSGS84,300,CA,0
GO11-4-14-2023-0,2023-04-14,GO11,48.7737,-123.3308,WSGS84,300,CA,0
GO11-4-28-2023-0,2023-04-28,GO11,48.7737,-123.3308,WSGS84,300,CA,0
GO11-6-16-2023-0,2023-06-16,GO11,48.7737,-123.3308,WSGS84,300,CA,0
GO11-6-25-2023-0,2023-06-25,GO11,48.7737,-123.3308,WSGS84,300,CA,0
GO11-7-17-2023-0,2023-07-17,GO11,48.7737,-123.3308,WSGS84,300,CA,0
GO11-8-12-2022-0,2022-08-12,GO11,48.7737,-123.3308,WSGS84,300,CA,0
GO11-8-16-2022-0,2022-08-16,GO11,48.7737,-123.3308,WSGS84,300,CA,0
GO2-1-13-2021-0,2021-01-13,GO2,48.8833,-123.2733,WSGS84,300,CA,0
GO2-1-14-2022-0,2022-01-14,GO2,48.8833,-123.2733,WSGS84,300,CA,0
GO2-10-10-2019-0,2019-10-10,GO2,48.8833,-123.2733,WSGS84,300,CA,0
GO2-10-11-2018-0,2018-10-11,GO2,48.8833,-123.2733,WSGS84,300,CA,0
GO2-10-17-2017-0,2017-10-17,GO2,48.8836,-123.2723,WSGS84,300,CA,0
GO2-10-18-2016-0,2016-10-18,GO2,48.8812,-123.2801,WSGS84,300,CA,0
GO2-10-18-2021-0,2021-10-18,GO2,48.883,-123.2742,WSGS84,300,CA,0
GO2-12-9-2020-0,2020-12-09,GO2,48.8833,-123.2733,WSGS84,300,CA,0
GO2-2-24-2021-0,2021-02-24,GO2,48.8831,-123.2741,WSGS84,300,CA,0
GO2-2-24-2022-0,2022-02-24,GO2,48.8833,-123.2733,WSGS84,300,CA,0
GO2-3-10-2017-0,2017-03-10,GO2,48.8833,-123.2733,WSGS84,300,CA,0
GO2-3-10-2018-0,2018-03-10,GO2,48.8833,-123.2733,WSGS84,300,CA,0
GO2-3-11-2021-0,2021-03-11,GO2,48.883,-123.2732,WSGS84,300,CA,0
GO2-3-13-2018-0,2018-03-13,GO2,48.8833,-123.2733,WSGS84,300,CA,0
GO2-3-16-2022-0,2022-03-16,GO2,48.8833,-123.2733,WSGS84,300,CA,0
GO2-3-16-2023-0,2023-03-16,GO2,48.8833,-123.2733,WSGS84,300,CA,0
GO2-3-18-2016-0,2016-03-18,GO2,48.8827,-123.27,WSGS84,300,CA,0
GO2-3-18-2019-0,2019-03-18,GO2,48.8833,-123.2733,WSGS84,300,CA,0
GO2-3-2-2017-0,2017-03-02,GO2,48.8836,-123.2736,WSGS84,300,CA,0
GO2-3-20-2017-0,2017-03-20,GO2,48.8834,-123.2731,WSGS84,300,CA,0
GO2-3-24-2021-0,2021-03-24,GO2,48.8826,-123.2726,WSGS84,300,CA,0
GO2-3-25-2022-0,2022-03-25,GO2,48.8833,-123.2733,WSGS84,300,CA,0
GO2-3-26-2018-0,2018-03-26,GO2,48.8833,-123.2733,WSGS84,300,CA,0
GO2-3-26-2021-0,2021-03-26,GO2,48.8831,-123.2744,WSGS84,300,CA,0
GO2-3-29-2016-0,2016-03-29,GO2,48.8823,-123.2709,WSGS84,300,CA,0
GO2-3-3-2016-0,2016-03-03,GO2,48.8834,-123.2746,WSGS84,300,CA,0
GO2-3-30-2023-0,2023-03-30,GO2,48.8833,-123.2733,WSGS84,300,CA,0
GO2-4-1-2020-0,2020-04-01,GO2,48.8833,-123.2733,WSGS84,300,CA,0
GO2-4-11-2016-0,2016-04-11,GO2,48.8833,-123.2733,WSGS84,300,CA,0
GO2-4-11-2021-0,2021-04-11,GO2,48.8833,-123.2731,WSGS84,300,CA,0
GO2-4-14-2017-0,2017-04-14,GO2,48.8833,-123.2733,WSGS84,300,CA,0
GO2-4-18-2016-0,2016-04-18,GO2,48.8833,-123.2733,WSGS84,300,CA,0
GO2-4-18-2019-0,2019-04-18,GO2,48.8833,-123.2733,WSGS84,300,CA,0
GO2-4-20-2018-0,2018-04-20,GO2,48.8833,-123.2733,WSGS84,300,CA,0
GO2-4-20-2021-0,2021-04-20,GO2,48.8831,-123.2736,WSGS84,300,CA,0
GO2-4-22-2022-0,2022-04-22,GO2,48.8833,-123.2733,WSGS84,300,CA,0
GO2-4-23-2019-0,2019-04-23,GO2,48.8833,-123.2733,WSGS84,300,CA,0
GO2-4-23-2020-0,2020-04-23,GO2,48.8833,-123.2733,WSGS84,300,CA,0
GO2-4-24-2017-0,2017-04-24,GO2,48.8832,-123.2735,WSGS84,300,CA,0
GO2-4-26-2016-0,2016-04-26,GO2,48.8836,-123.2734,WSGS84,300,CA,0
GO2-4-27-2018-0,2018-04-27,GO2,48.8833,-123.2733,WSGS84,300,CA,0
GO2-4-3-2018-0,2018-04-03,GO2,48.8833,-123.2733,WSGS84,300,CA,0
GO2-4-5-2021-0,2021-04-05,GO2,48.8832,-123.2729,WSGS84,300,CA,0
GO2-4-7-2022-0,2022-04-07,GO2,48.8833,-123.2733,WSGS84,300,CA,0
GO2-5-1-2020-0,2020-05-01,GO2,48.8833,-123.2733,WSGS84,300,CA,0
GO2-5-10-2018-0,2018-05-10,GO2,48.8833,-123.2733,WSGS84,300,CA,0
GO2-5-10-2021-0,2021-05-10,GO2,48.8833,-123.2734,WSGS84,300,CA,0
GO2-5-12-2017-0,2017-05-12,GO2,48.8835,-123.2725,WSGS84,300,CA,0
GO2-5-12-2020-0,2020-05-12,GO2,48.8833,-123.2733,WSGS84,300,CA,0
GO2-5-16-2016-0,2016-05-16,GO2,48.8825,-123.2736,WSGS84,300,CA,0
GO2-5-17-2018-0,2018-05-17,GO2,48.8833,-123.2733,WSGS84,300,CA,0
GO2-5-20-2019-0,2019-05-20,GO2,48.8833,-123.2733,WSGS84,300,CA,0
GO2-5-21-2021-0,2021-05-21,GO2,48.8832,-123.2732,WSGS84,300,CA,0
GO2-5-21-2022-0,2022-05-21,GO2,48.8833,-123.2733,WSGS84,300,CA,0
GO2-5-23-2016-0,2016-05-23,GO2,48.8837,-123.2732,WSGS84,300,CA,0
GO2-5-23-2017-0,2017-05-23,GO2,48.8834,-123.2724,WSGS84,300,CA,0
GO2-5-31-2018-0,2018-05-31,GO2,48.8833,-123.2733,WSGS84,300,CA,0
GO2-5-5-2017-0,2017-05-05,GO2,48.8838,-123.2729,WSGS84,300,CA,0
GO2-5-6-2020-0,2020-05-06,GO2,48.8833,-123.2733,WSGS84,300,CA,0
GO2-5-9-2019-0,2019-05-09,GO2,48.8833,-123.2733,WSGS84,300,CA,0
GO2-6-11-2017-0,2017-06-11,GO2,48.8833,-123.2724,WSGS84,300,CA,0
GO2-6-12-2021-0,2021-06-12,GO2,48.8832,-123.2732,WSGS84,300,CA,0
GO2-6-13-2016-0,2016-06-13,GO2,48.8841,-123.2712,WSGS84,300,CA,0
GO2-6-14-2018-0,2018-06-14,GO2,48.8833,-123.2733,WSGS84,300,CA,0
GO2-6-15-2021-0,2021-06-15,GO2,48.8833,-123.2734,WSGS84,300,CA,0
GO2-6-19-2023-0,2023-06-19,GO2,48.8833,-123.2733,WSGS84,300,CA,0
GO2-6-21-2018-0,2018-06-21,GO2,48.8833,-123.2733,WSGS84,300,CA,0
GO2-6-21-2019-0,2019-06-21,GO2,48.8833,-123.2733,WSGS84,300,CA,0
GO2-6-23-2017-0,2017-06-23,GO2,48.8831,-123.2729,WSGS84,300,CA,0
GO2-6-23-2023-0,2023-06-23,GO2,48.8833,-123.2733,WSGS84,300,CA,0
GO2-6-24-2020-0,2020-06-24,GO2,48.8833,-123.2733,WSGS84,300,CA,0
GO2-6-27-2016-0,2016-06-27,GO2,48.8826,-123.2723,WSGS84,300,CA,0
GO2-6-30-2020-0,2020-06-30,GO2,48.8833,-123.2733,WSGS84,300,CA,0
GO2-6-4-2019-0,2019-06-04,GO2,48.8833,-123.2733,WSGS84,300,CA,0
GO2-6-4-2020-0,2020-06-04,GO2,48.8833,-123.2733,WSGS84,300,CA,0
GO2-6-6-2016-0,2016-06-06,GO2,48.8832,-123.272,WSGS84,300,CA,0
GO2-6-7-2018-0,2018-06-07,GO2,48.8833,-123.2733,WSGS84,300,CA,0
GO2-7-11-2022-0,2022-07-11,GO2,48.8833,-123.2733,WSGS84,300,CA,0
GO2-7-12-2018-0,2018-07-12,GO2,48.8833,-123.2733,WSGS84,300,CA,0
GO2-7-17-2017-0,2017-07-17,GO2,48.8819,-123.2752,WSGS84,300,CA,0
GO2-7-18-2016-0,2016-07-18,GO2,48.8834,-123.2723,WSGS84,300,CA,0
GO2-7-18-2021-0,2021-07-18,GO2,48.884,-123.2738,WSGS84,300,CA,0
GO2-7-20-2022-0,2022-07-20,GO2,48.8833,-123.2733,WSGS84,300,CA,0
GO2-7-24-2018-0,2018-07-24,GO2,48.8833,-123.2733,WSGS84,300,CA,0
GO2-7-25-2019-0,2019-07-25,GO2,48.8833,-123.2733,WSGS84,300,CA,0
GO2-7-28-2016-0,2016-07-28,GO2,48.8812,-123.2778,WSGS84,300,CA,0
GO2-7-28-2020-0,2020-07-28,GO2,48.8833,-123.2733,WSGS84,300,CA,0
GO2-7-31-2017-0,2017-07-31,GO2,48.8833,-123.2733,WSGS84,300,CA,0
GO2-7-5-2018-0,2018-07-05,GO2,48.8833,-123.2733,WSGS84,300,CA,0
GO2-7-7-2016-0,2016-07-07,GO2,48.8835,-123.2714,WSGS84,300,CA,0
GO2-7-7-2017-0,2017-07-07,GO2,48.8836,-123.272,WSGS84,300,CA,0
GO2-7-7-2019-0,2019-07-07,GO2,48.8833,-123.2733,WSGS84,300,CA,0
GO2-7-8-2021-0,2021-07-08,GO2,48.8834,-123.2737,WSGS84,300,CA,0
GO2-8-11-2016-0,2016-08-11,GO2,48.8844,-123.273,WSGS84,300,CA,0
GO2-8-13-2022-0,2022-08-13,GO2,48.8833,-123.2733,WSGS84,300,CA,0
GO2-8-15-2017-0,2017-08-15,GO2,48.8833,-123.2733,WSGS84,300,CA,0
GO2-8-16-2018-0,2018-08-16,GO2,48.8833,-123.2733,WSGS84,300,CA,0
GO2-8-18-2022-0,2022-08-18,GO2,48.8833,-123.2733,WSGS84,300,CA,0
GO2-8-2-2018-0,2018-08-02,GO2,48.8833,-123.2733,WSGS84,300,CA,0
GO2-8-20-2019-0,2019-08-20,GO2,48.8833,-123.2733,WSGS84,300,CA,0
GO2-8-21-2017-0,2017-08-21,GO2,48.8832,-123.2722,WSGS84,300,CA,0
GO2-8-23-2016-0,2016-08-23,GO2,48.8804,-123.2774,WSGS84,300,CA,0
GO2-8-24-2018-0,2018-08-24,GO2,48.8833,-123.2733,WSGS84,300,CA,0
GO2-8-27-2020-0,2020-08-27,GO2,48.8833,-123.2733,WSGS84,300,CA,0
GO2-8-31-2021-0,2021-08-31,GO2,48.8834,-123.2735,WSGS84,300,CA,0
GO2-8-4-2016-0,2016-08-04,GO2,48.8836,-123.2724,WSGS84,300,CA,0
GO2-8-6-2019-0,2019-08-06,GO2,48.8833,-123.2733,WSGS84,300,CA,0
GO2-8-9-2017-0,2017-08-09,GO2,48.8835,-123.2716,WSGS84,300,CA,0
GO2-8-9-2021-0,2021-08-09,GO2,48.8836,-123.2736,WSGS84,300,CA,0
GO2-9-16-2020-0,2020-09-16,GO2,48.8833,-123.2733,WSGS84,300,CA,0
GO2-9-20-2019-0,2019-09-20,GO2,48.8833,-123.2733,WSGS84,300,CA,0
GO2-9-22-2016-0,2016-09-22,GO2,48.8833,-123.2733,WSGS84,300,CA,0
GO2-9-25-2018-0,2018-09-25,GO2,48.8833,-123.2733,WSGS84,300,CA,0
GO2-9-27-2017-0,2017-09-27,GO2,48.8837,-123.2724,WSGS84,300,CA,0
GO2-9-30-2020-0,2020-09-30,GO2,48.8833,-123.2733,WSGS84,300,CA,0
GO2-9-5-2017-0,2017-09-05,GO2,48.8834,-123.2721,WSGS84,300,CA,0
GO2-9-7-2018-0,2018-09-07,GO2,48.8833,-123.2733,WSGS84,300,CA,0
GO2-9-9-2016-0,2016-09-09,GO2,48.8825,-123.2772,WSGS84,300,CA,0
GO3-1-13-2021-0,2021-01-13,GO3,48.8567,-123.18,WSGS84,300,CA,0
GO3-1-14-2022-0,2022-01-14,GO3,48.8567,-123.18,WSGS84,300,CA,0
GO3-10-10-2019-0,2019-10-10,GO3,48.8567,-123.18,WSGS84,300,CA,0
GO3-10-11-2018-0,2018-10-11,GO3,48.8567,-123.18,WSGS84,300,CA,0
GO3-10-17-2017-0,2017-10-17,GO3,48.8564,-123.1806,WSGS84,300,CA,0
GO3-10-18-2016-0,2016-10-18,GO3,48.8569,-123.1822,WSGS84,300,CA,0
GO3-10-18-2021-0,2021-10-18,GO3,48.8567,-123.1798,WSGS84,300,CA,0
GO3-12-9-2020-0,2020-12-09,GO3,48.8567,-123.18,WSGS84,300,CA,0
GO3-2-24-2021-0,2021-02-24,GO3,48.8554,-123.1793,WSGS84,300,CA,0
GO3-2-24-2022-0,2022-02-24,GO3,48.8567,-123.18,WSGS84,300,CA,0
GO3-3-10-2017-0,2017-03-10,GO3,48.8567,-123.18,WSGS84,300,CA,0
GO3-3-10-2018-0,2018-03-10,GO3,48.8567,-123.18,WSGS84,300,CA,0
GO3-3-11-2021-0,2021-03-11,GO3,48.8567,-123.1824,WSGS84,300,CA,0
GO3-3-13-2018-0,2018-03-13,GO3,48.8567,-123.18,WSGS84,300,CA,0
GO3-3-16-2022-0,2022-03-16,GO3,48.8567,-123.18,WSGS84,300,CA,0
GO3-3-16-2023-0,2023-03-16,GO3,48.8567,-123.18,WSGS84,300,CA,0
GO3-3-18-2016-0,2016-03-18,GO3,48.8562,-123.1789,WSGS84,300,CA,0
GO3-3-2-2017-0,2017-03-02,GO3,48.8559,-123.1792,WSGS84,300,CA,0
GO3-3-20-2017-0,2017-03-20,GO3,48.8562,-123.1803,WSGS84,300,CA,0
GO3-3-24-2021-0,2021-03-24,GO3,48.8588,-123.1822,WSGS84,300,CA,0
GO3-3-25-2022-0,2022-03-25,GO3,48.8567,-123.18,WSGS84,300,CA,0
GO3-3-26-2018-0,2018-03-26,GO3,48.8567,-123.18,WSGS84,300,CA,0
GO3-3-26-2021-0,2021-03-26,GO3,48.8572,-123.1816,WSGS84,300,CA,0
GO3-3-29-2016-0,2016-03-29,GO3,48.8567,-123.18,WSGS84,300,CA,0
GO3-3-3-2016-0,2016-03-03,GO3,48.8573,-123.1815,WSGS84,300,CA,0
GO3-3-30-2023-0,2023-03-30,GO3,48.8567,-123.18,WSGS84,300,CA,0
GO3-4-1-2020-0,2020-04-01,GO3,48.8567,-123.18,WSGS84,300,CA,0
GO3-4-11-2016-0,2016-04-11,GO3,48.8567,-123.18,WSGS84,300,CA,0
GO3-4-11-2021-0,2021-04-11,GO3,48.8567,-123.1799,WSGS84,300,CA,0
GO3-4-14-2017-0,2017-04-14,GO3,48.8567,-123.18,WSGS84,300,CA,0
GO3-4-18-2016-0,2016-04-18,GO3,48.8567,-123.18,WSGS84,300,CA,0
GO3-4-18-2019-0,2019-04-18,GO3,48.8567,-123.18,WSGS84,300,CA,0
GO3-4-20-2018-0,2018-04-20,GO3,48.8567,-123.18,WSGS84,300,CA,0
GO3-4-20-2021-0,2021-04-20,GO3,48.8565,-123.1799,WSGS84,300,CA,0
GO3-4-22-2022-0,2022-04-22,GO3,48.8567,-123.18,WSGS84,300,CA,0
GO3-4-23-2019-0,2019-04-23,GO3,48.8567,-123.18,WSGS84,300,CA,0
GO3-4-23-2020-0,2020-04-23,GO3,48.8567,-123.18,WSGS84,300,CA,0
GO3-4-24-2017-0,2017-04-24,GO3,48.8567,-123.1797,WSGS84,300,CA,0
GO3-4-26-2016-0,2016-04-26,GO3,48.8563,-123.1767,WSGS84,300,CA,0
GO3-4-27-2018-0,2018-04-27,GO3,48.8567,-123.18,WSGS84,300,CA,0
GO3-4-3-2018-0,2018-04-03,GO3,48.8567,-123.18,WSGS84,300,CA,0
GO3-4-5-2021-0,2021-04-05,GO3,48.8563,-123.1796,WSGS84,300,CA,0
GO3-4-7-2022-0,2022-04-07,GO3,48.8567,-123.18,WSGS84,300,CA,0
GO3-5-1-2020-0,2020-05-01,GO3,48.8567,-123.18,WSGS84,300,CA,0
GO3-5-10-2018-0,2018-05-10,GO3,48.8567,-123.18,WSGS84,300,CA,0
GO3-5-10-2021-0,2021-05-10,GO3,48.8566,-123.1798,WSGS84,300,CA,0
GO3-5-12-2017-0,2017-05-12,GO3,48.8563,-123.1796,WSGS84,300,CA,0
GO3-5-12-2020-0,2020-05-12,GO3,48.8567,-123.18,WSGS84,300,CA,0
GO3-5-16-2016-0,2016-05-16,GO3,48.856,-123.1796,WSGS84,300,CA,0
GO3-5-17-2018-0,2018-05-17,GO3,48.8567,-123.18,WSGS84,300,CA,0
GO3-5-20-2019-0,2019-05-20,GO3,48.8567,-123.18,WSGS84,300,CA,0
GO3-5-21-2021-0,2021-05-21,GO3,48.8568,-123.1796,WSGS84,300,CA,0
GO3-5-21-2022-0,2022-05-21,GO3,48.8567,-123.18,WSGS84,300,CA,0
GO3-5-23-2016-0,2016-05-23,GO3,48.8553,-123.1785,WSGS84,300,CA,0
GO3-5-23-2017-0,2017-05-23,GO3,48.8567,-123.1796,WSGS84,300,CA,0
GO3-5-31-2018-0,2018-05-31,GO3,48.8567,-123.18,WSGS84,300,CA,0
GO3-5-5-2017-0,2017-05-05,GO3,48.8567,-123.1804,WSGS84,300,CA,0
GO3-5-6-2020-0,2020-05-06,GO3,48.8567,-123.18,WSGS84,300,CA,0
GO3-5-9-2019-0,2019-05-09,GO3,48.8567,-123.18,WSGS84,300,CA,0
GO3-6-11-2017-0,2017-06-11,GO3,48.8552,-123.1784,WSGS84,300,CA,0
GO3-6-12-2021-0,2021-06-12,GO3,48.8567,-123.1797,WSGS84,300,CA,0
GO3-6-13-2016-0,2016-06-13,GO3,48.856,-123.1795,WSGS84,300,CA,0
GO3-6-14-2018-0,2018-06-14,GO3,48.8567,-123.18,WSGS84,300,CA,0
GO3-6-15-2021-0,2021-06-15,GO3,48.8567,-123.1801,WSGS84,300,CA,0
GO3-6-19-2023-0,2023-06-19,GO3,48.8567,-123.18,WSGS84,300,CA,0
GO3-6-21-2018-0,2018-06-21,GO3,48.8567,-123.18,WSGS84,300,CA,0
GO3-6-21-2019-0,2019-06-21,GO3,48.8567,-123.18,WSGS84,300,CA,0
GO3-6-23-2017-0,2017-06-23,GO3,48.8559,-123.1796,WSGS84,300,CA,0
GO3-6-23-2023-0,2023-06-23,GO3,48.8567,-123.18,WSGS84,300,CA,0
GO3-6-24-2020-0,2020-06-24,GO3,48.8567,-123.18,WSGS84,300,CA,0
GO3-6-27-2016-0,2016-06-27,GO3,48.8573,-123.18,WSGS84,300,CA,0
GO3-6-30-2020-0,2020-06-30,GO3,48.8567,-123.18,WSGS84,300,CA,0
GO3-6-4-2019-0,2019-06-04,GO3,48.8567,-123.18,WSGS84,300,CA,0
GO3-6-4-2020-0,2020-06-04,GO3,48.8567,-123.18,WSGS84,300,CA,0
GO3-6-6-2016-0,2016-06-06,GO3,48.8555,-123.1791,WSGS84,300,CA,0
GO3-6-7-2018-0,2018-06-07,GO3,48.8567,-123.18,WSGS84,300,CA,0
GO3-7-11-2022-0,2022-07-11,GO3,48.8567,-123.18,WSGS84,300,CA,0
GO3-7-12-2018-0,2018-07-12,GO3,48.8567,-123.18,WSGS84,300,CA,0
GO3-7-18-2016-0,2016-07-18,GO3,48.8574,-123.1802,WSGS84,300,CA,0
GO3-7-18-2021-0,2021-07-18,GO3,48.8564,-123.1803,WSGS84,300,CA,0
GO3-7-20-2022-0,2022-07-20,GO3,48.8567,-123.18,WSGS84,300,CA,0
GO3-7-24-2018-0,2018-07-24,GO3,48.8567,-123.18,WSGS84,300,CA,0
GO3-7-25-2019-0,2019-07-25,GO3,48.8567,-123.18,WSGS84,300,CA,0
GO3-7-28-2016-0,2016-07-28,GO3,48.8576,-123.1797,WSGS84,300,CA,0
GO3-7-28-2020-0,2020-07-28,GO3,48.8567,-123.18,WSGS84,300,CA,0
GO3-7-31-2017-0,2017-07-31,GO3,48.8567,-123.18,WSGS84,300,CA,0
GO3-7-5-2018-0,2018-07-05,GO3,48.8567,-123.18,WSGS84,300,CA,0
GO3-7-7-2016-0,2016-07-07,GO3,48.8558,-123.1795,WSGS84,300,CA,0
GO3-7-7-2017-0,2017-07-07,GO3,48.8567,-123.18,WSGS84,300,CA,0
GO3-7-7-2019-0,2019-07-07,GO3,48.8567,-123.18,WSGS84,300,CA,0
GO3-7-8-2021-0,2021-07-08,GO3,48.8569,-123.1805,WSGS84,300,CA,0
GO3-8-11-2016-0,2016-08-11,GO3,48.8602,-123.1796,WSGS84,300,CA,0
GO3-8-13-2022-0,2022-08-13,GO3,48.8567,-123.18,WSGS84,300,CA,0
GO3-8-15-2017-0,2017-08-15,GO3,48.8567,-123.18,WSGS84,300,CA,0
GO3-8-16-2018-0,2018-08-16,GO3,48.8567,-123.18,WSGS84,300,CA,0
GO3-8-18-2022-0,2022-08-18,GO3,48.8567,-123.18,WSGS84,300,CA,0
GO3-8-2-2018-0,2018-08-02,GO3,48.8567,-123.18,WSGS84,300,CA,0
GO3-8-20-2019-0,2019-08-20,GO3,48.8567,-123.18,WSGS84,300,CA,0
GO3-8-21-2017-0,2017-08-21,GO3,48.8562,-123.1792,WSGS84,300,CA,0
GO3-8-23-2016-0,2016-08-23,GO3,48.8593,-123.1795,WSGS84,300,CA,0
GO3-8-24-2018-0,2018-08-24,GO3,48.8567,-123.18,WSGS84,300,CA,0
GO3-8-27-2020-0,2020-08-27,GO3,48.8567,-123.18,WSGS84,300,CA,0
GO3-8-31-2021-0,2021-08-31,GO3,48.8565,-123.18,WSGS84,300,CA,0
GO3-8-4-2016-0,2016-08-04,GO3,48.8595,-123.181,WSGS84,300,CA,0
GO3-8-6-2019-0,2019-08-06,GO3,48.8567,-123.18,WSGS84,300,CA,0
GO3-8-9-2017-0,2017-08-09,GO3,48.8563,-123.1795,WSGS84,300,CA,0
GO3-8-9-2021-0,2021-08-09,GO3,48.8562,-123.1793,WSGS84,300,CA,0
GO3-9-16-2020-0,2020-09-16,GO3,48.8567,-123.18,WSGS84,300,CA,0
GO3-9-20-2019-0,2019-09-20,GO3,48.8567,-123.18,WSGS84,300,CA,0
GO3-9-22-2016-0,2016-09-22,GO3,48.8587,-123.1836,WSGS84,300,CA,0
GO3-9-25-2018-0,2018-09-25,GO3,48.8567,-123.18,WSGS84,300,CA,0
GO3-9-27-2017-0,2017-09-27,GO3,48.8579,-123.1805,WSGS84,300,CA,0
GO3-9-30-2020-0,2020-09-30,GO3,48.8567,-123.18,WSGS84,300,CA,0
GO3-9-5-2017-0,2017-09-05,GO3,48.8559,-123.1789,WSGS84,300,CA,0
GO3-9-7-2018-0,2018-09-07,GO3,48.8567,-123.18,WSGS84,300,CA,0
GO3-9-9-2016-0,2016-09-09,GO3,48.8568,-123.181,WSGS84,300,CA,0
GO4-1-13-2021-0,2021-01-13,GO4,48.94,-123.22,WSGS84,300,CA,0
GO4-1-14-2022-0,2022-01-14,GO4,48.94,-123.22,WSGS84,300,CA,0
GO4-10-10-2019-0,2019-10-10,GO4,48.94,-123.22,WSGS84,300,CA,0
GO4-10-11-2018-0,2018-10-11,GO4,48.94,-123.22,WSGS84,300,CA,0
GO4-10-18-2016-0,2016-10-18,GO4,48.9389,-123.2263,WSGS84,300,CA,0
GO4-10-18-2021-0,2021-10-18,GO4,48.9399,-123.22,WSGS84,300,CA,0
GO4-12-9-2020-0,2020-12-09,GO4,48.94,-123.22,WSGS84,300,CA,0
GO4-2-24-2021-0,2021-02-24,GO4,48.9401,-123.2182,WSGS84,300,CA,0
GO4-2-24-2022-0,2022-02-24,GO4,48.94,-123.22,WSGS84,300,CA,0
GO4-3-10-2017-0,2017-03-10,GO4,48.94,-123.22,WSGS84,300,CA,0
GO4-3-10-2018-0,2018-03-10,GO4,48.94,-123.22,WSGS84,300,CA,0
GO4-3-11-2021-0,2021-03-11,GO4,48.9408,-123.2193,WSGS84,300,CA,0
GO4-3-13-2018-0,2018-03-13,GO4,48.94,-123.22,WSGS84,300,CA,0
GO4-3-16-2022-0,2022-03-16,GO4,48.94,-123.22,WSGS84,300,CA,0
GO4-3-16-2023-0,2023-03-16,GO4,48.94,-123.22,WSGS84,300,CA,0
GO4-3-18-2016-0,2016-03-18,GO4,48.9403,-123.2199,WSGS84,300,CA,0
GO4-3-18-2019-0,2019-03-18,GO4,48.94,-123.22,WSGS84,300,CA,0
GO4-3-2-2017-0,2017-03-02,GO4,48.9398,-123.2202,WSGS84,300,CA,0
GO4-3-20-2017-0,2017-03-20,GO4,48.9381,-123.2206,WSGS84,300,CA,0
GO4-3-24-2021-0,2021-03-24,GO4,48.9403,-123.2199,WSGS84,300,CA,0
GO4-3-25-2022-0,2022-03-25,GO4,48.94,-123.22,WSGS84,300,CA,0
GO4-3-26-2018-0,2018-03-26,GO4,48.94,-123.22,WSGS84,300,CA,0
GO4-3-26-2021-0,2021-03-26,GO4,48.9408,-123.221,WSGS84,300,CA,0
GO4-3-29-2016-0,2016-03-29,GO4,48.9398,-123.2194,WSGS84,300,CA,0
GO4-3-3-2016-0,2016-03-03,GO4,48.9402,-123.2203,WSGS84,300,CA,0
GO4-3-30-2023-0,2023-03-30,GO4,48.94,-123.22,WSGS84,300,CA,0
GO4-4-1-2020-0,2020-04-01,GO4,48.94,-123.22,WSGS84,300,CA,0
GO4-4-11-2016-0,2016-04-11,GO4,48.94,-123.22,WSGS84,300,CA,0
GO4-4-11-2021-0,2021-04-11,GO4,48.9404,-123.2202,WSGS84,300,CA,0
GO4-4-14-2017-0,2017-04-14,GO4,48.94,-123.22,WSGS84,300,CA,0
GO4-4-18-2016-0,2016-04-18,GO4,48.94,-123.22,WSGS84,300,CA,0
GO4-4-18-2019-0,2019-04-18,GO4,48.94,-123.22,WSGS84,300,CA,0
GO4-4-20-2018-0,2018-04-20,GO4,48.94,-123.22,WSGS84,300,CA,0
GO4-4-20-2021-0,2021-04-20,GO4,48.94,-123.2196,WSGS84,300,CA,0
GO4-4-22-2022-0,2022-04-22,GO4,48.94,-123.22,WSGS84,300,CA,0
GO4-4-23-2019-0,2019-04-23,GO4,48.94,-123.22,WSGS84,300,CA,0
GO4-4-23-2020-0,2020-04-23,GO4,48.94,-123.22,WSGS84,300,CA,0
GO4-4-24-2017-0,2017-04-24,GO4,48.9404,-123.2196,WSGS84,300,CA,0
GO4-4-26-2016-0,2016-04-26,GO4,48.94,-123.2198,WSGS84,300,CA,0
GO4-4-27-2018-0,2018-04-27,GO4,48.94,-123.22,WSGS84,300,CA,0
GO4-4-3-2018-0,2018-04-03,GO4,48.94,-123.22,WSGS84,300,CA,0
GO4-4-5-2021-0,2021-04-05,GO4,48.9401,-123.2196,WSGS84,300,CA,0
GO4-4-7-2022-0,2022-04-07,GO4,48.94,-123.22,WSGS84,300,CA,0
GO4-5-1-2020-0,2020-05-01,GO4,48.94,-123.22,WSGS84,300,CA,0
GO4-5-10-2018-0,2018-05-10,GO4,48.94,-123.22,WSGS84,300,CA,0
GO4-5-10-2021-0,2021-05-10,GO4,48.9399,-123.2199,WSGS84,300,CA,0
GO4-5-12-2017-0,2017-05-12,GO4,48.9397,-123.2195,WSGS84,300,CA,0
GO4-5-12-2020-0,2020-05-12,GO4,48.94,-123.22,WSGS84,300,CA,0
GO4-5-16-2016-0,2016-05-16,GO4,48.9399,-123.2165,WSGS84,300,CA,0
GO4-5-17-2018-0,2018-05-17,GO4,48.94,-123.22,WSGS84,300,CA,0
GO4-5-21-2021-0,2021-05-21,GO4,48.94,-123.2201,WSGS84,300,CA,0
GO4-5-21-2022-0,2022-05-21,GO4,48.94,-123.22,WSGS84,300,CA,0
GO4-5-23-2016-0,2016-05-23,GO4,48.9399,-123.2211,WSGS84,300,CA,0
GO4-5-31-2018-0,2018-05-31,GO4,48.94,-123.22,WSGS84,300,CA,0
GO4-5-5-2017-0,2017-05-05,GO4,48.9403,-123.22,WSGS84,300,CA,0
GO4-5-6-2020-0,2020-05-06,GO4,48.94,-123.22,WSGS84,300,CA,0
GO4-5-9-2019-0,2019-05-09,GO4,48.94,-123.22,WSGS84,300,CA,0
GO4-6-12-2021-0,2021-06-12,GO4,48.9399,-123.2202,WSGS84,300,CA,0
GO4-6-13-2016-0,2016-06-13,GO4,48.9407,-123.22,WSGS84,300,CA,0
GO4-6-14-2018-0,2018-06-14,GO4,48.94,-123.22,WSGS84,300,CA,0
GO4-6-15-2021-0,2021-06-15,GO4,48.9401,-123.22,WSGS84,300,CA,0
GO4-6-19-2023-0,2023-06-19,GO4,48.94,-123.22,WSGS84,300,CA,0
GO4-6-21-2018-0,2018-06-21,GO4,48.94,-123.22,WSGS84,300,CA,0
GO4-6-21-2019-0,2019-06-21,GO4,48.94,-123.22,WSGS84,300,CA,0
GO4-6-23-2017-0,2017-06-23,GO4,48.9394,-123.2196,WSGS84,300,CA,0
GO4-6-23-2023-0,2023-06-23,GO4,48.94,-123.22,WSGS84,300,CA,0
GO4-6-24-2020-0,2020-06-24,GO4,48.94,-123.22,WSGS84,300,CA,0
GO4-6-27-2016-0,2016-06-27,GO4,48.9399,-123.2176,WSGS84,300,CA,0
GO4-6-30-2020-0,2020-06-30,GO4,48.94,-123.22,WSGS84,300,CA,0
GO4-6-4-2019-0,2019-06-04,GO4,48.94,-123.22,WSGS84,300,CA,0
GO4-6-4-2020-0,2020-06-04,GO4,48.94,-123.22,WSGS84,300,CA,0
GO4-6-6-2016-0,2016-06-06,GO4,48.9385,-123.2179,WSGS84,300,CA,0
GO4-6-7-2018-0,2018-06-07,GO4,48.94,-123.22,WSGS84,300,CA,0
GO4-7-11-2022-0,2022-07-11,GO4,48.94,-123.22,WSGS84,300,CA,0
GO4-7-18-2016-0,2016-07-18,GO4,48.9399,-123.2216,WSGS84,300,CA,0
GO4-7-18-2021-0,2021-07-18,GO4,48.9402,-123.2199,WSGS84,300,CA,0
GO4-7-20-2022-0,2022-07-20,GO4,48.94,-123.22,WSGS84,300,CA,0
GO4-7-24-2018-0,2018-07-24,GO4,48.94,-123.22,WSGS84,300,CA,0
GO4-7-25-2019-0,2019-07-25,GO4,48.94,-123.22,WSGS84,300,CA,0
GO4-7-28-2020-0,2020-07-28,GO4,48.94,-123.22,WSGS84,300,CA,0
GO4-7-31-2017-0,2017-07-31,GO4,48.94,-123.22,WSGS84,300,CA,0
GO4-7-5-2018-0,2018-07-05,GO4,48.94,-123.22,WSGS84,300,CA,0
GO4-7-7-2016-0,2016-07-07,GO4,48.939,-123.2191,WSGS84,300,CA,0
GO4-7-7-2017-0,2017-07-07,GO4,48.94,-123.22,WSGS84,300,CA,0
GO4-7-7-2019-0,2019-07-07,GO4,48.94,-123.22,WSGS84,300,CA,0
GO4-7-8-2021-0,2021-07-08,GO4,48.9404,-123.221,WSGS84,300,CA,0
GO4-8-11-2016-0,2016-08-11,GO4,48.9398,-123.2248,WSGS84,300,CA,0
GO4-8-13-2022-0,2022-08-13,GO4,48.94,-123.22,WSGS84,300,CA,0
GO4-8-15-2017-0,2017-08-15,GO4,48.94,-123.22,WSGS84,300,CA,0
GO4-8-16-2018-0,2018-08-16,GO4,48.94,-123.22,WSGS84,300,CA,0
GO4-8-18-2022-0,2022-08-18,GO4,48.94,-123.22,WSGS84,300,CA,0
GO4-8-2-2018-0,2018-08-02,GO4,48.94,-123.22,WSGS84,300,CA,0
GO4-8-21-2017-0,2017-08-21,GO4,48.9399,-123.2193,WSGS84,300,CA,0
GO4-8-24-2018-0,2018-08-24,GO4,48.94,-123.22,WSGS84,300,CA,0
GO4-8-27-2020-0,2020-08-27,GO4,48.94,-123.22,WSGS84,300,CA,0
GO4-8-31-2021-0,2021-08-31,GO4,48.94,-123.2199,WSGS84,300,CA,0
GO4-8-4-2016-0,2016-08-04,GO4,48.9395,-123.2197,WSGS84,300,CA,0
GO4-8-9-2017-0,2017-08-09,GO4,48.9393,-123.22,WSGS84,300,CA,0
GO4-8-9-2021-0,2021-08-09,GO4,48.94,-123.22,WSGS84,300,CA,0
GO4-9-16-2020-0,2020-09-16,GO4,48.94,-123.22,WSGS84,300,CA,0
GO4-9-22-2016-0,2016-09-22,GO4,48.94,-123.22,WSGS84,300,CA,0
GO4-9-25-2018-0,2018-09-25,GO4,48.94,-123.22,WSGS84,300,CA,0
GO4-9-27-2017-0,2017-09-27,GO4,48.9393,-123.2234,WSGS84,300,CA,0
GO4-9-30-2020-0,2020-09-30,GO4,48.94,-123.22,WSGS84,300,CA,0
GO4-9-5-2017-0,2017-09-05,GO4,48.9394,-123.2193,WSGS84,300,CA,0
GO4-9-7-2018-0,2018-09-07,GO4,48.94,-123.22,WSGS84,300,CA,0
GO4-9-9-2016-0,2016-09-09,GO4,48.9401,-123.2218,WSGS84,300,CA,0
GO5-1-13-2021-0,2021-01-13,GO5,48.945,-123.32,WSGS84,300,CA,0
GO5-1-13-2021-10,2021-01-13,GO5,48.945,-123.32,WSGS84,300,CA,10
GO5-1-13-2021-20,2021-01-13,GO5,48.945,-123.32,WSGS84,300,CA,20
GO5-1-13-2021-5,2021-01-13,GO5,48.945,-123.32,WSGS84,300,CA,5
GO5-1-14-2022-0,2022-01-14,GO5,48.945,-123.32,WSGS84,300,CA,0
GO5-1-14-2022-10,2022-01-14,GO5,48.945,-123.32,WSGS84,300,CA,10
GO5-1-14-2022-20,2022-01-14,GO5,48.945,-123.32,WSGS84,300,CA,20
GO5-1-14-2022-5,2022-01-14,GO5,48.945,-123.32,WSGS84,300,CA,5
GO5-10-10-2019-0,2019-10-10,GO5,48.945,-123.32,WSGS84,300,CA,0
GO5-10-10-2019-10,2019-10-10,GO5,48.945,-123.32,WSGS84,300,CA,10
GO5-10-10-2019-20,2019-10-10,GO5,48.945,-123.32,WSGS84,300,CA,20
GO5-10-10-2019-5,2019-10-10,GO5,48.945,-123.32,WSGS84,300,CA,5
GO5-10-11-2018-0,2018-10-11,GO5,48.945,-123.32,WSGS84,300,CA,0
GO5-10-11-2018-10,2018-10-11,GO5,48.945,-123.32,WSGS84,300,CA,10
GO5-10-11-2018-20,2018-10-11,GO5,48.945,-123.32,WSGS84,300,CA,20
GO5-10-11-2018-5,2018-10-11,GO5,48.945,-123.32,WSGS84,300,CA,5
GO5-10-18-2016-0,2016-10-18,GO5,48.9469,-123.3263,WSGS84,300,CA,0
GO5-10-18-2016-10,2016-10-18,GO5,48.9469,-123.3263,WSGS84,300,CA,10
GO5-10-18-2016-20,2016-10-18,GO5,48.9469,-123.3263,WSGS84,300,CA,20
GO5-10-18-2016-5,2016-10-18,GO5,48.9469,-123.3263,WSGS84,300,CA,5
GO5-10-18-2021-0,2021-10-18,GO5,48.9451,-123.3197,WSGS84,300,CA,0
GO5-10-18-2021-10,2021-10-18,GO5,48.9451,-123.3197,WSGS84,300,CA,10
GO5-10-18-2021-20,2021-10-18,GO5,48.9451,-123.3197,WSGS84,300,CA,20
GO5-10-18-2021-5,2021-10-18,GO5,48.9451,-123.3197,WSGS84,300,CA,5
GO5-12-13-2020-5,2020-12-13,GO5,48.945,-123.32,WSGS84,300,CA,5
GO5-12-14-2020-10,2020-12-14,GO5,48.945,-123.32,WSGS84,300,CA,10
GO5-12-15-2020-20,2020-12-15,GO5,48.945,-123.32,WSGS84,300,CA,20
GO5-12-9-2020-0,2020-12-09,GO5,48.945,-123.32,WSGS84,300,CA,0
GO5-2-24-2021-0,2021-02-24,GO5,48.9452,-123.3201,WSGS84,300,CA,0
GO5-2-24-2021-10,2021-02-24,GO5,48.9452,-123.3201,WSGS84,300,CA,10
GO5-2-24-2021-20,2021-02-24,GO5,48.9452,-123.3201,WSGS84,300,CA,20
GO5-2-24-2021-5,2021-02-24,GO5,48.9452,-123.3201,WSGS84,300,CA,5
GO5-2-24-2022-0,2022-02-24,GO5,48.945,-123.32,WSGS84,300,CA,0
GO5-2-24-2022-10,2022-02-24,GO5,48.945,-123.32,WSGS84,300,CA,10
GO5-2-24-2022-20,2022-02-24,GO5,48.945,-123.32,WSGS84,300,CA,20
GO5-2-24-2022-5,2022-02-24,GO5,48.945,-123.32,WSGS84,300,CA,5
GO5-3-10-2017-0,2017-03-10,GO5,48.945,-123.32,WSGS84,300,CA,0
GO5-3-10-2018-0,2018-03-10,GO5,48.945,-123.32,WSGS84,300,CA,0
GO5-3-10-2018-10,2018-03-10,GO5,48.945,-123.32,WSGS84,300,CA,10
GO5-3-10-2018-20,2018-03-10,GO5,48.945,-123.32,WSGS84,300,CA,20
GO5-3-10-2018-5,2018-03-10,GO5,48.945,-123.32,WSGS84,300,CA,5
GO5-3-11-2021-0,2021-03-11,GO5,48.9467,-123.3197,WSGS84,300,CA,0
GO5-3-11-2021-10,2021-03-11,GO5,48.9467,-123.3197,WSGS84,300,CA,10
GO5-3-11-2021-20,2021-03-11,GO5,48.9467,-123.3197,WSGS84,300,CA,20
GO5-3-11-2021-5,2021-03-11,GO5,48.9467,-123.3197,WSGS84,300,CA,5
GO5-3-13-2018-0,2018-03-13,GO5,48.945,-123.32,WSGS84,300,CA,0
GO5-3-13-2018-10,2018-03-13,GO5,48.945,-123.32,WSGS84,300,CA,10
GO5-3-13-2018-20,2018-03-13,GO5,48.945,-123.32,WSGS84,300,CA,20
GO5-3-13-2018-5,2018-03-13,GO5,48.945,-123.32,WSGS84,300,CA,5
GO5-3-16-2022-0,2022-03-16,GO5,48.945,-123.32,WSGS84,300,CA,0
GO5-3-16-2022-10,2022-03-16,GO5,48.945,-123.32,WSGS84,300,CA,10
GO5-3-16-2022-20,2022-03-16,GO5,48.945,-123.32,WSGS84,300,CA,20
GO5-3-16-2022-5,2022-03-16,GO5,48.945,-123.32,WSGS84,300,CA,5
GO5-3-16-2023-0,2023-03-16,GO5,48.945,-123.32,WSGS84,300,CA,0
GO5-3-16-2023-10,2023-03-16,GO5,48.945,-123.32,WSGS84,300,CA,10
GO5-3-16-2023-20,2023-03-16,GO5,48.945,-123.32,WSGS84,300,CA,20
GO5-3-16-2023-5,2023-03-16,GO5,48.945,-123.32,WSGS84,300,CA,5
GO5-3-18-2016-0,2016-03-18,GO5,48.945,-123.3211,WSGS84,300,CA,0
GO5-3-18-2016-10,2016-03-18,GO5,48.945,-123.3211,WSGS84,300,CA,10
GO5-3-18-2016-20,2016-03-18,GO5,48.945,-123.3211,WSGS84,300,CA,20
GO5-3-18-2016-5,2016-03-18,GO5,48.945,-123.3211,WSGS84,300,CA,5
GO5-3-18-2019-0,2019-03-18,GO5,48.945,-123.32,WSGS84,300,CA,0
GO5-3-18-2019-10,2019-03-18,GO5,48.945,-123.32,WSGS84,300,CA,10
GO5-3-18-2019-20,2019-03-18,GO5,48.945,-123.32,WSGS84,300,CA,20
GO5-3-18-2019-5,2019-03-18,GO5,48.945,-123.32,WSGS84,300,CA,5
GO5-3-2-2017-0,2017-03-02,GO5,48.9449,-123.3188,WSGS84,300,CA,0
GO5-3-24-2021-0,2021-03-24,GO5,48.9441,-123.321,WSGS84,300,CA,0
GO5-3-24-2021-10,2021-03-24,GO5,48.9441,-123.321,WSGS84,300,CA,10
GO5-3-24-2021-20,2021-03-24,GO5,48.9441,-123.321,WSGS84,300,CA,20
GO5-3-24-2021-5,2021-03-24,GO5,48.9441,-123.321,WSGS84,300,CA,5
GO5-3-25-2022-0,2022-03-25,GO5,48.945,-123.32,WSGS84,300,CA,0
GO5-3-25-2022-10,2022-03-25,GO5,48.945,-123.32,WSGS84,300,CA,10
GO5-3-25-2022-20,2022-03-25,GO5,48.945,-123.32,WSGS84,300,CA,20
GO5-3-25-2022-5,2022-03-25,GO5,48.945,-123.32,WSGS84,300,CA,5
GO5-3-26-2018-0,2018-03-26,GO5,48.945,-123.32,WSGS84,300,CA,0
GO5-3-26-2018-10,2018-03-26,GO5,48.945,-123.32,WSGS84,300,CA,10
GO5-3-26-2018-20,2018-03-26,GO5,48.945,-123.32,WSGS84,300,CA,20
GO5-3-26-2018-5,2018-03-26,GO5,48.945,-123.32,WSGS84,300,CA,5
GO5-3-26-2021-0,2021-03-26,GO5,48.9441,-123.3221,WSGS84,300,CA,0
GO5-3-26-2021-10,2021-03-26,GO5,48.9441,-123.3221,WSGS84,300,CA,10
GO5-3-26-2021-20,2021-03-26,GO5,48.9441,-123.3221,WSGS84,300,CA,20
GO5-3-26-2021-5,2021-03-26,GO5,48.9441,-123.3221,WSGS84,300,CA,5
GO5-3-29-2016-0,2016-03-29,GO5,48.9442,-123.3188,WSGS84,300,CA,0
GO5-3-29-2016-10,2016-03-29,GO5,48.9442,-123.3188,WSGS84,300,CA,10
GO5-3-29-2016-20,2016-03-29,GO5,48.9442,-123.3188,WSGS84,300,CA,20
GO5-3-29-2016-5,2016-03-29,GO5,48.9442,-123.3188,WSGS84,300,CA,5
GO5-3-3-2016-0,2016-03-03,GO5,48.945,-123.32,WSGS84,300,CA,0
GO5-3-3-2016-10,2016-03-03,GO5,48.945,-123.32,WSGS84,300,CA,10
GO5-3-3-2016-20,2016-03-03,GO5,48.945,-123.32,WSGS84,300,CA,20
GO5-3-3-2016-5,2016-03-03,GO5,48.945,-123.32,WSGS84,300,CA,5
GO5-3-30-2023-0,2023-03-30,GO5,48.945,-123.32,WSGS84,300,CA,0
GO5-3-30-2023-10,2023-03-30,GO5,48.945,-123.32,WSGS84,300,CA,10
GO5-3-30-2023-20,2023-03-30,GO5,48.945,-123.32,WSGS84,300,CA,20
GO5-3-30-2023-5,2023-03-30,GO5,48.945,-123.32,WSGS84,300,CA,5
GO5-4-1-2020-0,2020-04-01,GO5,48.945,-123.32,WSGS84,300,CA,0
GO5-4-1-2020-10,2020-04-01,GO5,48.945,-123.32,WSGS84,300,CA,10
GO5-4-1-2020-20,2020-04-01,GO5,48.945,-123.32,WSGS84,300,CA,20
GO5-4-1-2020-5,2020-04-01,GO5,48.945,-123.32,WSGS84,300,CA,5
GO5-4-11-2016-0,2016-04-11,GO5,48.945,-123.32,WSGS84,300,CA,0
GO5-4-11-2016-10,2016-04-11,GO5,48.945,-123.32,WSGS84,300,CA,10
GO5-4-11-2016-20,2016-04-11,GO5,48.945,-123.32,WSGS84,300,CA,20
GO5-4-11-2016-5,2016-04-11,GO5,48.945,-123.32,WSGS84,300,CA,5
GO5-4-11-2021-0,2021-04-11,GO5,48.9447,-123.32,WSGS84,300,CA,0
GO5-4-11-2021-10,2021-04-11,GO5,48.9447,-123.32,WSGS84,300,CA,10
GO5-4-11-2021-20,2021-04-11,GO5,48.9447,-123.32,WSGS84,300,CA,20
GO5-4-11-2021-5,2021-04-11,GO5,48.9447,-123.32,WSGS84,300,CA,5
GO5-4-14-2017-0,2017-04-14,GO5,48.945,-123.32,WSGS84,300,CA,0
GO5-4-14-2017-10,2017-04-14,GO5,48.945,-123.32,WSGS84,300,CA,10
GO5-4-14-2017-20,2017-04-14,GO5,48.945,-123.32,WSGS84,300,CA,20
GO5-4-14-2017-5,2017-04-14,GO5,48.945,-123.32,WSGS84,300,CA,5
GO5-4-18-2016-0,2016-04-18,GO5,48.945,-123.32,WSGS84,300,CA,0
GO5-4-18-2019-0,2019-04-18,GO5,48.945,-123.32,WSGS84,300,CA,0
GO5-4-18-2019-10,2019-04-18,GO5,48.945,-123.32,WSGS84,300,CA,10
GO5-4-18-2019-20,2019-04-18,GO5,48.945,-123.32,WSGS84,300,CA,20
GO5-4-18-2019-5,2019-04-18,GO5,48.945,-123.32,WSGS84,300,CA,5
GO5-4-20-2018-0,2018-04-20,GO5,48.945,-123.32,WSGS84,300,CA,0
GO5-4-20-2018-10,2018-04-20,GO5,48.945,-123.32,WSGS84,300,CA,10
GO5-4-20-2018-20,2018-04-20,GO5,48.945,-123.32,WSGS84,300,CA,20
GO5-4-20-2018-5,2018-04-20,GO5,48.945,-123.32,WSGS84,300,CA,5
GO5-4-20-2021-0,2021-04-20,GO5,48.9449,-123.32,WSGS84,300,CA,0
GO5-4-20-2021-10,2021-04-20,GO5,48.9449,-123.32,WSGS84,300,CA,10
GO5-4-20-2021-20,2021-04-20,GO5,48.9449,-123.32,WSGS84,300,CA,20
GO5-4-20-2021-5,2021-04-20,GO5,48.9449,-123.32,WSGS84,300,CA,5
GO5-4-22-2022-0,2022-04-22,GO5,48.945,-123.32,WSGS84,300,CA,0
GO5-4-22-2022-10,2022-04-22,GO5,48.945,-123.32,WSGS84,300,CA,10
GO5-4-22-2022-20,2022-04-22,GO5,48.945,-123.32,WSGS84,300,CA,20
GO5-4-22-2022-5,2022-04-22,GO5,48.945,-123.32,WSGS84,300,CA,5
GO5-4-23-2019-0,2019-04-23,GO5,48.945,-123.32,WSGS84,300,CA,0
GO5-4-23-2019-10,2019-04-23,GO5,48.945,-123.32,WSGS84,300,CA,10
GO5-4-23-2019-20,2019-04-23,GO5,48.945,-123.32,WSGS84,300,CA,20
GO5-4-23-2019-5,2019-04-23,GO5,48.945,-123.32,WSGS84,300,CA,5
GO5-4-23-2020-0,2020-04-23,GO5,48.945,-123.32,WSGS84,300,CA,0
GO5-4-23-2020-10,2020-04-23,GO5,48.945,-123.32,WSGS84,300,CA,10
GO5-4-23-2020-20,2020-04-23,GO5,48.945,-123.32,WSGS84,300,CA,20
GO5-4-23-2020-5,2020-04-23,GO5,48.945,-123.32,WSGS84,300,CA,5
GO5-4-24-2017-0,2017-04-24,GO5,48.945,-123.3196,WSGS84,300,CA,0
GO5-4-26-2016-0,2016-04-26,GO5,48.9452,-123.3205,WSGS84,300,CA,0
GO5-4-26-2016-10,2016-04-26,GO5,48.9452,-123.3205,WSGS84,300,CA,10
GO5-4-26-2016-20,2016-04-26,GO5,48.9452,-123.3205,WSGS84,300,CA,20
GO5-4-26-2016-5,2016-04-26,GO5,48.9452,-123.3205,WSGS84,300,CA,5
GO5-4-27-2018-0,2018-04-27,GO5,48.945,-123.32,WSGS84,300,CA,0
GO5-4-27-2018-10,2018-04-27,GO5,48.945,-123.32,WSGS84,300,CA,10
GO5-4-27-2018-20,2018-04-27,GO5,48.945,-123.32,WSGS84,300,CA,20
GO5-4-27-2018-5,2018-04-27,GO5,48.945,-123.32,WSGS84,300,CA,5
GO5-4-3-2018-0,2018-04-03,GO5,48.945,-123.32,WSGS84,300,CA,0
GO5-4-3-2018-10,2018-04-03,GO5,48.945,-123.32,WSGS84,300,CA,10
GO5-4-3-2018-20,2018-04-03,GO5,48.945,-123.32,WSGS84,300,CA,20
GO5-4-3-2018-5,2018-04-03,GO5,48.945,-123.32,WSGS84,300,CA,5
GO5-4-5-2021-0,2021-04-05,GO5,48.9447,-123.3193,WSGS84,300,CA,0
GO5-4-5-2021-10,2021-04-05,GO5,48.9447,-123.3193,WSGS84,300,CA,10
GO5-4-5-2021-20,2021-04-05,GO5,48.9447,-123.3193,WSGS84,300,CA,20
GO5-4-5-2021-5,2021-04-05,GO5,48.9447,-123.3193,WSGS84,300,CA,5
GO5-4-7-2022-0,2022-04-07,GO5,48.945,-123.32,WSGS84,300,CA,0
GO5-4-7-2022-10,2022-04-07,GO5,48.945,-123.32,WSGS84,300,CA,10
GO5-4-7-2022-20,2022-04-07,GO5,48.945,-123.32,WSGS84,300,CA,20
GO5-4-7-2022-5,2022-04-07,GO5,48.945,-123.32,WSGS84,300,CA,5
GO5-4-8-2017-0,2017-04-08,GO5,48.9444,-123.3199,WSGS84,300,CA,0
GO5-4-8-2017-10,2017-04-08,GO5,48.9444,-123.3199,WSGS84,300,CA,10
GO5-4-8-2017-20,2017-04-08,GO5,48.9444,-123.3199,WSGS84,300,CA,20
GO5-4-8-2017-5,2017-04-08,GO5,48.9444,-123.3199,WSGS84,300,CA,5
GO5-5-1-2020-0,2020-05-01,GO5,48.945,-123.32,WSGS84,300,CA,0
GO5-5-1-2020-10,2020-05-01,GO5,48.945,-123.32,WSGS84,300,CA,10
GO5-5-1-2020-20,2020-05-01,GO5,48.945,-123.32,WSGS84,300,CA,20
GO5-5-1-2020-5,2020-05-01,GO5,48.945,-123.32,WSGS84,300,CA,5
GO5-5-10-2018-0,2018-05-10,GO5,48.945,-123.32,WSGS84,300,CA,0
GO5-5-10-2018-10,2018-05-10,GO5,48.945,-123.32,WSGS84,300,CA,10
GO5-5-10-2018-20,2018-05-10,GO5,48.945,-123.32,WSGS84,300,CA,20
GO5-5-10-2018-5,2018-05-10,GO5,48.945,-123.32,WSGS84,300,CA,5
GO5-5-10-2021-0,2021-05-10,GO5,48.9448,-123.3201,WSGS84,300,CA,0
GO5-5-10-2021-10,2021-05-10,GO5,48.9448,-123.3201,WSGS84,300,CA,10
GO5-5-10-2021-20,2021-05-10,GO5,48.9448,-123.3201,WSGS84,300,CA,20
GO5-5-10-2021-5,2021-05-10,GO5,48.9448,-123.3201,WSGS84,300,CA,5
GO5-5-12-2017-0,2017-05-12,GO5,48.9449,-123.3187,WSGS84,300,CA,0
GO5-5-12-2017-10,2017-05-12,GO5,48.9449,-123.3187,WSGS84,300,CA,10
GO5-5-12-2017-20,2017-05-12,GO5,48.9449,-123.3187,WSGS84,300,CA,20
GO5-5-12-2017-5,2017-05-12,GO5,48.9449,-123.3187,WSGS84,300,CA,5
GO5-5-12-2020-0,2020-05-12,GO5,48.945,-123.32,WSGS84,300,CA,0
GO5-5-12-2020-10,2020-05-12,GO5,48.945,-123.32,WSGS84,300,CA,10
GO5-5-12-2020-20,2020-05-12,GO5,48.945,-123.32,WSGS84,300,CA,20
GO5-5-12-2020-5,2020-05-12,GO5,48.945,-123.32,WSGS84,300,CA,5
GO5-5-16-2016-0,2016-05-16,GO5,48.9447,-123.3192,WSGS84,300,CA,0
GO5-5-16-2016-10,2016-05-16,GO5,48.9447,-123.3192,WSGS84,300,CA,10
GO5-5-16-2016-20,2016-05-16,GO5,48.9447,-123.3192,WSGS84,300,CA,20
GO5-5-16-2016-5,2016-05-16,GO5,48.9447,-123.3192,WSGS84,300,CA,5
GO5-5-17-2018-0,2018-05-17,GO5,48.945,-123.32,WSGS84,300,CA,0
GO5-5-17-2018-10,2018-05-17,GO5,48.945,-123.32,WSGS84,300,CA,10
GO5-5-17-2018-20,2018-05-17,GO5,48.945,-123.32,WSGS84,300,CA,20
GO5-5-17-2018-5,2018-05-17,GO5,48.945,-123.32,WSGS84,300,CA,5
GO5-5-20-2019-0,2019-05-20,GO5,48.945,-123.32,WSGS84,300,CA,0
GO5-5-20-2019-10,2019-05-20,GO5,48.945,-123.32,WSGS84,300,CA,10
GO5-5-20-2019-20,2019-05-20,GO5,48.945,-123.32,WSGS84,300,CA,20
GO5-5-20-2019-5,2019-05-20,GO5,48.945,-123.32,WSGS84,300,CA,5
GO5-5-21-2021-0,2021-05-21,GO5,48.945,-123.3196,WSGS84,300,CA,0
GO5-5-21-2021-10,2021-05-21,GO5,48.945,-123.3196,WSGS84,300,CA,10
GO5-5-21-2021-20,2021-05-21,GO5,48.945,-123.3196,WSGS84,300,CA,20
GO5-5-21-2021-5,2021-05-21,GO5,48.945,-123.3196,WSGS84,300,CA,5
GO5-5-21-2022-0,2022-05-21,GO5,48.945,-123.32,WSGS84,300,CA,0
GO5-5-21-2022-10,2022-05-21,GO5,48.945,-123.32,WSGS84,300,CA,10
GO5-5-21-2022-20,2022-05-21,GO5,48.945,-123.32,WSGS84,300,CA,20
GO5-5-21-2022-5,2022-05-21,GO5,48.945,-123.32,WSGS84,300,CA,5
GO5-5-23-2016-0,2016-05-23,GO5,48.9455,-123.3212,WSGS84,300,CA,0
GO5-5-23-2016-10,2016-05-23,GO5,48.9455,-123.3212,WSGS84,300,CA,10
GO5-5-23-2016-20,2016-05-23,GO5,48.9455,-123.3212,WSGS84,300,CA,20
GO5-5-23-2016-5,2016-05-23,GO5,48.9455,-123.3212,WSGS84,300,CA,5
GO5-5-23-2017-10,2017-05-23,GO5,48.945,-123.32,WSGS84,300,CA,10
GO5-5-23-2017-20,2017-05-23,GO5,48.945,-123.32,WSGS84,300,CA,20
GO5-5-23-2017-5,2017-05-23,GO5,48.945,-123.32,WSGS84,300,CA,5
GO5-5-31-2018-0,2018-05-31,GO5,48.945,-123.32,WSGS84,300,CA,0
GO5-5-31-2018-10,2018-05-31,GO5,48.945,-123.32,WSGS84,300,CA,10
GO5-5-31-2018-20,2018-05-31,GO5,48.945,-123.32,WSGS84,300,CA,20
GO5-5-31-2018-5,2018-05-31,GO5,48.945,-123.32,WSGS84,300,CA,5
GO5-5-5-2017-0,2017-05-05,GO5,48.9455,-123.3196,WSGS84,300,CA,0
GO5-5-6-2020-0,2020-05-06,GO5,48.945,-123.32,WSGS84,300,CA,0
GO5-5-6-2020-10,2020-05-06,GO5,48.945,-123.32,WSGS84,300,CA,10
GO5-5-6-2020-20,2020-05-06,GO5,48.945,-123.32,WSGS84,300,CA,20
GO5-5-6-2020-5,2020-05-06,GO5,48.945,-123.32,WSGS84,300,CA,5
GO5-5-9-2019-0,2019-05-09,GO5,48.945,-123.32,WSGS84,300,CA,0
GO5-5-9-2019-10,2019-05-09,GO5,48.945,-123.32,WSGS84,300,CA,10
GO5-5-9-2019-20,2019-05-09,GO5,48.945,-123.32,WSGS84,300,CA,20
GO5-5-9-2019-5,2019-05-09,GO5,48.945,-123.32,WSGS84,300,CA,5
GO5-6-11-2017-10,2017-06-11,GO5,48.945,-123.32,WSGS84,300,CA,10
GO5-6-11-2017-20,2017-06-11,GO5,48.945,-123.32,WSGS84,300,CA,20
GO5-6-11-2017-5,2017-06-11,GO5,48.945,-123.32,WSGS84,300,CA,5
GO5-6-12-2021-0,2021-06-12,GO5,48.945,-123.3206,WSGS84,300,CA,0
GO5-6-12-2021-10,2021-06-12,GO5,48.945,-123.3206,WSGS84,300,CA,10
GO5-6-12-2021-20,2021-06-12,GO5,48.945,-123.3206,WSGS84,300,CA,20
GO5-6-12-2021-5,2021-06-12,GO5,48.945,-123.3206,WSGS84,300,CA,5
GO5-6-13-2016-0,2016-06-13,GO5,48.9454,-123.318,WSGS84,300,CA,0
GO5-6-13-2016-10,2016-06-13,GO5,48.9454,-123.318,WSGS84,300,CA,10
GO5-6-13-2016-20,2016-06-13,GO5,48.9454,-123.318,WSGS84,300,CA,20
GO5-6-13-2016-5,2016-06-13,GO5,48.9454,-123.318,WSGS84,300,CA,5
GO5-6-14-2018-0,2018-06-14,GO5,48.945,-123.32,WSGS84,300,CA,0
GO5-6-14-2018-10,2018-06-14,GO5,48.945,-123.32,WSGS84,300,CA,10
GO5-6-14-2018-20,2018-06-14,GO5,48.945,-123.32,WSGS84,300,CA,20
GO5-6-14-2018-5,2018-06-14,GO5,48.945,-123.32,WSGS84,300,CA,5
GO5-6-15-2021-0,2021-06-15,GO5,48.945,-123.3197,WSGS84,300,CA,0
GO5-6-15-2021-10,2021-06-15,GO5,48.945,-123.3197,WSGS84,300,CA,10
GO5-6-15-2021-20,2021-06-15,GO5,48.945,-123.3197,WSGS84,300,CA,20
GO5-6-15-2021-5,2021-06-15,GO5,48.945,-123.3197,WSGS84,300,CA,5
GO5-6-19-2023-0,2023-06-19,GO5,48.945,-123.32,WSGS84,300,CA,0
GO5-6-19-2023-10,2023-06-19,GO5,48.945,-123.32,WSGS84,300,CA,10
GO5-6-19-2023-20,2023-06-19,GO5,48.945,-123.32,WSGS84,300,CA,20
GO5-6-19-2023-5,2023-06-19,GO5,48.945,-123.32,WSGS84,300,CA,5
GO5-6-21-2018-0,2018-06-21,GO5,48.945,-123.32,WSGS84,300,CA,0
GO5-6-21-2018-10,2018-06-21,GO5,48.945,-123.32,WSGS84,300,CA,10
GO5-6-21-2018-20,2018-06-21,GO5,48.945,-123.32,WSGS84,300,CA,20
GO5-6-21-2018-5,2018-06-21,GO5,48.945,-123.32,WSGS84,300,CA,5
GO5-6-21-2019-0,2019-06-21,GO5,48.945,-123.32,WSGS84,300,CA,0
GO5-6-21-2019-10,2019-06-21,GO5,48.945,-123.32,WSGS84,300,CA,10
GO5-6-21-2019-20,2019-06-21,GO5,48.945,-123.32,WSGS84,300,CA,20
GO5-6-21-2019-5,2019-06-21,GO5,48.945,-123.32,WSGS84,300,CA,5
GO5-6-23-2017-0,2017-06-23,GO5,48.9446,-123.3194,WSGS84,300,CA,0
GO5-6-23-2017-10,2017-06-23,GO5,48.9446,-123.3194,WSGS84,300,CA,10
GO5-6-23-2017-20,2017-06-23,GO5,48.9446,-123.3194,WSGS84,300,CA,20
GO5-6-23-2017-5,2017-06-23,GO5,48.9446,-123.3194,WSGS84,300,CA,5
GO5-6-23-2023-0,2023-06-23,GO5,48.945,-123.32,WSGS84,300,CA,0
GO5-6-23-2023-10,2023-06-23,GO5,48.945,-123.32,WSGS84,300,CA,10
GO5-6-23-2023-20,2023-06-23,GO5,48.945,-123.32,WSGS84,300,CA,20
GO5-6-23-2023-5,2023-06-23,GO5,48.945,-123.32,WSGS84,300,CA,5
GO5-6-24-2020-0,2020-06-24,GO5,48.945,-123.32,WSGS84,300,CA,0
GO5-6-24-2020-10,2020-06-24,GO5,48.945,-123.32,WSGS84,300,CA,10
GO5-6-24-2020-20,2020-06-24,GO5,48.945,-123.32,WSGS84,300,CA,20
GO5-6-24-2020-5,2020-06-24,GO5,48.945,-123.32,WSGS84,300,CA,5
GO5-6-27-2016-0,2016-06-27,GO5,48.9442,-123.3184,WSGS84,300,CA,0
GO5-6-27-2016-10,2016-06-27,GO5,48.9442,-123.3184,WSGS84,300,CA,10
GO5-6-27-2016-20,2016-06-27,GO5,48.9442,-123.3184,WSGS84,300,CA,20
GO5-6-27-2016-5,2016-06-27,GO5,48.9442,-123.3184,WSGS84,300,CA,5
GO5-6-30-2020-0,2020-06-30,GO5,48.945,-123.32,WSGS84,300,CA,0
GO5-6-30-2020-10,2020-06-30,GO5,48.945,-123.32,WSGS84,300,CA,10
GO5-6-30-2020-20,2020-06-30,GO5,48.945,-123.32,WSGS84,300,CA,20
GO5-6-30-2020-5,2020-06-30,GO5,48.945,-123.32,WSGS84,300,CA,5
GO5-6-4-2019-0,2019-06-04,GO5,48.945,-123.32,WSGS84,300,CA,0
GO5-6-4-2019-10,2019-06-04,GO5,48.945,-123.32,WSGS84,300,CA,10
GO5-6-4-2019-20,2019-06-04,GO5,48.945,-123.32,WSGS84,300,CA,20
GO5-6-4-2019-5,2019-06-04,GO5,48.945,-123.32,WSGS84,300,CA,5
GO5-6-4-2020-0,2020-06-04,GO5,48.945,-123.32,WSGS84,300,CA,0
GO5-6-4-2020-10,2020-06-04,GO5,48.945,-123.32,WSGS84,300,CA,10
GO5-6-4-2020-20,2020-06-04,GO5,48.945,-123.32,WSGS84,300,CA,20
GO5-6-4-2020-5,2020-06-04,GO5,48.945,-123.32,WSGS84,300,CA,5
GO5-6-6-2016-0,2016-06-06,GO5,48.9435,-123.3182,WSGS84,300,CA,0
GO5-6-6-2016-10,2016-06-06,GO5,48.9435,-123.3182,WSGS84,300,CA,10
GO5-6-6-2016-20,2016-06-06,GO5,48.9435,-123.3182,WSGS84,300,CA,20
GO5-6-6-2016-5,2016-06-06,GO5,48.9435,-123.3182,WSGS84,300,CA,5
GO5-6-6-2017-0,2017-06-06,GO5,48.9425,-123.3163,WSGS84,300,CA,0
GO5-6-6-2017-10,2017-06-06,GO5,48.945,-123.32,WSGS84,300,CA,10
GO5-6-6-2017-20,2017-06-06,GO5,48.945,-123.32,WSGS84,300,CA,20
GO5-6-6-2017-5,2017-06-06,GO5,48.945,-123.32,WSGS84,300,CA,5
GO5-6-7-2018-0,2018-06-07,GO5,48.945,-123.32,WSGS84,300,CA,0
GO5-6-7-2018-10,2018-06-07,GO5,48.945,-123.32,WSGS84,300,CA,10
GO5-6-7-2018-20,2018-06-07,GO5,48.945,-123.32,WSGS84,300,CA,20
GO5-6-7-2018-5,2018-06-07,GO5,48.945,-123.32,WSGS84,300,CA,5
GO5-7-11-2022-0,2022-07-11,GO5,48.945,-123.32,WSGS84,300,CA,0
GO5-7-11-2022-10,2022-07-11,GO5,48.945,-123.32,WSGS84,300,CA,10
GO5-7-11-2022-20,2022-07-11,GO5,48.945,-123.32,WSGS84,300,CA,20
GO5-7-11-2022-5,2022-07-11,GO5,48.945,-123.32,WSGS84,300,CA,5
GO5-7-18-2016-0,2016-07-18,GO5,48.9447,-123.3203,WSGS84,300,CA,0
GO5-7-18-2016-10,2016-07-18,GO5,48.9447,-123.3203,WSGS84,300,CA,10
GO5-7-18-2016-20,2016-07-18,GO5,48.9447,-123.3203,WSGS84,300,CA,20
GO5-7-18-2016-5,2016-07-18,GO5,48.9447,-123.3203,WSGS84,300,CA,5
GO5-7-18-2021-0,2021-07-18,GO5,48.9451,-123.3203,WSGS84,300,CA,0
GO5-7-18-2021-10,2021-07-18,GO5,48.9451,-123.3203,WSGS84,300,CA,10
GO5-7-18-2021-20,2021-07-18,GO5,48.9451,-123.3203,WSGS84,300,CA,20
GO5-7-18-2021-5,2021-07-18,GO5,48.9451,-123.3203,WSGS84,300,CA,5
GO5-7-20-2022-0,2022-07-20,GO5,48.945,-123.32,WSGS84,300,CA,0
GO5-7-20-2022-10,2022-07-20,GO5,48.945,-123.32,WSGS84,300,CA,10
GO5-7-20-2022-20,2022-07-20,GO5,48.945,-123.32,WSGS84,300,CA,20
GO5-7-20-2022-5,2022-07-20,GO5,48.945,-123.32,WSGS84,300,CA,5
GO5-7-24-2018-0,2018-07-24,GO5,48.945,-123.32,WSGS84,300,CA,0
GO5-7-24-2018-10,2018-07-24,GO5,48.945,-123.32,WSGS84,300,CA,10
GO5-7-24-2018-20,2018-07-24,GO5,48.945,-123.32,WSGS84,300,CA,20
GO5-7-24-2018-5,2018-07-24,GO5,48.945,-123.32,WSGS84,300,CA,5
GO5-7-25-2019-0,2019-07-25,GO5,48.945,-123.32,WSGS84,300,CA,0
GO5-7-25-2019-10,2019-07-25,GO5,48.945,-123.32,WSGS84,300,CA,10
GO5-7-25-2019-20,2019-07-25,GO5,48.945,-123.32,WSGS84,300,CA,20
GO5-7-25-2019-5,2019-07-25,GO5,48.945,-123.32,WSGS84,300,CA,5
GO5-7-28-2020-0,2020-07-28,GO5,48.945,-123.32,WSGS84,300,CA,0
GO5-7-28-2020-10,2020-07-28,GO5,48.945,-123.32,WSGS84,300,CA,10
GO5-7-28-2020-20,2020-07-28,GO5,48.945,-123.32,WSGS84,300,CA,20
GO5-7-28-2020-5,2020-07-28,GO5,48.945,-123.32,WSGS84,300,CA,5
GO5-7-5-2018-0,2018-07-05,GO5,48.945,-123.32,WSGS84,300,CA,0
GO5-7-5-2018-10,2018-07-05,GO5,48.945,-123.32,WSGS84,300,CA,10
GO5-7-5-2018-20,2018-07-05,GO5,48.945,-123.32,WSGS84,300,CA,20
GO5-7-5-2018-5,2018-07-05,GO5,48.945,-123.32,WSGS84,300,CA,5
GO5-7-7-2016-0,2016-07-07,GO5,48.9451,-123.3171,WSGS84,300,CA,0
GO5-7-7-2016-10,2016-07-07,GO5,48.9451,-123.3171,WSGS84,300,CA,10
GO5-7-7-2016-20,2016-07-07,GO5,48.9451,-123.3171,WSGS84,300,CA,20
GO5-7-7-2016-5,2016-07-07,GO5,48.9451,-123.3171,WSGS84,300,CA,5
GO5-7-7-2017-0,2017-07-07,GO5,48.945,-123.32,WSGS84,300,CA,0
GO5-7-7-2017-10,2017-07-07,GO5,48.945,-123.32,WSGS84,300,CA,10
GO5-7-7-2017-20,2017-07-07,GO5,48.945,-123.32,WSGS84,300,CA,20
GO5-7-7-2017-5,2017-07-07,GO5,48.945,-123.32,WSGS84,300,CA,5
GO5-7-7-2019-0,2019-07-07,GO5,48.945,-123.32,WSGS84,300,CA,0
GO5-7-7-2019-10,2019-07-07,GO5,48.945,-123.32,WSGS84,300,CA,10
GO5-7-7-2019-20,2019-07-07,GO5,48.945,-123.32,WSGS84,300,CA,20
GO5-7-7-2019-5,2019-07-07,GO5,48.945,-123.32,WSGS84,300,CA,5
GO5-7-8-2021-0,2021-07-08,GO5,48.9452,-123.32,WSGS84,300,CA,0
GO5-7-8-2021-10,2021-07-08,GO5,48.9452,-123.32,WSGS84,300,CA,10
GO5-7-8-2021-20,2021-07-08,GO5,48.9452,-123.32,WSGS84,300,CA,20
GO5-7-8-2021-5,2021-07-08,GO5,48.9452,-123.32,WSGS84,300,CA,5
GO5-8-11-2016-0,2016-08-11,GO5,48.9461,-123.3218,WSGS84,300,CA,0
GO5-8-11-2016-10,2016-08-11,GO5,48.9461,-123.3218,WSGS84,300,CA,10
GO5-8-11-2016-20,2016-08-11,GO5,48.9461,-123.3218,WSGS84,300,CA,20
GO5-8-11-2016-5,2016-08-11,GO5,48.9461,-123.3218,WSGS84,300,CA,5
GO5-8-13-2022-0,2022-08-13,GO5,48.945,-123.32,WSGS84,300,CA,0
GO5-8-13-2022-10,2022-08-13,GO5,48.945,-123.32,WSGS84,300,CA,10
GO5-8-13-2022-20,2022-08-13,GO5,48.945,-123.32,WSGS84,300,CA,20
GO5-8-13-2022-5,2022-08-13,GO5,48.945,-123.32,WSGS84,300,CA,5
GO5-8-15-2017-0,2017-08-15,GO5,48.945,-123.32,WSGS84,300,CA,0
GO5-8-15-2017-10,2017-08-15,GO5,48.945,-123.32,WSGS84,300,CA,10
GO5-8-15-2017-20,2017-08-15,GO5,48.945,-123.32,WSGS84,300,CA,20
GO5-8-15-2017-5,2017-08-15,GO5,48.945,-123.32,WSGS84,300,CA,5
GO5-8-16-2018-0,2018-08-16,GO5,48.945,-123.32,WSGS84,300,CA,0
GO5-8-16-2018-10,2018-08-16,GO5,48.945,-123.32,WSGS84,300,CA,10
GO5-8-16-2018-20,2018-08-16,GO5,48.945,-123.32,WSGS84,300,CA,20
GO5-8-16-2018-5,2018-08-16,GO5,48.945,-123.32,WSGS84,300,CA,5
GO5-8-18-2022-0,2022-08-18,GO5,48.945,-123.32,WSGS84,300,CA,0
GO5-8-18-2022-10,2022-08-18,GO5,48.945,-123.32,WSGS84,300,CA,10
GO5-8-18-2022-20,2022-08-18,GO5,48.945,-123.32,WSGS84,300,CA,20
GO5-8-18-2022-5,2022-08-18,GO5,48.945,-123.32,WSGS84,300,CA,5
GO5-8-2-2018-0,2018-08-02,GO5,48.945,-123.32,WSGS84,300,CA,0
GO5-8-2-2018-10,2018-08-02,GO5,48.945,-123.32,WSGS84,300,CA,10
GO5-8-2-2018-20,2018-08-02,GO5,48.945,-123.32,WSGS84,300,CA,20
GO5-8-2-2018-5,2018-08-02,GO5,48.945,-123.32,WSGS84,300,CA,5
GO5-8-20-2019-0,2019-08-20,GO5,48.945,-123.32,WSGS84,300,CA,0
GO5-8-20-2019-10,2019-08-20,GO5,48.945,-123.32,WSGS84,300,CA,10
GO5-8-20-2019-20,2019-08-20,GO5,48.945,-123.32,WSGS84,300,CA,20
GO5-8-20-2019-5,2019-08-20,GO5,48.945,-123.32,WSGS84,300,CA,5
GO5-8-21-2017-0,2017-08-21,GO5,48.9452,-123.319,WSGS84,300,CA,0
GO5-8-21-2017-10,2017-08-21,GO5,48.9452,-123.319,WSGS84,300,CA,10
GO5-8-21-2017-20,2017-08-21,GO5,48.9452,-123.319,WSGS84,300,CA,20
GO5-8-21-2017-5,2017-08-21,GO5,48.9452,-123.319,WSGS84,300,CA,5
GO5-8-24-2018-0,2018-08-24,GO5,48.945,-123.32,WSGS84,300,CA,0
GO5-8-24-2018-10,2018-08-24,GO5,48.945,-123.32,WSGS84,300,CA,10
GO5-8-24-2018-20,2018-08-24,GO5,48.945,-123.32,WSGS84,300,CA,20
GO5-8-24-2018-5,2018-08-24,GO5,48.945,-123.32,WSGS84,300,CA,5
GO5-8-27-2020-0,2020-08-27,GO5,48.945,-123.32,WSGS84,300,CA,0
GO5-8-27-2020-10,2020-08-27,GO5,48.945,-123.32,WSGS84,300,CA,10
GO5-8-27-2020-20,2020-08-27,GO5,48.945,-123.32,WSGS84,300,CA,20
GO5-8-27-2020-5,2020-08-27,GO5,48.945,-123.32,WSGS84,300,CA,5
GO5-8-31-2021-0,2021-08-31,GO5,48.9448,-123.3191,WSGS84,300,CA,0
GO5-8-31-2021-10,2021-08-31,GO5,48.9448,-123.3191,WSGS84,300,CA,10
GO5-8-31-2021-20,2021-08-31,GO5,48.9448,-123.3191,WSGS84,300,CA,20
GO5-8-31-2021-5,2021-08-31,GO5,48.9448,-123.3191,WSGS84,300,CA,5
GO5-8-4-2016-0,2016-08-04,GO5,48.9448,-123.3215,WSGS84,300,CA,0
GO5-8-4-2016-10,2016-08-04,GO5,48.9448,-123.3215,WSGS84,300,CA,10
GO5-8-4-2016-20,2016-08-04,GO5,48.9448,-123.3215,WSGS84,300,CA,20
GO5-8-4-2016-5,2016-08-04,GO5,48.9448,-123.3215,WSGS84,300,CA,5
GO5-8-6-2019-0,2019-08-06,GO5,48.945,-123.32,WSGS84,300,CA,0
GO5-8-6-2019-10,2019-08-06,GO5,48.945,-123.32,WSGS84,300,CA,10
GO5-8-6-2019-20,2019-08-06,GO5,48.945,-123.32,WSGS84,300,CA,20
GO5-8-6-2019-5,2019-08-06,GO5,48.945,-123.32,WSGS84,300,CA,5
GO5-8-9-2017-0,2017-08-09,GO5,48.945,-123.3201,WSGS84,300,CA,0
GO5-8-9-2017-10,2017-08-09,GO5,48.945,-123.3201,WSGS84,300,CA,10
GO5-8-9-2017-20,2017-08-09,GO5,48.945,-123.3201,WSGS84,300,CA,20
GO5-8-9-2017-5,2017-08-09,GO5,48.945,-123.3201,WSGS84,300,CA,5
GO5-8-9-2021-0,2021-08-09,GO5,48.945,-123.3196,WSGS84,300,CA,0
GO5-8-9-2021-10,2021-08-09,GO5,48.945,-123.3196,WSGS84,300,CA,10
GO5-8-9-2021-20,2021-08-09,GO5,48.945,-123.3196,WSGS84,300,CA,20
GO5-8-9-2021-5,2021-08-09,GO5,48.945,-123.3196,WSGS84,300,CA,5
GO5-9-16-2020-0,2020-09-16,GO5,48.945,-123.32,WSGS84,300,CA,0
GO5-9-16-2020-10,2020-09-16,GO5,48.945,-123.32,WSGS84,300,CA,10
GO5-9-16-2020-20,2020-09-16,GO5,48.945,-123.32,WSGS84,300,CA,20
GO5-9-16-2020-5,2020-09-16,GO5,48.945,-123.32,WSGS84,300,CA,5
GO5-9-20-2019-0,2019-09-20,GO5,48.945,-123.32,WSGS84,300,CA,0
GO5-9-20-2019-10,2019-09-20,GO5,48.945,-123.32,WSGS84,300,CA,10
GO5-9-20-2019-20,2019-09-20,GO5,48.945,-123.32,WSGS84,300,CA,20
GO5-9-20-2019-5,2019-09-20,GO5,48.945,-123.32,WSGS84,300,CA,5
GO5-9-22-2016-10,2016-09-22,GO5,48.9444,-123.3211,WSGS84,300,CA,10
GO5-9-22-2016-20,2016-09-22,GO5,48.9444,-123.3211,WSGS84,300,CA,20
GO5-9-22-2016-5,2016-09-22,GO5,48.9444,-123.3211,WSGS84,300,CA,5
GO5-9-25-2018-0,2018-09-25,GO5,48.945,-123.32,WSGS84,300,CA,0
GO5-9-25-2018-10,2018-09-25,GO5,48.945,-123.32,WSGS84,300,CA,10
GO5-9-25-2018-20,2018-09-25,GO5,48.945,-123.32,WSGS84,300,CA,20
GO5-9-25-2018-5,2018-09-25,GO5,48.945,-123.32,WSGS84,300,CA,5
GO5-9-27-2017-0,2017-09-27,GO5,48.9442,-123.3192,WSGS84,300,CA,0
GO5-9-27-2017-10,2017-09-27,GO5,48.9442,-123.3192,WSGS84,300,CA,10
GO5-9-27-2017-20,2017-09-27,GO5,48.9442,-123.3192,WSGS84,300,CA,20
GO5-9-27-2017-5,2017-09-27,GO5,48.9442,-123.3192,WSGS84,300,CA,5
GO5-9-30-2020-0,2020-09-30,GO5,48.945,-123.32,WSGS84,300,CA,0
GO5-9-30-2020-10,2020-09-30,GO5,48.945,-123.32,WSGS84,300,CA,10
GO5-9-30-2020-20,2020-09-30,GO5,48.945,-123.32,WSGS84,300,CA,20
GO5-9-30-2020-5,2020-09-30,GO5,48.945,-123.32,WSGS84,300,CA,5
GO5-9-5-2017-0,2017-09-05,GO5,48.9447,-123.3187,WSGS84,300,CA,0
GO5-9-5-2017-10,2017-09-05,GO5,48.9447,-123.3187,WSGS84,300,CA,10
GO5-9-5-2017-20,2017-09-05,GO5,48.9447,-123.3187,WSGS84,300,CA,20
GO5-9-5-2017-5,2017-09-05,GO5,48.9447,-123.3187,WSGS84,300,CA,5
GO5-9-7-2018-0,2018-09-07,GO5,48.945,-123.32,WSGS84,300,CA,0
GO5-9-7-2018-10,2018-09-07,GO5,48.945,-123.32,WSGS84,300,CA,10
GO5-9-7-2018-20,2018-09-07,GO5,48.945,-123.32,WSGS84,300,CA,20
GO5-9-7-2018-5,2018-09-07,GO5,48.945,-123.32,WSGS84,300,CA,5
GO5-9-9-2016-0,2016-09-09,GO5,48.945,-123.3211,WSGS84,300,CA,0
GO5-9-9-2016-10,2016-09-09,GO5,48.945,-123.3211,WSGS84,300,CA,10
GO5-9-9-2016-20,2016-09-09,GO5,48.945,-123.3211,WSGS84,300,CA,20
GO5-9-9-2016-5,2016-09-09,GO5,48.945,-123.3211,WSGS84,300,CA,5
GO6-1-13-2021-0,2021-01-13,GO6,48.9467,-123.4333,WSGS84,300,CA,0
GO6-1-14-2022-0,2022-01-14,GO6,48.9467,-123.4333,WSGS84,300,CA,0
GO6-10-10-2019-0,2019-10-10,GO6,48.9467,-123.4333,WSGS84,300,CA,0
GO6-10-11-2018-0,2018-10-11,GO6,48.9467,-123.4333,WSGS84,300,CA,0
GO6-10-18-2016-0,2016-10-18,GO6,48.9449,-123.4221,WSGS84,300,CA,0
GO6-10-18-2021-0,2021-10-18,GO6,48.9466,-123.4337,WSGS84,300,CA,0
GO6-12-10-2020-0,2020-12-10,GO6,48.9467,-123.4333,WSGS84,300,CA,0
GO6-2-24-2021-0,2021-02-24,GO6,48.9469,-123.4347,WSGS84,300,CA,0
GO6-2-24-2022-0,2022-02-24,GO6,48.9467,-123.4333,WSGS84,300,CA,0
GO6-3-10-2017-0,2017-03-10,GO6,48.9467,-123.4333,WSGS84,300,CA,0
GO6-3-10-2018-0,2018-03-10,GO6,48.9467,-123.4333,WSGS84,300,CA,0
GO6-3-11-2021-0,2021-03-11,GO6,48.9466,-123.4338,WSGS84,300,CA,0
GO6-3-13-2018-0,2018-03-13,GO6,48.9467,-123.4333,WSGS84,300,CA,0
GO6-3-16-2022-0,2022-03-16,GO6,48.9467,-123.4333,WSGS84,300,CA,0
GO6-3-16-2023-0,2023-03-16,GO6,48.9467,-123.4333,WSGS84,300,CA,0
GO6-3-18-2016-0,2016-03-18,GO6,48.9459,-123.4344,WSGS84,300,CA,0
GO6-3-2-2017-0,2017-03-02,GO6,48.9474,-123.4345,WSGS84,300,CA,0
GO6-3-24-2021-0,2021-03-24,GO6,48.9458,-123.4339,WSGS84,300,CA,0
GO6-3-25-2022-0,2022-03-25,GO6,48.9467,-123.4333,WSGS84,300,CA,0
GO6-3-26-2018-0,2018-03-26,GO6,48.9467,-123.4333,WSGS84,300,CA,0
GO6-3-26-2021-0,2021-03-26,GO6,48.9475,-123.4349,WSGS84,300,CA,0
GO6-3-29-2016-0,2016-03-29,GO6,48.9465,-123.4335,WSGS84,300,CA,0
GO6-3-3-2016-0,2016-03-03,GO6,48.9467,-123.4333,WSGS84,300,CA,0
GO6-3-30-2023-0,2023-03-30,GO6,48.9467,-123.4333,WSGS84,300,CA,0
GO6-4-1-2020-0,2020-04-01,GO6,48.9467,-123.4333,WSGS84,300,CA,0
GO6-4-11-2016-0,2016-04-11,GO6,48.9467,-123.4333,WSGS84,300,CA,0
GO6-4-11-2021-0,2021-04-11,GO6,48.9468,-123.4333,WSGS84,300,CA,0
GO6-4-14-2017-0,2017-04-14,GO6,48.9467,-123.4333,WSGS84,300,CA,0
GO6-4-18-2016-0,2016-04-18,GO6,48.9467,-123.4333,WSGS84,300,CA,0
GO6-4-18-2019-0,2019-04-18,GO6,48.9467,-123.4333,WSGS84,300,CA,0
GO6-4-20-2018-0,2018-04-20,GO6,48.9467,-123.4333,WSGS84,300,CA,0
GO6-4-20-2021-0,2021-04-20,GO6,48.9469,-123.433,WSGS84,300,CA,0
GO6-4-22-2022-0,2022-04-22,GO6,48.9467,-123.4333,WSGS84,300,CA,0
GO6-4-23-2019-0,2019-04-23,GO6,48.9467,-123.4333,WSGS84,300,CA,0
GO6-4-23-2020-0,2020-04-23,GO6,48.9467,-123.4333,WSGS84,300,CA,0
GO6-4-24-2017-0,2017-04-24,GO6,48.9467,-123.4337,WSGS84,300,CA,0
GO6-4-26-2016-0,2016-04-26,GO6,48.9473,-123.4348,WSGS84,300,CA,0
GO6-4-27-2018-0,2018-04-27,GO6,48.9467,-123.4333,WSGS84,300,CA,0
GO6-4-3-2018-0,2018-04-03,GO6,48.9467,-123.4333,WSGS84,300,CA,0
GO6-4-5-2021-0,2021-04-05,GO6,48.9463,-123.4331,WSGS84,300,CA,0
GO6-4-7-2022-0,2022-04-07,GO6,48.9467,-123.4333,WSGS84,300,CA,0
GO6-4-8-2017-0,2017-04-08,GO6,48.9469,-123.4333,WSGS84,300,CA,0
GO6-5-1-2020-0,2020-05-01,GO6,48.9467,-123.4333,WSGS84,300,CA,0
GO6-5-10-2018-0,2018-05-10,GO6,48.9467,-123.4333,WSGS84,300,CA,0
GO6-5-10-2021-0,2021-05-10,GO6,48.9466,-123.4337,WSGS84,300,CA,0
GO6-5-12-2017-0,2017-05-12,GO6,48.9463,-123.4332,WSGS84,300,CA,0
GO6-5-12-2020-0,2020-05-12,GO6,48.9467,-123.4333,WSGS84,300,CA,0
GO6-5-16-2016-0,2016-05-16,GO6,48.9465,-123.4332,WSGS84,300,CA,0
GO6-5-17-2018-0,2018-05-17,GO6,48.9467,-123.4333,WSGS84,300,CA,0
GO6-5-20-2019-0,2019-05-20,GO6,48.9467,-123.4333,WSGS84,300,CA,0
GO6-5-21-2021-0,2021-05-21,GO6,48.9467,-123.4332,WSGS84,300,CA,0
GO6-5-21-2022-0,2022-05-21,GO6,48.9467,-123.4333,WSGS84,300,CA,0
GO6-5-23-2016-0,2016-05-23,GO6,48.9467,-123.4321,WSGS84,300,CA,0
GO6-5-23-2017-0,2017-05-23,GO6,48.9467,-123.4337,WSGS84,300,CA,0
GO6-5-31-2018-0,2018-05-31,GO6,48.9467,-123.4333,WSGS84,300,CA,0
GO6-5-5-2017-0,2017-05-05,GO6,48.9467,-123.434,WSGS84,300,CA,0
GO6-5-6-2020-0,2020-05-06,GO6,48.9467,-123.4333,WSGS84,300,CA,0
GO6-5-9-2019-0,2019-05-09,GO6,48.9467,-123.4333,WSGS84,300,CA,0
GO6-6-11-2017-0,2017-06-11,GO6,48.9465,-123.4332,WSGS84,300,CA,0
GO6-6-12-2021-0,2021-06-12,GO6,48.9465,-123.434,WSGS84,300,CA,0
GO6-6-13-2016-0,2016-06-13,GO6,48.9477,-123.4359,WSGS84,300,CA,0
GO6-6-14-2018-0,2018-06-14,GO6,48.9467,-123.4333,WSGS84,300,CA,0
GO6-6-15-2021-0,2021-06-15,GO6,48.9468,-123.4335,WSGS84,300,CA,0
GO6-6-19-2023-0,2023-06-19,GO6,48.9467,-123.4333,WSGS84,300,CA,0
GO6-6-21-2018-0,2018-06-21,GO6,48.9467,-123.4333,WSGS84,300,CA,0
GO6-6-21-2019-0,2019-06-21,GO6,48.9467,-123.4333,WSGS84,300,CA,0
GO6-6-23-2017-0,2017-06-23,GO6,48.9464,-123.4331,WSGS84,300,CA,0
GO6-6-23-2023-0,2023-06-23,GO6,48.9467,-123.4333,WSGS84,300,CA,0
GO6-6-24-2020-0,2020-06-24,GO6,48.9467,-123.4333,WSGS84,300,CA,0
GO6-6-27-2016-0,2016-06-27,GO6,48.9489,-123.4369,WSGS84,300,CA,0
GO6-6-30-2020-0,2020-06-30,GO6,48.9467,-123.4333,WSGS84,300,CA,0
GO6-6-4-2019-0,2019-06-04,GO6,48.9467,-123.4333,WSGS84,300,CA,0
GO6-6-4-2020-0,2020-06-04,GO6,48.9467,-123.4333,WSGS84,300,CA,0
GO6-6-6-2016-0,2016-06-06,GO6,48.9466,-123.435,WSGS84,300,CA,0
GO6-6-6-2017-0,2017-06-06,GO6,48.9468,-123.4334,WSGS84,300,CA,0
GO6-6-7-2018-0,2018-06-07,GO6,48.9467,-123.4333,WSGS84,300,CA,0
GO6-7-11-2022-0,2022-07-11,GO6,48.9467,-123.4333,WSGS84,300,CA,0
GO6-7-17-2017-0,2017-07-17,GO6,48.9412,-123.421,WSGS84,300,CA,0
GO6-7-18-2016-0,2016-07-18,GO6,48.9463,-123.4336,WSGS84,300,CA,0
GO6-7-18-2021-0,2021-07-18,GO6,48.9467,-123.4336,WSGS84,300,CA,0
GO6-7-20-2022-0,2022-07-20,GO6,48.9467,-123.4333,WSGS84,300,CA,0
GO6-7-24-2018-0,2018-07-24,GO6,48.9467,-123.4333,WSGS84,300,CA,0
GO6-7-25-2019-0,2019-07-25,GO6,48.9467,-123.4333,WSGS84,300,CA,0
GO6-7-28-2020-0,2020-07-28,GO6,48.9467,-123.4333,WSGS84,300,CA,0
GO6-7-5-2018-0,2018-07-05,GO6,48.9467,-123.4333,WSGS84,300,CA,0
GO6-7-7-2016-0,2016-07-07,GO6,48.9485,-123.436,WSGS84,300,CA,0
GO6-7-7-2017-0,2017-07-07,GO6,48.9467,-123.4325,WSGS84,300,CA,0
GO6-7-7-2019-0,2019-07-07,GO6,48.9467,-123.4333,WSGS84,300,CA,0
GO6-7-8-2021-0,2021-07-08,GO6,48.9466,-123.4334,WSGS84,300,CA,0
GO6-8-11-2016-0,2016-08-11,GO6,48.9475,-123.4337,WSGS84,300,CA,0
GO6-8-13-2022-0,2022-08-13,GO6,48.9467,-123.4333,WSGS84,300,CA,0
GO6-8-15-2017-0,2017-08-15,GO6,48.9467,-123.4333,WSGS84,300,CA,0
GO6-8-16-2018-0,2018-08-16,GO6,48.9467,-123.4333,WSGS84,300,CA,0
GO6-8-18-2022-0,2022-08-18,GO6,48.9467,-123.4333,WSGS84,300,CA,0
GO6-8-2-2018-0,2018-08-02,GO6,48.9467,-123.4333,WSGS84,300,CA,0
GO6-8-20-2019-0,2019-08-20,GO6,48.9467,-123.4333,WSGS84,300,CA,0
GO6-8-21-2017-0,2017-08-21,GO6,48.947,-123.4337,WSGS84,300,CA,0
GO6-8-24-2018-0,2018-08-24,GO6,48.9467,-123.4333,WSGS84,300,CA,0
GO6-8-27-2020-0,2020-08-27,GO6,48.9467,-123.4333,WSGS84,300,CA,0
GO6-8-31-2021-0,2021-08-31,GO6,48.9465,-123.4334,WSGS84,300,CA,0
GO6-8-4-2016-0,2016-08-04,GO6,48.9462,-123.4308,WSGS84,300,CA,0
GO6-8-6-2019-0,2019-08-06,GO6,48.9467,-123.4333,WSGS84,300,CA,0
GO6-8-9-2017-0,2017-08-09,GO6,48.945,-123.4305,WSGS84,300,CA,0
GO6-8-9-2021-0,2021-08-09,GO6,48.9469,-123.4332,WSGS84,300,CA,0
GO6-9-16-2020-0,2020-09-16,GO6,48.9467,-123.4333,WSGS84,300,CA,0
GO6-9-20-2019-0,2019-09-20,GO6,48.9467,-123.4333,WSGS84,300,CA,0
GO6-9-22-2016-0,2016-09-22,GO6,48.9459,-123.4295,WSGS84,300,CA,0
GO6-9-25-2018-0,2018-09-25,GO6,48.9467,-123.4333,WSGS84,300,CA,0
GO6-9-27-2017-0,2017-09-27,GO6,48.9468,-123.4348,WSGS84,300,CA,0
GO6-9-30-2020-0,2020-09-30,GO6,48.9467,-123.4333,WSGS84,300,CA,0
GO6-9-5-2017-0,2017-09-05,GO6,48.9467,-123.4337,WSGS84,300,CA,0
GO6-9-7-2018-0,2018-09-07,GO6,48.9467,-123.4333,WSGS84,300,CA,0
GO6-9-9-2016-0,2016-09-09,GO6,48.9467,-123.4325,WSGS84,300,CA,0
GO7-1-15-2021-0,2021-01-15,GO7,48.7617,-123.3183,WSGS84,300,CA,0
GO7-1-16-2022-0,2022-01-16,GO7,48.7617,-123.3183,WSGS84,300,CA,0
GO7-10-11-2018-0,2018-10-11,GO7,48.7617,-123.3183,WSGS84,300,CA,0
GO7-10-11-2019-0,2019-10-11,GO7,48.7617,-123.3183,WSGS84,300,CA,0
GO7-10-17-2017-0,2017-10-17,GO7,48.7618,-123.3164,WSGS84,300,CA,0
GO7-10-18-2016-0,2016-10-18,GO7,48.7619,-123.3188,WSGS84,300,CA,0
GO7-10-19-2021-0,2021-10-19,GO7,48.7615,-123.318,WSGS84,300,CA,0
GO7-10-2-2020-0,2020-10-02,GO7,48.7617,-123.3183,WSGS84,300,CA,0
GO7-12-7-2020-0,2020-12-07,GO7,48.7617,-123.3183,WSGS84,300,CA,0
GO7-2-22-2021-0,2021-02-22,GO7,48.7601,-123.3167,WSGS84,300,CA,0
GO7-2-23-2022-0,2022-02-23,GO7,48.7617,-123.3183,WSGS84,300,CA,0
GO7-3-10-2017-0,2017-03-10,GO7,48.7617,-123.3183,WSGS84,300,CA,0
GO7-3-10-2018-0,2018-03-10,GO7,48.7617,-123.3183,WSGS84,300,CA,0
GO7-3-10-2022-0,2022-03-10,GO7,48.7617,-123.3183,WSGS84,300,CA,0
GO7-3-13-2018-0,2018-03-13,GO7,48.7617,-123.3183,WSGS84,300,CA,0
GO7-3-15-2021-0,2021-03-15,GO7,48.7622,-123.3212,WSGS84,300,CA,0
GO7-3-18-2019-0,2019-03-18,GO7,48.7617,-123.3183,WSGS84,300,CA,0
GO7-3-18-2022-0,2022-03-18,GO7,48.7617,-123.3183,WSGS84,300,CA,0
GO7-3-2-2017-0,2017-03-02,GO7,48.7659,-123.3214,WSGS84,300,CA,0
GO7-3-2-2020-0,2020-03-02,GO7,48.7617,-123.3183,WSGS84,300,CA,0
GO7-3-20-2017-0,2017-03-20,GO7,48.7617,-123.3194,WSGS84,300,CA,0
GO7-3-22-2021-0,2021-03-22,GO7,48.7607,-123.3167,WSGS84,300,CA,0
GO7-3-24-2022-0,2022-03-24,GO7,48.7617,-123.3183,WSGS84,300,CA,0
GO7-3-26-2018-0,2018-03-26,GO7,48.7617,-123.3183,WSGS84,300,CA,0
GO7-3-30-2021-0,2021-03-30,GO7,48.7619,-123.3193,WSGS84,300,CA,0
GO7-3-31-2020-0,2020-03-31,GO7,48.7617,-123.3183,WSGS84,300,CA,0
GO7-4-1-2022-0,2022-04-01,GO7,48.7617,-123.3183,WSGS84,300,CA,0
GO7-4-10-2022-0,2022-04-10,GO7,48.7617,-123.3183,WSGS84,300,CA,0
GO7-4-11-2021-0,2021-04-11,GO7,48.7618,-123.3184,WSGS84,300,CA,0
GO7-4-14-2017-0,2017-04-14,GO7,48.7617,-123.3183,WSGS84,300,CA,0
GO7-4-16-2022-0,2022-04-16,GO7,48.7617,-123.3183,WSGS84,300,CA,0
GO7-4-18-2019-0,2019-04-18,GO7,48.7617,-123.3183,WSGS84,300,CA,0
GO7-4-19-2021-0,2021-04-19,GO7,48.7615,-123.3186,WSGS84,300,CA,0
GO7-4-20-2018-0,2018-04-20,GO7,48.7617,-123.3183,WSGS84,300,CA,0
GO7-4-24-2017-0,2017-04-24,GO7,48.7615,-123.3188,WSGS84,300,CA,0
GO7-4-24-2020-0,2020-04-24,GO7,48.7617,-123.3183,WSGS84,300,CA,0
GO7-4-24-2022-0,2022-04-24,GO7,48.7617,-123.3183,WSGS84,300,CA,0
GO7-4-25-2019-0,2019-04-25,GO7,48.7617,-123.3183,WSGS84,300,CA,0
GO7-4-27-2018-0,2018-04-27,GO7,48.7617,-123.3183,WSGS84,300,CA,0
GO7-4-3-2018-0,2018-04-03,GO7,48.7617,-123.3183,WSGS84,300,CA,0
GO7-4-30-2020-0,2020-04-30,GO7,48.7617,-123.3183,WSGS84,300,CA,0
GO7-4-5-2021-0,2021-04-05,GO7,48.7617,-123.3188,WSGS84,300,CA,0
GO7-4-8-2017-0,2017-04-08,GO7,48.7621,-123.3187,WSGS84,300,CA,0
GO7-5-10-2018-0,2018-05-10,GO7,48.7617,-123.3183,WSGS84,300,CA,0
GO7-5-12-2017-0,2017-05-12,GO7,48.7616,-123.3187,WSGS84,300,CA,0
GO7-5-13-2020-0,2020-05-13,GO7,48.7617,-123.3183,WSGS84,300,CA,0
GO7-5-17-2018-0,2018-05-17,GO7,48.7617,-123.3183,WSGS84,300,CA,0
GO7-5-20-2021-0,2021-05-20,GO7,48.7622,-123.3192,WSGS84,300,CA,0
GO7-5-20-2022-0,2022-05-20,GO7,48.7617,-123.3183,WSGS84,300,CA,0
GO7-5-21-2019-0,2019-05-21,GO7,48.7617,-123.3183,WSGS84,300,CA,0
GO7-5-23-2016-0,2016-05-23,GO7,48.7629,-123.3211,WSGS84,300,CA,0
GO7-5-23-2017-0,2017-05-23,GO7,48.7622,-123.32,WSGS84,300,CA,0
GO7-5-31-2018-0,2018-05-31,GO7,48.7617,-123.3183,WSGS84,300,CA,0
GO7-5-5-2017-0,2017-05-05,GO7,48.7614,-123.3174,WSGS84,300,CA,0
GO7-5-7-2019-0,2019-05-07,GO7,48.7617,-123.3183,WSGS84,300,CA,0
GO7-5-7-2020-0,2020-05-07,GO7,48.7617,-123.3183,WSGS84,300,CA,0
GO7-5-9-2021-0,2021-05-09,GO7,48.7621,-123.3189,WSGS84,300,CA,0
GO7-6-11-2017-0,2017-06-11,GO7,48.7626,-123.3195,WSGS84,300,CA,0
GO7-6-13-2016-0,2016-06-13,GO7,48.7625,-123.3194,WSGS84,300,CA,0
GO7-6-14-2018-0,2018-06-14,GO7,48.7617,-123.3183,WSGS84,300,CA,0
GO7-6-16-2021-0,2021-06-16,GO7,48.7616,-123.3183,WSGS84,300,CA,0
GO7-6-18-2019-0,2019-06-18,GO7,48.7617,-123.3183,WSGS84,300,CA,0
GO7-6-2-2019-0,2019-06-02,GO7,48.7617,-123.3183,WSGS84,300,CA,0
GO7-6-23-2017-0,2017-06-23,GO7,48.7622,-123.3194,WSGS84,300,CA,0
GO7-6-25-2020-0,2020-06-25,GO7,48.7617,-123.3183,WSGS84,300,CA,0
GO7-6-27-2016-0,2016-06-27,GO7,48.7616,-123.32,WSGS84,300,CA,0
GO7-6-5-2020-0,2020-06-05,GO7,48.7617,-123.3183,WSGS84,300,CA,0
GO7-6-6-2016-0,2016-06-06,GO7,48.7633,-123.3212,WSGS84,300,CA,0
GO7-6-6-2017-0,2017-06-06,GO7,48.7619,-123.3184,WSGS84,300,CA,0
GO7-6-7-2018-0,2018-06-07,GO7,48.7617,-123.3183,WSGS84,300,CA,0
GO7-6-9-2021-0,2021-06-09,GO7,48.7619,-123.3179,WSGS84,300,CA,0
GO7-7-11-2022-0,2022-07-11,GO7,48.7617,-123.3183,WSGS84,300,CA,0
GO7-7-12-2018-0,2018-07-12,GO7,48.7617,-123.3183,WSGS84,300,CA,0
GO7-7-17-2017-0,2017-07-17,GO7,48.7641,-123.321,WSGS84,300,CA,0
GO7-7-18-2016-0,2016-07-18,GO7,48.7669,-123.322,WSGS84,300,CA,0
GO7-7-19-2021-0,2021-07-19,GO7,48.7618,-123.3188,WSGS84,300,CA,0
GO7-7-21-2019-0,2019-07-21,GO7,48.7617,-123.3183,WSGS84,300,CA,0
GO7-7-21-2022-0,2022-07-21,GO7,48.7617,-123.3183,WSGS84,300,CA,0
GO7-7-24-2018-0,2018-07-24,GO7,48.7617,-123.3183,WSGS84,300,CA,0
GO7-7-26-2020-0,2020-07-26,GO7,48.7617,-123.3183,WSGS84,300,CA,0
GO7-7-28-2016-0,2016-07-28,GO7,48.7605,-123.3135,WSGS84,300,CA,0
GO7-7-31-2017-0,2017-07-31,GO7,48.7617,-123.3183,WSGS84,300,CA,0
GO7-7-5-2018-0,2018-07-05,GO7,48.7617,-123.3183,WSGS84,300,CA,0
GO7-7-6-2020-0,2020-07-06,GO7,48.7617,-123.3183,WSGS84,300,CA,0
GO7-7-7-2016-0,2016-07-07,GO7,48.7621,-123.3202,WSGS84,300,CA,0
GO7-7-7-2017-0,2017-07-07,GO7,48.7617,-123.3183,WSGS84,300,CA,0
GO7-7-9-2019-0,2019-07-09,GO7,48.7617,-123.3183,WSGS84,300,CA,0
GO7-7-9-2021-0,2021-07-09,GO7,48.7615,-123.3186,WSGS84,300,CA,0
GO7-8-11-2016-0,2016-08-11,GO7,48.7601,-123.3139,WSGS84,300,CA,0
GO7-8-15-2017-0,2017-08-15,GO7,48.7617,-123.3183,WSGS84,300,CA,0
GO7-8-16-2018-0,2018-08-16,GO7,48.7617,-123.3183,WSGS84,300,CA,0
GO7-8-2-2018-0,2018-08-02,GO7,48.7617,-123.3183,WSGS84,300,CA,0
GO7-8-20-2019-0,2019-08-20,GO7,48.7617,-123.3183,WSGS84,300,CA,0
GO7-8-21-2017-0,2017-08-21,GO7,48.763,-123.3189,WSGS84,300,CA,0
GO7-8-23-2016-0,2016-08-23,GO7,48.7653,-123.3199,WSGS84,300,CA,0
GO7-8-24-2018-0,2018-08-24,GO7,48.7617,-123.3183,WSGS84,300,CA,0
GO7-8-25-2020-0,2020-08-25,GO7,48.7617,-123.3183,WSGS84,300,CA,0
GO7-8-29-2021-0,2021-08-29,GO7,48.7615,-123.318,WSGS84,300,CA,0
GO7-8-4-2016-0,2016-08-04,GO7,48.7615,-123.3154,WSGS84,300,CA,0
GO7-8-7-2019-0,2019-08-07,GO7,48.7617,-123.3183,WSGS84,300,CA,0
GO7-8-8-2021-0,2021-08-08,GO7,48.762,-123.3186,WSGS84,300,CA,0
GO7-8-9-2017-0,2017-08-09,GO7,48.7617,-123.3183,WSGS84,300,CA,0
GO7-9-16-2019-0,2019-09-16,GO7,48.7617,-123.3183,WSGS84,300,CA,0
GO7-9-18-2020-0,2020-09-18,GO7,48.7617,-123.3183,WSGS84,300,CA,0
GO7-9-19-2021-0,2021-09-19,GO7,48.7617,-123.3183,WSGS84,300,CA,0
GO7-9-22-2016-0,2016-09-22,GO7,48.761,-123.3143,WSGS84,300,CA,0
GO7-9-24-2021-0,2021-09-24,GO7,48.762,-123.3187,WSGS84,300,CA,0
GO7-9-25-2018-0,2018-09-25,GO7,48.7617,-123.3183,WSGS84,300,CA,0
GO7-9-27-2017-0,2017-09-27,GO7,48.7617,-123.3183,WSGS84,300,CA,0
GO7-9-5-2017-0,2017-09-05,GO7,48.7634,-123.3188,WSGS84,300,CA,0
GO7-9-7-2018-0,2018-09-07,GO7,48.7617,-123.3183,WSGS84,300,CA,0
GO7-9-9-2016-0,2016-09-09,GO7,48.7606,-123.3167,WSGS84,300,CA,0
GO8-1-13-2021-0,2021-01-13,GO8,48.9872,-123.3208,WSGS84,300,CA,0
GO8-1-14-2022-0,2022-01-14,GO8,48.9872,-123.3208,WSGS84,300,CA,0
GO8-10-10-2019-0,2019-10-10,GO8,48.9872,-123.3208,WSGS84,300,CA,0
GO8-10-18-2021-0,2021-10-18,GO8,48.9873,-123.321,WSGS84,300,CA,0
GO8-12-11-2020-0,2020-12-11,GO8,48.9872,-123.3208,WSGS84,300,CA,0
GO8-2-24-2021-0,2021-02-24,GO8,48.9869,-123.3208,WSGS84,300,CA,0
GO8-2-24-2022-0,2022-02-24,GO8,48.9872,-123.3208,WSGS84,300,CA,0
GO8-3-11-2021-0,2021-03-11,GO8,48.9876,-123.3216,WSGS84,300,CA,0
GO8-3-16-2022-0,2022-03-16,GO8,48.9872,-123.3208,WSGS84,300,CA,0
GO8-3-16-2023-0,2023-03-16,GO8,48.9872,-123.3208,WSGS84,300,CA,0
GO8-3-18-2019-0,2019-03-18,GO8,48.9872,-123.3208,WSGS84,300,CA,0
GO8-3-24-2021-0,2021-03-24,GO8,48.9888,-123.3192,WSGS84,300,CA,0
GO8-3-25-2022-0,2022-03-25,GO8,48.9872,-123.3208,WSGS84,300,CA,0
GO8-3-26-2021-0,2021-03-26,GO8,48.9877,-123.321,WSGS84,300,CA,0
GO8-3-30-2023-0,2023-03-30,GO8,48.9872,-123.3208,WSGS84,300,CA,0
GO8-4-1-2020-0,2020-04-01,GO8,48.9872,-123.3208,WSGS84,300,CA,0
GO8-4-11-2021-0,2021-04-11,GO8,48.9865,-123.3208,WSGS84,300,CA,0
GO8-4-18-2019-0,2019-04-18,GO8,48.9872,-123.3208,WSGS84,300,CA,0
GO8-4-20-2021-0,2021-04-20,GO8,48.9872,-123.3207,WSGS84,300,CA,0
GO8-4-22-2022-0,2022-04-22,GO8,48.9872,-123.3208,WSGS84,300,CA,0
GO8-4-23-2019-0,2019-04-23,GO8,48.9872,-123.3208,WSGS84,300,CA,0
GO8-4-23-2020-0,2020-04-23,GO8,48.9872,-123.3208,WSGS84,300,CA,0
GO8-4-5-2021-0,2021-04-05,GO8,48.9871,-123.3207,WSGS84,300,CA,0
GO8-4-7-2022-0,2022-04-07,GO8,48.9872,-123.3208,WSGS84,300,CA,0
GO8-5-1-2020-0,2020-05-01,GO8,48.9872,-123.3208,WSGS84,300,CA,0
GO8-5-10-2021-0,2021-05-10,GO8,48.9873,-123.3206,WSGS84,300,CA,0
GO8-5-12-2020-0,2020-05-12,GO8,48.9872,-123.3208,WSGS84,300,CA,0
GO8-5-20-2019-0,2019-05-20,GO8,48.9872,-123.3208,WSGS84,300,CA,0
GO8-5-21-2021-0,2021-05-21,GO8,48.9874,-123.3211,WSGS84,300,CA,0
GO8-5-21-2022-0,2022-05-21,GO8,48.9872,-123.3208,WSGS84,300,CA,0
GO8-5-9-2019-0,2019-05-09,GO8,48.9872,-123.3208,WSGS84,300,CA,0
GO8-6-12-2021-0,2021-06-12,GO8,48.9874,-123.3211,WSGS84,300,CA,0
GO8-6-15-2021-0,2021-06-15,GO8,48.9875,-123.3211,WSGS84,300,CA,0
GO8-6-19-2023-0,2023-06-19,GO8,48.9872,-123.3208,WSGS84,300,CA,0
GO8-6-21-2019-0,2019-06-21,GO8,48.9872,-123.3208,WSGS84,300,CA,0
GO8-6-23-2023-0,2023-06-23,GO8,48.9872,-123.3208,WSGS84,300,CA,0
GO8-6-24-2020-0,2020-06-24,GO8,48.9872,-123.3208,WSGS84,300,CA,0
GO8-6-30-2020-0,2020-06-30,GO8,48.9872,-123.3208,WSGS84,300,CA,0
GO8-6-4-2019-0,2019-06-04,GO8,48.9872,-123.3208,WSGS84,300,CA,0
GO8-6-4-2020-0,2020-06-04,GO8,48.9872,-123.3208,WSGS84,300,CA,0
GO8-7-11-2022-0,2022-07-11,GO8,48.9872,-123.3208,WSGS84,300,CA,0
GO8-7-18-2021-0,2021-07-18,GO8,48.9873,-123.3211,WSGS84,300,CA,0
GO8-7-25-2019-0,2019-07-25,GO8,48.9872,-123.3208,WSGS84,300,CA,0
GO8-7-28-2020-0,2020-07-28,GO8,48.9872,-123.3208,WSGS84,300,CA,0
GO8-7-7-2019-0,2019-07-07,GO8,48.9872,-123.3208,WSGS84,300,CA,0
GO8-7-8-2021-0,2021-07-08,GO8,48.9872,-123.322,WSGS84,300,CA,0
GO8-8-18-2022-0,2022-08-18,GO8,48.9872,-123.3208,WSGS84,300,CA,0
GO8-8-20-2019-0,2019-08-20,GO8,48.9872,-123.3208,WSGS84,300,CA,0
GO8-8-27-2020-0,2020-08-27,GO8,48.9872,-123.3208,WSGS84,300,CA,0
GO8-8-31-2021-0,2021-08-31,GO8,48.9873,-123.3208,WSGS84,300,CA,0
GO8-8-6-2019-0,2019-08-06,GO8,48.9872,-123.3208,WSGS84,300,CA,0
GO8-8-9-2021-0,2021-08-09,GO8,48.987,-123.3201,WSGS84,300,CA,0
GO8-9-16-2020-0,2020-09-16,GO8,48.9872,-123.3208,WSGS84,300,CA,0
GO8-9-20-2019-0,2019-09-20,GO8,48.9872,-123.3208,WSGS84,300,CA,0
GO8-9-30-2020-0,2020-09-30,GO8,48.9872,-123.3208,WSGS84,300,CA,0
GO9-1-13-2021-0,2021-01-13,GO9,48.9678,-123.3685,WSGS84,300,CA,0
GO9-1-14-2022-0,2022-01-14,GO9,48.9678,-123.3685,WSGS84,300,CA,0
GO9-10-10-2019-0,2019-10-10,GO9,48.9678,-123.3685,WSGS84,300,CA,0
GO9-10-18-2021-0,2021-10-18,GO9,48.9677,-123.3685,WSGS84,300,CA,0
GO9-12-12-2020-0,2020-12-12,GO9,48.9678,-123.3685,WSGS84,300,CA,0
GO9-2-24-2021-0,2021-02-24,GO9,48.9679,-123.3677,WSGS84,300,CA,0
GO9-2-24-2022-0,2022-02-24,GO9,48.9678,-123.3685,WSGS84,300,CA,0
GO9-3-11-2021-0,2021-03-11,GO9,48.968,-123.3683,WSGS84,300,CA,0
GO9-3-16-2022-0,2022-03-16,GO9,48.9678,-123.3685,WSGS84,300,CA,0
GO9-3-16-2023-0,2023-03-16,GO9,48.9678,-123.3685,WSGS84,300,CA,0
GO9-3-18-2019-0,2019-03-18,GO9,48.9678,-123.3685,WSGS84,300,CA,0
GO9-3-24-2021-0,2021-03-24,GO9,48.9675,-123.368,WSGS84,300,CA,0
GO9-3-25-2022-0,2022-03-25,GO9,48.9678,-123.3685,WSGS84,300,CA,0
GO9-3-26-2021-0,2021-03-26,GO9,48.9684,-123.3689,WSGS84,300,CA,0
GO9-3-30-2023-0,2023-03-30,GO9,48.9678,-123.3685,WSGS84,300,CA,0
GO9-4-1-2020-0,2020-04-01,GO9,48.9678,-123.3685,WSGS84,300,CA,0
GO9-4-11-2021-0,2021-04-11,GO9,48.9677,-123.3682,WSGS84,300,CA,0
GO9-4-18-2019-0,2019-04-18,GO9,48.9678,-123.3685,WSGS84,300,CA,0
GO9-4-20-2021-0,2021-04-20,GO9,48.9679,-123.3682,WSGS84,300,CA,0
GO9-4-22-2022-0,2022-04-22,GO9,48.9678,-123.3685,WSGS84,300,CA,0
GO9-4-23-2019-0,2019-04-23,GO9,48.9678,-123.3685,WSGS84,300,CA,0
GO9-4-23-2020-0,2020-04-23,GO9,48.9678,-123.3685,WSGS84,300,CA,0
GO9-4-5-2021-0,2021-04-05,GO9,48.9672,-123.368,WSGS84,300,CA,0
GO9-4-7-2022-0,2022-04-07,GO9,48.9678,-123.3685,WSGS84,300,CA,0
GO9-5-1-2020-0,2020-05-01,GO9,48.9678,-123.3685,WSGS84,300,CA,0
GO9-5-10-2021-0,2021-05-10,GO9,48.9677,-123.3684,WSGS84,300,CA,0
GO9-5-12-2020-0,2020-05-12,GO9,48.9678,-123.3685,WSGS84,300,CA,0
GO9-5-20-2019-0,2019-05-20,GO9,48.9678,-123.3685,WSGS84,300,CA,0
GO9-5-21-2021-0,2021-05-21,GO9,48.9676,-123.3679,WSGS84,300,CA,0
GO9-5-21-2022-0,2022-05-21,GO9,48.9678,-123.3685,WSGS84,300,CA,0
GO9-5-6-2020-0,2020-05-06,GO9,48.9678,-123.3685,WSGS84,300,CA,0
GO9-5-9-2019-0,2019-05-09,GO9,48.9678,-123.3685,WSGS84,300,CA,0
GO9-6-12-2021-0,2021-06-12,GO9,48.9677,-123.3686,WSGS84,300,CA,0
GO9-6-15-2021-0,2021-06-15,GO9,48.9679,-123.3684,WSGS84,300,CA,0
GO9-6-19-2023-0,2023-06-19,GO9,48.9678,-123.3685,WSGS84,300,CA,0
GO9-6-21-2019-0,2019-06-21,GO9,48.9678,-123.3685,WSGS84,300,CA,0
GO9-6-23-2023-0,2023-06-23,GO9,48.9678,-123.3685,WSGS84,300,CA,0
GO9-6-24-2020-0,2020-06-24,GO9,48.9678,-123.3685,WSGS84,300,CA,0
GO9-6-30-2020-0,2020-06-30,GO9,48.9678,-123.3685,WSGS84,300,CA,0
GO9-6-4-2019-0,2019-06-04,GO9,48.9678,-123.3685,WSGS84,300,CA,0
GO9-6-4-2020-0,2020-06-04,GO9,48.9678,-123.3685,WSGS84,300,CA,0
GO9-7-11-2022-0,2022-07-11,GO9,48.9678,-123.3685,WSGS84,300,CA,0
GO9-7-18-2021-0,2021-07-18,GO9,48.9678,-123.3691,WSGS84,300,CA,0
GO9-7-20-2022-0,2022-07-20,GO9,48.9678,-123.3685,WSGS84,300,CA,0
GO9-7-25-2019-0,2019-07-25,GO9,48.9678,-123.3685,WSGS84,300,CA,0
GO9-7-28-2020-0,2020-07-28,GO9,48.9678,-123.3685,WSGS84,300,CA,0
GO9-7-7-2019-0,2019-07-07,GO9,48.9678,-123.3685,WSGS84,300,CA,0
GO9-7-8-2021-0,2021-07-08,GO9,48.9681,-123.3686,WSGS84,300,CA,0
GO9-8-13-2022-0,2022-08-13,GO9,48.9678,-123.3685,WSGS84,300,CA,0
GO9-8-18-2022-0,2022-08-18,GO9,48.9678,-123.3685,WSGS84,300,CA,0
GO9-8-20-2019-0,2019-08-20,GO9,48.9678,-123.3685,WSGS84,300,CA,0
GO9-8-27-2020-0,2020-08-27,GO9,48.9678,-123.3685,WSGS84,300,CA,0
GO9-8-31-2021-0,2021-08-31,GO9,48.9678,-123.3682,WSGS84,300,CA,0
GO9-8-6-2019-0,2019-08-06,GO9,48.9678,-123.3685,WSGS84,300,CA,0
GO9-8-9-2021-0,2021-08-09,GO9,48.9677,-123.3685,WSGS84,300,CA,0
GO9-9-16-2020-0,2020-09-16,GO9,48.9678,-123.3685,WSGS84,300,CA,0
GO9-9-20-2019-0,2019-09-20,GO9,48.9678,-123.3685,WSGS84,300,CA,0
GO9-9-30-2020-0,2020-09-30,GO9,48.9678,-123.3685,WSGS84,300,CA,0
IS1-1-15-2021-0,2021-01-15,IS1,49.5583,-124.025,WSGS84,300,CA,0
IS1-1-15-2022-0,2022-01-15,IS1,49.5583,-124.025,WSGS84,300,CA,0
IS1-1-21-2019-0,2019-01-21,IS1,49.5583,-124.025,WSGS84,300,CA,0
IS1-10-10-2018-0,2018-10-10,IS1,49.5583,-124.025,WSGS84,300,CA,0
IS1-10-12-2023-0,2023-10-12,IS1,49.5583,-124.025,WSGS84,300,CA,0
IS1-10-18-2021-0,2021-10-18,IS1,49.5583,-124.0253,WSGS84,300,CA,0
IS1-10-19-2017-0,2017-10-19,IS1,49.5575,-124.0258,WSGS84,300,CA,0
IS1-10-5-2015-0,2015-10-05,IS1,49.5581,-124.0251,WSGS84,300,CA,0
IS1-10-7-2022-0,2022-10-07,IS1,49.5583,-124.025,WSGS84,300,CA,0
IS1-10-9-2019-0,2019-10-09,IS1,49.5583,-124.025,WSGS84,300,CA,0
IS1-11-13-2019-0,2019-11-13,IS1,49.5583,-124.025,WSGS84,300,CA,0
IS1-11-29-2018-0,2018-11-29,IS1,49.5583,-124.025,WSGS84,300,CA,0
IS1-12-5-2021-0,2021-12-05,IS1,49.5583,-124.025,WSGS84,300,CA,0
IS1-12-8-2020-0,2020-12-08,IS1,49.5583,-124.025,WSGS84,300,CA,0
IS1-2-22-2016-0,2016-02-22,IS1,49.5583,-124.025,WSGS84,300,CA,0
IS1-2-22-2021-0,2021-02-22,IS1,49.5586,-124.025,WSGS84,300,CA,0
IS1-2-23-2022-0,2022-02-23,IS1,49.5583,-124.025,WSGS84,300,CA,0
IS1-2-27-2023-0,2023-02-27,IS1,49.5583,-124.025,WSGS84,300,CA,0
IS1-2-28-2017-0,2017-02-28,IS1,49.5583,-124.025,WSGS84,300,CA,0
IS1-2-28-2020-0,2020-02-28,IS1,49.5583,-124.025,WSGS84,300,CA,0
IS1-3-10-2022-0,2022-03-10,IS1,49.5583,-124.025,WSGS84,300,CA,0
IS1-3-11-2021-0,2021-03-11,IS1,49.5593,-124.0247,WSGS84,300,CA,0
IS1-3-12-2020-0,2020-03-12,IS1,49.3268,-123.3051,WSGS84,300,CA,0
IS1-3-13-2015-0,2015-03-13,IS1,49.5573,-124.024,WSGS84,300,CA,0
IS1-3-15-2018-0,2018-03-15,IS1,49.5583,-124.025,WSGS84,300,CA,0
IS1-3-15-2023-0,2023-03-15,IS1,49.5583,-124.025,WSGS84,300,CA,0
IS1-3-16-2020-0,2020-03-16,IS1,49.3268,-123.3051,WSGS84,300,CA,0
IS1-3-16-2022-0,2022-03-16,IS1,49.5583,-124.025,WSGS84,300,CA,0
IS1-3-17-2019-0,2019-03-17,IS1,49.5583,-124.025,WSGS84,300,CA,0
IS1-3-18-2016-0,2016-03-18,IS1,49.5582,-124.025,WSGS84,300,CA,0
IS1-3-19-2017-0,2017-03-19,IS1,49.5583,-124.025,WSGS84,300,CA,0
IS1-3-19-2023-0,2023-03-19,IS1,49.5583,-124.025,WSGS84,300,CA,0
IS1-3-21-2015-0,2015-03-21,IS1,49.5583,-124.025,WSGS84,300,CA,0
IS1-3-23-2021-0,2021-03-23,IS1,49.5581,-124.0249,WSGS84,300,CA,0
IS1-3-24-2020-0,2020-03-24,IS1,49.5583,-124.025,WSGS84,300,CA,0
IS1-3-24-2022-0,2022-03-24,IS1,49.5583,-124.025,WSGS84,300,CA,0
IS1-3-26-2021-0,2021-03-26,IS1,49.5585,-124.0245,WSGS84,300,CA,0
IS1-3-27-2018-0,2018-03-27,IS1,49.5583,-124.025,WSGS84,300,CA,0
IS1-3-28-2019-0,2019-03-28,IS1,49.5583,-124.025,WSGS84,300,CA,0
IS1-3-28-2023-0,2023-03-28,IS1,49.5583,-124.025,WSGS84,300,CA,0
IS1-3-29-2016-0,2016-03-29,IS1,49.5581,-124.0249,WSGS84,300,CA,0
IS1-3-31-2022-0,2022-03-31,IS1,49.5583,-124.025,WSGS84,300,CA,0
IS1-3-7-2019-0,2019-03-07,IS1,49.5583,-124.025,WSGS84,300,CA,0
IS1-3-8-2018-0,2018-03-08,IS1,49.5583,-124.025,WSGS84,300,CA,0
IS1-3-9-2017-0,2017-03-09,IS1,49.5583,-124.025,WSGS84,300,CA,0
IS1-3-9-2023-0,2023-03-09,IS1,49.5583,-124.025,WSGS84,300,CA,0
IS1-4-1-2020-0,2020-04-01,IS1,49.5583,-124.025,WSGS84,300,CA,0
IS1-4-10-2016-0,2016-04-10,IS1,49.5583,-124.025,WSGS84,300,CA,0
IS1-4-11-2021-0,2021-04-11,IS1,49.5589,-124.0251,WSGS84,300,CA,0
IS1-4-12-2015-0,2015-04-12,IS1,49.5579,-124.025,WSGS84,300,CA,0
IS1-4-13-2023-0,2023-04-13,IS1,49.5583,-124.025,WSGS84,300,CA,0
IS1-4-14-2022-0,2022-04-14,IS1,49.5583,-124.025,WSGS84,300,CA,0
IS1-4-15-2017-0,2017-04-15,IS1,49.5576,-124.0254,WSGS84,300,CA,0
IS1-4-16-2019-0,2019-04-16,IS1,49.5583,-124.025,WSGS84,300,CA,0
IS1-4-17-2018-0,2018-04-17,IS1,49.5583,-124.025,WSGS84,300,CA,0
IS1-4-18-2016-0,2016-04-18,IS1,49.5583,-124.0247,WSGS84,300,CA,0
IS1-4-18-2021-0,2021-04-18,IS1,49.5586,-124.0249,WSGS84,300,CA,0
IS1-4-19-2015-0,2015-04-19,IS1,49.5581,-124.0243,WSGS84,300,CA,0
IS1-4-2-2015-0,2015-04-02,IS1,49.5598,-124.0263,WSGS84,300,CA,0
IS1-4-21-2023-0,2023-04-21,IS1,49.5583,-124.025,WSGS84,300,CA,0
IS1-4-22-2022-0,2022-04-22,IS1,49.5583,-124.025,WSGS84,300,CA,0
IS1-4-23-2020-0,2020-04-23,IS1,49.5583,-124.025,WSGS84,300,CA,0
IS1-4-24-2017-0,2017-04-24,IS1,49.5583,-124.025,WSGS84,300,CA,0
IS1-4-25-2019-0,2019-04-25,IS1,49.5583,-124.025,WSGS84,300,CA,0
IS1-4-26-2016-0,2016-04-26,IS1,49.5581,-124.0249,WSGS84,300,CA,0
IS1-4-26-2018-0,2018-04-26,IS1,49.5583,-124.025,WSGS84,300,CA,0
IS1-4-26-2023-0,2023-04-26,IS1,49.5583,-124.025,WSGS84,300,CA,0
IS1-4-3-2018-0,2018-04-03,IS1,49.5583,-124.025,WSGS84,300,CA,0
IS1-4-5-2021-0,2021-04-05,IS1,49.5586,-124.025,WSGS84,300,CA,0
IS1-4-6-2022-0,2022-04-06,IS1,49.5583,-124.025,WSGS84,300,CA,0
IS1-4-8-2019-0,2019-04-08,IS1,49.5583,-124.025,WSGS84,300,CA,0
IS1-5-10-2016-0,2016-05-10,IS1,49.5581,-124.0243,WSGS84,300,CA,0
IS1-5-10-2018-0,2018-05-10,IS1,49.5583,-124.025,WSGS84,300,CA,0
IS1-5-11-2015-0,2015-05-11,IS1,49.558,-124.0252,WSGS84,300,CA,0
IS1-5-11-2021-0,2021-05-11,IS1,49.5585,-124.0249,WSGS84,300,CA,0
IS1-5-14-2017-0,2017-05-14,IS1,49.5586,-124.0249,WSGS84,300,CA,0
IS1-5-14-2020-0,2020-05-14,IS1,49.5583,-124.025,WSGS84,300,CA,0
IS1-5-14-2022-0,2022-05-14,IS1,49.5583,-124.025,WSGS84,300,CA,0
IS1-5-17-2016-0,2016-05-17,IS1,49.5589,-124.0248,WSGS84,300,CA,0
IS1-5-17-2018-0,2018-05-17,IS1,49.5583,-124.025,WSGS84,300,CA,0
IS1-5-17-2021-0,2021-05-17,IS1,49.5585,-124.0255,WSGS84,300,CA,0
IS1-5-18-2015-0,2015-05-18,IS1,49.5578,-124.0244,WSGS84,300,CA,0
IS1-5-20-2022-0,2022-05-20,IS1,49.5583,-124.025,WSGS84,300,CA,0
IS1-5-21-2017-0,2017-05-21,IS1,49.5583,-124.025,WSGS84,300,CA,0
IS1-5-23-2019-0,2019-05-23,IS1,49.5583,-124.025,WSGS84,300,CA,0
IS1-5-24-2016-0,2016-05-24,IS1,49.5581,-124.0245,WSGS84,300,CA,0
IS1-5-26-2015-0,2015-05-26,IS1,49.5583,-124.025,WSGS84,300,CA,0
IS1-5-27-2023-0,2023-05-27,IS1,49.5583,-124.025,WSGS84,300,CA,0
IS1-5-31-2018-0,2018-05-31,IS1,49.5583,-124.025,WSGS84,300,CA,0
IS1-5-4-2023-0,2023-05-04,IS1,49.5583,-124.025,WSGS84,300,CA,0
IS1-5-8-2020-0,2020-05-08,IS1,49.5583,-124.025,WSGS84,300,CA,0
IS1-5-9-2019-0,2019-05-09,IS1,49.5583,-124.025,WSGS84,300,CA,0
IS1-6-12-2017-0,2017-06-12,IS1,49.5587,-124.0249,WSGS84,300,CA,0
IS1-6-13-2022-0,2022-06-13,IS1,49.5583,-124.025,WSGS84,300,CA,0
IS1-6-14-2018-0,2018-06-14,IS1,49.5583,-124.025,WSGS84,300,CA,0
IS1-6-15-2016-0,2016-06-15,IS1,49.5588,-124.0249,WSGS84,300,CA,0
IS1-6-15-2023-0,2023-06-15,IS1,49.5583,-124.025,WSGS84,300,CA,0
IS1-6-16-2021-0,2021-06-16,IS1,49.5582,-124.0248,WSGS84,300,CA,0
IS1-6-20-2018-0,2018-06-20,IS1,49.5583,-124.025,WSGS84,300,CA,0
IS1-6-20-2022-0,2022-06-20,IS1,49.5583,-124.025,WSGS84,300,CA,0
IS1-6-21-2019-0,2019-06-21,IS1,49.5583,-124.025,WSGS84,300,CA,0
IS1-6-23-2017-0,2017-06-23,IS1,49.5678,-124.033,WSGS84,300,CA,0
IS1-6-24-2015-0,2015-06-24,IS1,49.5577,-124.024,WSGS84,300,CA,0
IS1-6-26-2020-0,2020-06-26,IS1,49.5583,-124.025,WSGS84,300,CA,0
IS1-6-26-2023-0,2023-06-26,IS1,49.5583,-124.025,WSGS84,300,CA,0
IS1-6-28-2016-0,2016-06-28,IS1,49.5588,-124.0245,WSGS84,300,CA,0
IS1-6-4-2019-0,2019-06-04,IS1,49.5583,-124.025,WSGS84,300,CA,0
IS1-6-4-2020-0,2020-06-04,IS1,49.5583,-124.025,WSGS84,300,CA,0
IS1-6-6-2017-0,2017-06-06,IS1,49.5583,-124.0246,WSGS84,300,CA,0
IS1-6-7-2016-0,2016-06-07,IS1,49.5583,-124.025,WSGS84,300,CA,0
IS1-6-7-2018-0,2018-06-07,IS1,49.5583,-124.025,WSGS84,300,CA,0
IS1-6-9-2015-0,2015-06-09,IS1,49.5577,-124.0247,WSGS84,300,CA,0
IS1-6-9-2021-0,2021-06-09,IS1,49.559,-124.0252,WSGS84,300,CA,0
IS1-7-1-2015-0,2015-07-01,IS1,49.5579,-124.0254,WSGS84,300,CA,0
IS1-7-11-2018-0,2018-07-11,IS1,49.5583,-124.025,WSGS84,300,CA,0
IS1-7-11-2022-0,2022-07-11,IS1,49.5583,-124.025,WSGS84,300,CA,0
IS1-7-15-2015-0,2015-07-15,IS1,49.5577,-124.0243,WSGS84,300,CA,0
IS1-7-15-2023-0,2023-07-15,IS1,49.5583,-124.025,WSGS84,300,CA,0
IS1-7-17-2021-0,2021-07-17,IS1,49.5588,-124.0249,WSGS84,300,CA,0
IS1-7-18-2017-0,2017-07-18,IS1,49.5582,-124.0246,WSGS84,300,CA,0
IS1-7-18-2022-0,2022-07-18,IS1,49.5583,-124.025,WSGS84,300,CA,0
IS1-7-20-2016-0,2016-07-20,IS1,49.5586,-124.0246,WSGS84,300,CA,0
IS1-7-24-2019-0,2019-07-24,IS1,49.5583,-124.025,WSGS84,300,CA,0
IS1-7-25-2018-0,2018-07-25,IS1,49.5583,-124.025,WSGS84,300,CA,0
IS1-7-25-2020-0,2020-07-25,IS1,49.5583,-124.025,WSGS84,300,CA,0
IS1-7-26-2016-0,2016-07-26,IS1,49.5583,-124.025,WSGS84,300,CA,0
IS1-7-27-2023-0,2023-07-27,IS1,49.5583,-124.025,WSGS84,300,CA,0
IS1-7-3-2018-0,2018-07-03,IS1,49.5583,-124.025,WSGS84,300,CA,0
IS1-7-30-2017-0,2017-07-30,IS1,49.5586,-124.0248,WSGS84,300,CA,0
IS1-7-5-2016-0,2016-07-05,IS1,49.5583,-124.025,WSGS84,300,CA,0
IS1-7-5-2017-0,2017-07-05,IS1,49.5584,-124.0247,WSGS84,300,CA,0
IS1-7-5-2020-0,2020-07-05,IS1,49.5583,-124.025,WSGS84,300,CA,0
IS1-7-7-2021-0,2021-07-07,IS1,49.5584,-124.0247,WSGS84,300,CA,0
IS1-7-8-2019-0,2019-07-08,IS1,49.5583,-124.025,WSGS84,300,CA,0
IS1-8-14-2015-0,2015-08-14,IS1,49.559,-124.0249,WSGS84,300,CA,0
IS1-8-14-2017-0,2017-08-14,IS1,49.5583,-124.025,WSGS84,300,CA,0
IS1-8-15-2018-0,2018-08-15,IS1,49.5583,-124.025,WSGS84,300,CA,0
IS1-8-16-2022-0,2022-08-16,IS1,49.5583,-124.025,WSGS84,300,CA,0
IS1-8-16-2023-0,2023-08-16,IS1,49.5583,-124.025,WSGS84,300,CA,0
IS1-8-19-2019-0,2019-08-19,IS1,49.5583,-124.025,WSGS84,300,CA,0
IS1-8-2-2016-0,2016-08-02,IS1,49.5592,-124.0242,WSGS84,300,CA,0
IS1-8-20-2017-0,2017-08-20,IS1,49.5582,-124.0247,WSGS84,300,CA,0
IS1-8-22-2016-0,2016-08-22,IS1,49.5584,-124.0247,WSGS84,300,CA,0
IS1-8-22-2018-0,2018-08-22,IS1,49.5583,-124.025,WSGS84,300,CA,0
IS1-8-23-2023-0,2023-08-23,IS1,49.5583,-124.025,WSGS84,300,CA,0
IS1-8-25-2020-0,2020-08-25,IS1,49.5583,-124.025,WSGS84,300,CA,0
IS1-8-28-2021-0,2021-08-28,IS1,49.5587,-124.0247,WSGS84,300,CA,0
IS1-8-3-2018-0,2018-08-03,IS1,49.5583,-124.025,WSGS84,300,CA,0
IS1-8-5-2020-0,2020-08-05,IS1,49.5583,-124.025,WSGS84,300,CA,0
IS1-8-6-2015-0,2015-08-06,IS1,49.5585,-124.0249,WSGS84,300,CA,0
IS1-8-6-2019-0,2019-08-06,IS1,49.5583,-124.025,WSGS84,300,CA,0
IS1-8-9-2016-0,2016-08-09,IS1,49.5583,-124.025,WSGS84,300,CA,0
IS1-8-9-2017-0,2017-08-09,IS1,49.5583,-124.025,WSGS84,300,CA,0
IS1-8-9-2021-0,2021-08-09,IS1,49.5584,-124.0251,WSGS84,300,CA,0
IS1-8-9-2022-0,2022-08-09,IS1,49.5583,-124.025,WSGS84,300,CA,0
IS1-9-10-2022-0,2022-09-10,IS1,49.5583,-124.025,WSGS84,300,CA,0
IS1-9-14-2023-0,2023-09-14,IS1,49.5583,-124.025,WSGS84,300,CA,0
IS1-9-15-2022-0,2022-09-15,IS1,49.5583,-124.025,WSGS84,300,CA,0
IS1-9-16-2021-0,2021-09-16,IS1,49.5587,-124.0255,WSGS84,300,CA,0
IS1-9-17-2020-0,2020-09-17,IS1,49.5583,-124.025,WSGS84,300,CA,0
IS1-9-19-2019-0,2019-09-19,IS1,49.5583,-124.025,WSGS84,300,CA,0
IS1-9-2-2019-0,2019-09-02,IS1,49.5583,-124.025,WSGS84,300,CA,0
IS1-9-20-2023-0,2023-09-20,IS1,49.5583,-124.025,WSGS84,300,CA,0
IS1-9-21-2016-0,2016-09-21,IS1,49.5577,-124.0256,WSGS84,300,CA,0
IS1-9-21-2020-0,2020-09-21,IS1,49.5583,-124.025,WSGS84,300,CA,0
IS1-9-23-2021-0,2021-09-23,IS1,49.5584,-124.025,WSGS84,300,CA,0
IS1-9-24-2018-0,2018-09-24,IS1,49.5583,-124.025,WSGS84,300,CA,0
IS1-9-27-2017-0,2017-09-27,IS1,49.5582,-124.0248,WSGS84,300,CA,0
IS1-9-6-2017-0,2017-09-06,IS1,49.5582,-124.0248,WSGS84,300,CA,0
IS1-9-6-2018-0,2018-09-06,IS1,49.5583,-124.025,WSGS84,300,CA,0
IS1-9-9-2016-0,2016-09-09,IS1,49.5577,-124.0253,WSGS84,300,CA,0
IS2-1-15-2021-0,2021-01-15,IS2,49.6367,-124.0833,WSGS84,300,CA,0
IS2-1-15-2021-10,2021-01-15,IS2,49.6367,-124.0833,WSGS84,300,CA,10
IS2-1-15-2021-20,2021-01-15,IS2,49.6367,-124.0833,WSGS84,300,CA,20
IS2-1-15-2021-5,2021-01-15,IS2,49.6367,-124.0833,WSGS84,300,CA,5
IS2-1-15-2022-0,2022-01-15,IS2,49.6367,-124.0833,WSGS84,300,CA,0
IS2-1-15-2022-10,2022-01-15,IS2,49.6367,-124.0833,WSGS84,300,CA,10
IS2-1-15-2022-20,2022-01-15,IS2,49.6367,-124.0833,WSGS84,300,CA,20
IS2-1-15-2022-5,2022-01-15,IS2,49.6367,-124.0833,WSGS84,300,CA,5
IS2-1-21-2019-0,2019-01-21,IS2,49.6367,-124.0833,WSGS84,300,CA,0
IS2-1-21-2019-10,2019-01-21,IS2,49.6367,-124.0833,WSGS84,300,CA,10
IS2-1-21-2019-20,2019-01-21,IS2,49.6367,-124.0833,WSGS84,300,CA,20
IS2-1-21-2019-5,2019-01-21,IS2,49.6367,-124.0833,WSGS84,300,CA,5
IS2-10-1-2020-0,2020-10-01,IS2,49.6367,-124.0833,WSGS84,300,CA,0
IS2-10-1-2020-10,2020-10-01,IS2,49.6367,-124.0833,WSGS84,300,CA,10
IS2-10-1-2020-20,2020-10-01,IS2,49.6367,-124.0833,WSGS84,300,CA,20
IS2-10-1-2020-5,2020-10-01,IS2,49.6367,-124.0833,WSGS84,300,CA,5
IS2-10-10-2018-0,2018-10-10,IS2,49.6367,-124.0833,WSGS84,300,CA,0
IS2-10-10-2018-10,2018-10-10,IS2,49.6367,-124.0833,WSGS84,300,CA,10
IS2-10-10-2018-20,2018-10-10,IS2,49.6367,-124.0833,WSGS84,300,CA,20
IS2-10-10-2018-5,2018-10-10,IS2,49.6367,-124.0833,WSGS84,300,CA,5
IS2-10-12-2023-0,2023-10-12,IS2,49.6367,-124.0833,WSGS84,300,CA,0
IS2-10-12-2023-10,2023-10-12,IS2,49.6367,-124.0833,WSGS84,300,CA,10
IS2-10-12-2023-20,2023-10-12,IS2,49.6367,-124.0833,WSGS84,300,CA,20
IS2-10-12-2023-5,2023-10-12,IS2,49.6367,-124.0833,WSGS84,300,CA,5
IS2-10-18-2021-0,2021-10-18,IS2,49.6366,-124.0833,WSGS84,300,CA,0
IS2-10-18-2021-10,2021-10-18,IS2,49.6366,-124.0833,WSGS84,300,CA,10
IS2-10-18-2021-20,2021-10-18,IS2,49.6366,-124.0833,WSGS84,300,CA,20
IS2-10-18-2021-5,2021-10-18,IS2,49.6366,-124.0833,WSGS84,300,CA,5
IS2-10-19-2017-0,2017-10-19,IS2,49.6362,-124.0837,WSGS84,300,CA,0
IS2-10-19-2017-10,2017-10-19,IS2,49.6362,-124.0837,WSGS84,300,CA,10
IS2-10-19-2017-20,2017-10-19,IS2,49.6362,-124.0837,WSGS84,300,CA,20
IS2-10-19-2017-5,2017-10-19,IS2,49.6362,-124.0837,WSGS84,300,CA,5
IS2-10-5-2015-0,2015-10-05,IS2,49.6365,-124.0829,WSGS84,300,CA,0
IS2-10-5-2015-10,2015-10-05,IS2,49.6365,-124.0829,WSGS84,300,CA,10
IS2-10-5-2015-20,2015-10-05,IS2,49.6365,-124.0829,WSGS84,300,CA,20
IS2-10-5-2015-5,2015-10-05,IS2,49.6365,-124.0829,WSGS84,300,CA,5
IS2-10-7-2022-0,2022-10-07,IS2,49.6367,-124.0833,WSGS84,300,CA,0
IS2-10-7-2022-10,2022-10-07,IS2,49.6367,-124.0833,WSGS84,300,CA,10
IS2-10-7-2022-20,2022-10-07,IS2,49.6367,-124.0833,WSGS84,300,CA,20
IS2-10-7-2022-5,2022-10-07,IS2,49.6367,-124.0833,WSGS84,300,CA,5
IS2-10-9-2019-0,2019-10-09,IS2,49.6367,-124.0833,WSGS84,300,CA,0
IS2-10-9-2019-10,2019-10-09,IS2,49.6367,-124.0833,WSGS84,300,CA,10
IS2-10-9-2019-20,2019-10-09,IS2,49.6367,-124.0833,WSGS84,300,CA,20
IS2-10-9-2019-5,2019-10-09,IS2,49.6367,-124.0833,WSGS84,300,CA,5
IS2-11-13-2019-0,2019-11-13,IS2,49.6367,-124.0833,WSGS84,300,CA,0
IS2-11-13-2019-10,2019-11-13,IS2,49.6367,-124.0833,WSGS84,300,CA,10
IS2-11-13-2019-20,2019-11-13,IS2,49.6367,-124.0833,WSGS84,300,CA,20
IS2-11-13-2019-5,2019-11-13,IS2,49.6367,-124.0833,WSGS84,300,CA,5
IS2-11-29-2018-0,2018-11-29,IS2,49.6367,-124.0833,WSGS84,300,CA,0
IS2-11-29-2018-10,2018-11-29,IS2,49.6367,-124.0833,WSGS84,300,CA,10
IS2-11-29-2018-20,2018-11-29,IS2,49.6367,-124.0833,WSGS84,300,CA,20
IS2-11-29-2018-5,2018-11-29,IS2,49.6367,-124.0833,WSGS84,300,CA,5
IS2-12-5-2021-0,2021-12-05,IS2,49.6367,-124.0833,WSGS84,300,CA,0
IS2-12-5-2021-10,2021-12-05,IS2,49.6367,-124.0833,WSGS84,300,CA,10
IS2-12-5-2021-20,2021-12-05,IS2,49.6367,-124.0833,WSGS84,300,CA,20
IS2-12-5-2021-5,2021-12-05,IS2,49.6367,-124.0833,WSGS84,300,CA,5
IS2-12-8-2020-0,2020-12-08,IS2,49.6367,-124.0833,WSGS84,300,CA,0
IS2-12-8-2020-10,2020-12-08,IS2,49.6367,-124.0833,WSGS84,300,CA,10
IS2-12-8-2020-20,2020-12-08,IS2,49.6367,-124.0833,WSGS84,300,CA,20
IS2-12-8-2020-5,2020-12-08,IS2,49.6367,-124.0833,WSGS84,300,CA,5
IS2-2-22-2016-0,2016-02-22,IS2,49.6367,-124.0833,WSGS84,300,CA,0
IS2-2-22-2016-10,2016-02-22,IS2,49.6367,-124.0833,WSGS84,300,CA,10
IS2-2-22-2016-20,2016-02-22,IS2,49.6367,-124.0833,WSGS84,300,CA,20
IS2-2-22-2016-5,2016-02-22,IS2,49.6367,-124.0833,WSGS84,300,CA,5
IS2-2-22-2021-0,2021-02-22,IS2,49.6368,-124.0828,WSGS84,300,CA,0
IS2-2-22-2021-10,2021-02-22,IS2,49.6368,-124.0828,WSGS84,300,CA,10
IS2-2-22-2021-20,2021-02-22,IS2,49.6368,-124.0828,WSGS84,300,CA,20
IS2-2-22-2021-5,2021-02-22,IS2,49.6368,-124.0828,WSGS84,300,CA,5
IS2-2-23-2022-0,2022-02-23,IS2,49.6367,-124.0833,WSGS84,300,CA,0
IS2-2-23-2022-10,2022-02-23,IS2,49.6367,-124.0833,WSGS84,300,CA,10
IS2-2-23-2022-20,2022-02-23,IS2,49.6367,-124.0833,WSGS84,300,CA,20
IS2-2-23-2022-5,2022-02-23,IS2,49.6367,-124.0833,WSGS84,300,CA,5
IS2-2-27-2023-0,2023-02-27,IS2,49.6367,-124.0833,WSGS84,300,CA,0
IS2-2-27-2023-10,2023-02-27,IS2,49.6367,-124.0833,WSGS84,300,CA,10
IS2-2-27-2023-20,2023-02-27,IS2,49.6367,-124.0833,WSGS84,300,CA,20
IS2-2-27-2023-5,2023-02-27,IS2,49.6367,-124.0833,WSGS84,300,CA,5
IS2-2-28-2017-0,2017-02-28,IS2,49.6366,-124.0825,WSGS84,300,CA,0
IS2-2-28-2017-10,2017-02-28,IS2,49.6366,-124.0825,WSGS84,300,CA,10
IS2-2-28-2017-20,2017-02-28,IS2,49.6366,-124.0825,WSGS84,300,CA,20
IS2-2-28-2017-5,2017-02-28,IS2,49.6366,-124.0825,WSGS84,300,CA,5
IS2-2-28-2020-0,2020-02-28,IS2,49.6367,-124.0833,WSGS84,300,CA,0
IS2-2-28-2020-10,2020-02-28,IS2,49.6367,-124.0833,WSGS84,300,CA,10
IS2-2-28-2020-20,2020-02-28,IS2,49.6367,-124.0833,WSGS84,300,CA,20
IS2-2-28-2020-5,2020-02-28,IS2,49.6367,-124.0833,WSGS84,300,CA,5
IS2-3-10-2022-0,2022-03-10,IS2,49.6367,-124.0833,WSGS84,300,CA,0
IS2-3-10-2022-10,2022-03-10,IS2,49.6367,-124.0833,WSGS84,300,CA,10
IS2-3-10-2022-20,2022-03-10,IS2,49.6367,-124.0833,WSGS84,300,CA,20
IS2-3-10-2022-5,2022-03-10,IS2,49.6367,-124.0833,WSGS84,300,CA,5
IS2-3-11-2021-0,2021-03-11,IS2,49.637,-124.0832,WSGS84,300,CA,0
IS2-3-11-2021-10,2021-03-11,IS2,49.637,-124.0832,WSGS84,300,CA,10
IS2-3-11-2021-20,2021-03-11,IS2,49.637,-124.0832,WSGS84,300,CA,20
IS2-3-11-2021-5,2021-03-11,IS2,49.637,-124.0832,WSGS84,300,CA,5
IS2-3-12-2020-0,2020-03-12,IS2,49.6367,-124.0833,WSGS84,300,CA,0
IS2-3-12-2020-10,2020-03-12,IS2,49.6367,-124.0833,WSGS84,300,CA,10
IS2-3-12-2020-20,2020-03-12,IS2,49.6367,-124.0833,WSGS84,300,CA,20
IS2-3-12-2020-5,2020-03-12,IS2,49.6367,-124.0833,WSGS84,300,CA,5
IS2-3-13-2015-0,2015-03-13,IS2,49.6365,-124.0839,WSGS84,300,CA,0
IS2-3-15-2018-0,2018-03-15,IS2,49.6367,-124.0833,WSGS84,300,CA,0
IS2-3-15-2018-10,2018-03-15,IS2,49.6367,-124.0833,WSGS84,300,CA,10
IS2-3-15-2018-20,2018-03-15,IS2,49.6367,-124.0833,WSGS84,300,CA,20
IS2-3-15-2018-5,2018-03-15,IS2,49.6367,-124.0833,WSGS84,300,CA,5
IS2-3-15-2023-0,2023-03-15,IS2,49.6367,-124.0833,WSGS84,300,CA,0
IS2-3-15-2023-10,2023-03-15,IS2,49.6367,-124.0833,WSGS84,300,CA,10
IS2-3-15-2023-20,2023-03-15,IS2,49.6367,-124.0833,WSGS84,300,CA,20
IS2-3-15-2023-5,2023-03-15,IS2,49.6367,-124.0833,WSGS84,300,CA,5
IS2-3-16-2020-0,2020-03-16,IS2,49.6367,-124.0833,WSGS84,300,CA,0
IS2-3-16-2020-10,2020-03-16,IS2,49.6367,-124.0833,WSGS84,300,CA,10
IS2-3-16-2020-20,2020-03-16,IS2,49.6367,-124.0833,WSGS84,300,CA,20
IS2-3-16-2020-5,2020-03-16,IS2,49.6367,-124.0833,WSGS84,300,CA,5
IS2-3-16-2022-0,2022-03-16,IS2,49.6367,-124.0833,WSGS84,300,CA,0
IS2-3-16-2022-10,2022-03-16,IS2,49.6367,-124.0833,WSGS84,300,CA,10
IS2-3-16-2022-20,2022-03-16,IS2,49.6367,-124.0833,WSGS84,300,CA,20
IS2-3-16-2022-5,2022-03-16,IS2,49.6367,-124.0833,WSGS84,300,CA,5
IS2-3-17-2019-0,2019-03-17,IS2,49.6367,-124.0833,WSGS84,300,CA,0
IS2-3-17-2019-10,2019-03-17,IS2,49.6367,-124.0833,WSGS84,300,CA,10
IS2-3-17-2019-20,2019-03-17,IS2,49.6367,-124.0833,WSGS84,300,CA,20
IS2-3-17-2019-5,2019-03-17,IS2,49.6367,-124.0833,WSGS84,300,CA,5
IS2-3-18-2016-0,2016-03-18,IS2,49.6362,-124.0831,WSGS84,300,CA,0
IS2-3-18-2016-10,2016-03-18,IS2,49.6362,-124.0831,WSGS84,300,CA,10
IS2-3-18-2016-20,2016-03-18,IS2,49.6362,-124.0831,WSGS84,300,CA,20
IS2-3-18-2016-5,2016-03-18,IS2,49.6362,-124.0831,WSGS84,300,CA,5
IS2-3-19-2017-0,2017-03-19,IS2,49.6365,-124.0826,WSGS84,300,CA,0
IS2-3-19-2017-10,2017-03-19,IS2,49.6365,-124.0826,WSGS84,300,CA,10
IS2-3-19-2017-20,2017-03-19,IS2,49.6365,-124.0826,WSGS84,300,CA,20
IS2-3-19-2017-5,2017-03-19,IS2,49.6365,-124.0826,WSGS84,300,CA,5
IS2-3-19-2023-0,2023-03-19,IS2,49.6367,-124.0833,WSGS84,300,CA,0
IS2-3-19-2023-10,2023-03-19,IS2,49.6367,-124.0833,WSGS84,300,CA,10
IS2-3-19-2023-20,2023-03-19,IS2,49.6367,-124.0833,WSGS84,300,CA,20
IS2-3-19-2023-5,2023-03-19,IS2,49.6367,-124.0833,WSGS84,300,CA,5
IS2-3-21-2015-0,2015-03-21,IS2,49.6355,-124.0829,WSGS84,300,CA,0
IS2-3-23-2021-0,2021-03-23,IS2,49.6362,-124.0831,WSGS84,300,CA,0
IS2-3-23-2021-10,2021-03-23,IS2,49.6362,-124.0831,WSGS84,300,CA,10
IS2-3-23-2021-20,2021-03-23,IS2,49.6362,-124.0831,WSGS84,300,CA,20
IS2-3-23-2021-5,2021-03-23,IS2,49.6362,-124.0831,WSGS84,300,CA,5
IS2-3-24-2020-0,2020-03-24,IS2,49.6367,-124.0833,WSGS84,300,CA,0
IS2-3-24-2020-10,2020-03-24,IS2,49.6367,-124.0833,WSGS84,300,CA,10
IS2-3-24-2020-20,2020-03-24,IS2,49.6367,-124.0833,WSGS84,300,CA,20
IS2-3-24-2020-5,2020-03-24,IS2,49.6367,-124.0833,WSGS84,300,CA,5
IS2-3-24-2022-0,2022-03-24,IS2,49.6367,-124.0833,WSGS84,300,CA,0
IS2-3-24-2022-10,2022-03-24,IS2,49.6367,-124.0833,WSGS84,300,CA,10
IS2-3-24-2022-20,2022-03-24,IS2,49.6367,-124.0833,WSGS84,300,CA,20
IS2-3-24-2022-5,2022-03-24,IS2,49.6367,-124.0833,WSGS84,300,CA,5
IS2-3-26-2021-0,2021-03-26,IS2,49.6365,-124.0833,WSGS84,300,CA,0
IS2-3-26-2021-10,2021-03-26,IS2,49.6365,-124.0833,WSGS84,300,CA,10
IS2-3-26-2021-20,2021-03-26,IS2,49.6365,-124.0833,WSGS84,300,CA,20
IS2-3-26-2021-5,2021-03-26,IS2,49.6365,-124.0833,WSGS84,300,CA,5
IS2-3-27-2018-0,2018-03-27,IS2,49.6367,-124.0833,WSGS84,300,CA,0
IS2-3-27-2018-10,2018-03-27,IS2,49.6367,-124.0833,WSGS84,300,CA,10
IS2-3-27-2018-20,2018-03-27,IS2,49.6367,-124.0833,WSGS84,300,CA,20
IS2-3-27-2018-5,2018-03-27,IS2,49.6367,-124.0833,WSGS84,300,CA,5
IS2-3-28-2019-0,2019-03-28,IS2,49.6367,-124.0833,WSGS84,300,CA,0
IS2-3-28-2019-10,2019-03-28,IS2,49.6367,-124.0833,WSGS84,300,CA,10
IS2-3-28-2019-20,2019-03-28,IS2,49.6367,-124.0833,WSGS84,300,CA,20
IS2-3-28-2019-5,2019-03-28,IS2,49.6367,-124.0833,WSGS84,300,CA,5
IS2-3-28-2023-0,2023-03-28,IS2,49.6367,-124.0833,WSGS84,300,CA,0
IS2-3-28-2023-10,2023-03-28,IS2,49.6367,-124.0833,WSGS84,300,CA,10
IS2-3-28-2023-20,2023-03-28,IS2,49.6367,-124.0833,WSGS84,300,CA,20
IS2-3-28-2023-5,2023-03-28,IS2,49.6367,-124.0833,WSGS84,300,CA,5
IS2-3-29-2016-0,2016-03-29,IS2,49.636,-124.0829,WSGS84,300,CA,0
IS2-3-29-2016-10,2016-03-29,IS2,49.636,-124.0829,WSGS84,300,CA,10
IS2-3-29-2016-20,2016-03-29,IS2,49.636,-124.0829,WSGS84,300,CA,20
IS2-3-29-2016-5,2016-03-29,IS2,49.636,-124.0829,WSGS84,300,CA,5
IS2-3-31-2022-0,2022-03-31,IS2,49.6367,-124.0833,WSGS84,300,CA,0
IS2-3-31-2022-10,2022-03-31,IS2,49.6367,-124.0833,WSGS84,300,CA,10
IS2-3-31-2022-20,2022-03-31,IS2,49.6367,-124.0833,WSGS84,300,CA,20
IS2-3-31-2022-5,2022-03-31,IS2,49.6367,-124.0833,WSGS84,300,CA,5
IS2-3-7-2019-0,2019-03-07,IS2,49.6367,-124.0833,WSGS84,300,CA,0
IS2-3-7-2019-10,2019-03-07,IS2,49.6367,-124.0833,WSGS84,300,CA,10
IS2-3-7-2019-20,2019-03-07,IS2,49.6367,-124.0833,WSGS84,300,CA,20
IS2-3-7-2019-5,2019-03-07,IS2,49.6367,-124.0833,WSGS84,300,CA,5
IS2-3-8-2018-0,2018-03-08,IS2,49.6367,-124.0833,WSGS84,300,CA,0
IS2-3-8-2018-10,2018-03-08,IS2,49.6367,-124.0833,WSGS84,300,CA,10
IS2-3-8-2018-20,2018-03-08,IS2,49.6367,-124.0833,WSGS84,300,CA,20
IS2-3-8-2018-5,2018-03-08,IS2,49.6367,-124.0833,WSGS84,300,CA,5
IS2-3-9-2017-0,2017-03-09,IS2,49.6364,-124.0827,WSGS84,300,CA,0
IS2-3-9-2023-0,2023-03-09,IS2,49.6367,-124.0833,WSGS84,300,CA,0
IS2-3-9-2023-10,2023-03-09,IS2,49.6367,-124.0833,WSGS84,300,CA,10
IS2-3-9-2023-20,2023-03-09,IS2,49.6367,-124.0833,WSGS84,300,CA,20
IS2-3-9-2023-5,2023-03-09,IS2,49.6367,-124.0833,WSGS84,300,CA,5
IS2-4-1-2020-0,2020-04-01,IS2,49.6367,-124.0833,WSGS84,300,CA,0
IS2-4-1-2020-10,2020-04-01,IS2,49.6367,-124.0833,WSGS84,300,CA,10
IS2-4-1-2020-20,2020-04-01,IS2,49.6367,-124.0833,WSGS84,300,CA,20
IS2-4-1-2020-5,2020-04-01,IS2,49.6367,-124.0833,WSGS84,300,CA,5
IS2-4-10-2016-0,2016-04-10,IS2,49.6367,-124.0833,WSGS84,300,CA,0
IS2-4-10-2016-10,2016-04-10,IS2,49.6367,-124.0833,WSGS84,300,CA,10
IS2-4-10-2016-20,2016-04-10,IS2,49.6367,-124.0833,WSGS84,300,CA,20
IS2-4-10-2016-5,2016-04-10,IS2,49.6367,-124.0833,WSGS84,300,CA,5
IS2-4-11-2021-0,2021-04-11,IS2,49.6367,-124.0828,WSGS84,300,CA,0
IS2-4-11-2021-10,2021-04-11,IS2,49.6367,-124.0828,WSGS84,300,CA,10
IS2-4-11-2021-20,2021-04-11,IS2,49.6367,-124.0828,WSGS84,300,CA,20
IS2-4-11-2021-5,2021-04-11,IS2,49.6367,-124.0828,WSGS84,300,CA,5
IS2-4-12-2015-0,2015-04-12,IS2,49.6364,-124.0829,WSGS84,300,CA,0
IS2-4-13-2023-0,2023-04-13,IS2,49.6367,-124.0833,WSGS84,300,CA,0
IS2-4-13-2023-10,2023-04-13,IS2,49.6367,-124.0833,WSGS84,300,CA,10
IS2-4-13-2023-20,2023-04-13,IS2,49.6367,-124.0833,WSGS84,300,CA,20
IS2-4-13-2023-5,2023-04-13,IS2,49.6367,-124.0833,WSGS84,300,CA,5
IS2-4-14-2022-0,2022-04-14,IS2,49.6367,-124.0833,WSGS84,300,CA,0
IS2-4-14-2022-10,2022-04-14,IS2,49.6367,-124.0833,WSGS84,300,CA,10
IS2-4-14-2022-20,2022-04-14,IS2,49.6367,-124.0833,WSGS84,300,CA,20
IS2-4-14-2022-5,2022-04-14,IS2,49.6367,-124.0833,WSGS84,300,CA,5
IS2-4-15-2017-0,2017-04-15,IS2,49.6365,-124.0827,WSGS84,300,CA,0
IS2-4-16-2019-0,2019-04-16,IS2,49.6367,-124.0833,WSGS84,300,CA,0
IS2-4-16-2019-10,2019-04-16,IS2,49.6367,-124.0833,WSGS84,300,CA,10
IS2-4-16-2019-20,2019-04-16,IS2,49.6367,-124.0833,WSGS84,300,CA,20
IS2-4-16-2019-5,2019-04-16,IS2,49.6367,-124.0833,WSGS84,300,CA,5
IS2-4-17-2018-0,2018-04-17,IS2,49.6367,-124.0833,WSGS84,300,CA,0
IS2-4-17-2018-10,2018-04-17,IS2,49.6367,-124.0833,WSGS84,300,CA,10
IS2-4-17-2018-20,2018-04-17,IS2,49.6367,-124.0833,WSGS84,300,CA,20
IS2-4-17-2018-5,2018-04-17,IS2,49.6367,-124.0833,WSGS84,300,CA,5
IS2-4-18-2016-0,2016-04-18,IS2,49.6364,-124.0827,WSGS84,300,CA,0
IS2-4-18-2016-10,2016-04-18,IS2,49.6364,-124.0827,WSGS84,300,CA,10
IS2-4-18-2016-20,2016-04-18,IS2,49.6364,-124.0827,WSGS84,300,CA,20
IS2-4-18-2016-5,2016-04-18,IS2,49.6364,-124.0827,WSGS84,300,CA,5
IS2-4-18-2021-0,2021-04-18,IS2,49.6366,-124.0829,WSGS84,300,CA,0
IS2-4-18-2021-10,2021-04-18,IS2,49.6366,-124.0829,WSGS84,300,CA,10
IS2-4-18-2021-20,2021-04-18,IS2,49.6366,-124.0829,WSGS84,300,CA,20
IS2-4-18-2021-5,2021-04-18,IS2,49.6366,-124.0829,WSGS84,300,CA,5
IS2-4-19-2015-0,2015-04-19,IS2,49.6357,-124.0809,WSGS84,300,CA,0
IS2-4-19-2015-10,2015-04-19,IS2,49.6357,-124.0809,WSGS84,300,CA,10
IS2-4-19-2015-20,2015-04-19,IS2,49.6357,-124.0809,WSGS84,300,CA,20
IS2-4-19-2015-5,2015-04-19,IS2,49.6357,-124.0809,WSGS84,300,CA,5
IS2-4-2-2015-0,2015-04-02,IS2,49.6372,-124.0847,WSGS84,300,CA,0
IS2-4-21-2023-0,2023-04-21,IS2,49.6367,-124.0833,WSGS84,300,CA,0
IS2-4-21-2023-10,2023-04-21,IS2,49.6367,-124.0833,WSGS84,300,CA,10
IS2-4-21-2023-20,2023-04-21,IS2,49.6367,-124.0833,WSGS84,300,CA,20
IS2-4-21-2023-5,2023-04-21,IS2,49.6367,-124.0833,WSGS84,300,CA,5
IS2-4-22-2022-0,2022-04-22,IS2,49.6367,-124.0833,WSGS84,300,CA,0
IS2-4-22-2022-10,2022-04-22,IS2,49.6367,-124.0833,WSGS84,300,CA,10
IS2-4-22-2022-20,2022-04-22,IS2,49.6367,-124.0833,WSGS84,300,CA,20
IS2-4-22-2022-5,2022-04-22,IS2,49.6367,-124.0833,WSGS84,300,CA,5
IS2-4-23-2020-0,2020-04-23,IS2,49.6367,-124.0833,WSGS84,300,CA,0
IS2-4-23-2020-10,2020-04-23,IS2,49.6367,-124.0833,WSGS84,300,CA,10
IS2-4-23-2020-20,2020-04-23,IS2,49.6367,-124.0833,WSGS84,300,CA,20
IS2-4-23-2020-5,2020-04-23,IS2,49.6367,-124.0833,WSGS84,300,CA,5
IS2-4-24-2017-0,2017-04-24,IS2,49.6367,-124.0833,WSGS84,300,CA,0
IS2-4-25-2019-0,2019-04-25,IS2,49.6367,-124.0833,WSGS84,300,CA,0
IS2-4-25-2019-10,2019-04-25,IS2,49.6367,-124.0833,WSGS84,300,CA,10
IS2-4-25-2019-20,2019-04-25,IS2,49.6367,-124.0833,WSGS84,300,CA,20
IS2-4-25-2019-5,2019-04-25,IS2,49.6367,-124.0833,WSGS84,300,CA,5
IS2-4-26-2016-0,2016-04-26,IS2,49.6367,-124.0821,WSGS84,300,CA,0
IS2-4-26-2016-10,2016-04-26,IS2,49.6367,-124.0821,WSGS84,300,CA,10
IS2-4-26-2016-20,2016-04-26,IS2,49.6367,-124.0821,WSGS84,300,CA,20
IS2-4-26-2016-5,2016-04-26,IS2,49.6367,-124.0821,WSGS84,300,CA,5
IS2-4-26-2018-0,2018-04-26,IS2,49.6367,-124.0833,WSGS84,300,CA,0
IS2-4-26-2018-10,2018-04-26,IS2,49.6367,-124.0833,WSGS84,300,CA,10
IS2-4-26-2018-20,2018-04-26,IS2,49.6367,-124.0833,WSGS84,300,CA,20
IS2-4-26-2018-5,2018-04-26,IS2,49.6367,-124.0833,WSGS84,300,CA,5
IS2-4-26-2023-0,2023-04-26,IS2,49.6367,-124.0833,WSGS84,300,CA,0
IS2-4-26-2023-10,2023-04-26,IS2,49.6367,-124.0833,WSGS84,300,CA,10
IS2-4-26-2023-20,2023-04-26,IS2,49.6367,-124.0833,WSGS84,300,CA,20
IS2-4-26-2023-5,2023-04-26,IS2,49.6367,-124.0833,WSGS84,300,CA,5
IS2-4-3-2018-0,2018-04-03,IS2,49.6367,-124.0833,WSGS84,300,CA,0
IS2-4-3-2018-10,2018-04-03,IS2,49.6367,-124.0833,WSGS84,300,CA,10
IS2-4-3-2018-20,2018-04-03,IS2,49.6367,-124.0833,WSGS84,300,CA,20
IS2-4-3-2018-5,2018-04-03,IS2,49.6367,-124.0833,WSGS84,300,CA,5
IS2-4-5-2021-0,2021-04-05,IS2,49.6367,-124.0832,WSGS84,300,CA,0
IS2-4-5-2021-10,2021-04-05,IS2,49.6367,-124.0832,WSGS84,300,CA,10
IS2-4-5-2021-20,2021-04-05,IS2,49.6367,-124.0832,WSGS84,300,CA,20
IS2-4-5-2021-5,2021-04-05,IS2,49.6367,-124.0832,WSGS84,300,CA,5
IS2-4-6-2022-0,2022-04-06,IS2,49.6367,-124.0833,WSGS84,300,CA,0
IS2-4-6-2022-10,2022-04-06,IS2,49.6367,-124.0833,WSGS84,300,CA,10
IS2-4-6-2022-20,2022-04-06,IS2,49.6367,-124.0833,WSGS84,300,CA,20
IS2-4-6-2022-5,2022-04-06,IS2,49.6367,-124.0833,WSGS84,300,CA,5
IS2-4-8-2019-0,2019-04-08,IS2,49.6367,-124.0833,WSGS84,300,CA,0
IS2-4-8-2019-10,2019-04-08,IS2,49.6367,-124.0833,WSGS84,300,CA,10
IS2-4-8-2019-20,2019-04-08,IS2,49.6367,-124.0833,WSGS84,300,CA,20
IS2-4-8-2019-5,2019-04-08,IS2,49.6367,-124.0833,WSGS84,300,CA,5
IS2-5-10-2016-0,2016-05-10,IS2,49.6369,-124.0825,WSGS84,300,CA,0
IS2-5-10-2016-10,2016-05-10,IS2,49.6369,-124.0825,WSGS84,300,CA,10
IS2-5-10-2016-20,2016-05-10,IS2,49.6369,-124.0825,WSGS84,300,CA,20
IS2-5-10-2016-5,2016-05-10,IS2,49.6369,-124.0825,WSGS84,300,CA,5
IS2-5-10-2018-0,2018-05-10,IS2,49.6367,-124.0833,WSGS84,300,CA,0
IS2-5-10-2018-10,2018-05-10,IS2,49.6367,-124.0833,WSGS84,300,CA,10
IS2-5-10-2018-20,2018-05-10,IS2,49.6367,-124.0833,WSGS84,300,CA,20
IS2-5-10-2018-5,2018-05-10,IS2,49.6367,-124.0833,WSGS84,300,CA,5
IS2-5-11-2015-0,2015-05-11,IS2,49.6363,-124.0828,WSGS84,300,CA,0
IS2-5-11-2021-0,2021-05-11,IS2,49.6369,-124.0826,WSGS84,300,CA,0
IS2-5-11-2021-10,2021-05-11,IS2,49.6369,-124.0826,WSGS84,300,CA,10
IS2-5-11-2021-20,2021-05-11,IS2,49.6369,-124.0826,WSGS84,300,CA,20
IS2-5-11-2021-5,2021-05-11,IS2,49.6369,-124.0826,WSGS84,300,CA,5
IS2-5-14-2017-0,2017-05-14,IS2,49.6367,-124.083,WSGS84,300,CA,0
IS2-5-14-2017-10,2017-05-14,IS2,49.6367,-124.083,WSGS84,300,CA,10
IS2-5-14-2017-20,2017-05-14,IS2,49.6367,-124.083,WSGS84,300,CA,20
IS2-5-14-2017-5,2017-05-14,IS2,49.6367,-124.083,WSGS84,300,CA,5
IS2-5-14-2020-0,2020-05-14,IS2,49.6367,-124.0833,WSGS84,300,CA,0
IS2-5-14-2020-10,2020-05-14,IS2,49.6367,-124.0833,WSGS84,300,CA,10
IS2-5-14-2020-20,2020-05-14,IS2,49.6367,-124.0833,WSGS84,300,CA,20
IS2-5-14-2020-5,2020-05-14,IS2,49.6367,-124.0833,WSGS84,300,CA,5
IS2-5-14-2022-0,2022-05-14,IS2,49.6367,-124.0833,WSGS84,300,CA,0
IS2-5-14-2022-10,2022-05-14,IS2,49.6367,-124.0833,WSGS84,300,CA,10
IS2-5-14-2022-20,2022-05-14,IS2,49.6367,-124.0833,WSGS84,300,CA,20
IS2-5-14-2022-5,2022-05-14,IS2,49.6367,-124.0833,WSGS84,300,CA,5
IS2-5-17-2016-0,2016-05-17,IS2,49.6369,-124.0823,WSGS84,300,CA,0
IS2-5-17-2016-10,2016-05-17,IS2,49.6369,-124.0823,WSGS84,300,CA,10
IS2-5-17-2016-20,2016-05-17,IS2,49.6369,-124.0823,WSGS84,300,CA,20
IS2-5-17-2016-5,2016-05-17,IS2,49.6369,-124.0823,WSGS84,300,CA,5
IS2-5-17-2018-0,2018-05-17,IS2,49.6367,-124.0833,WSGS84,300,CA,0
IS2-5-17-2018-10,2018-05-17,IS2,49.6367,-124.0833,WSGS84,300,CA,10
IS2-5-17-2018-20,2018-05-17,IS2,49.6367,-124.0833,WSGS84,300,CA,20
IS2-5-17-2018-5,2018-05-17,IS2,49.6367,-124.0833,WSGS84,300,CA,5
IS2-5-17-2021-0,2021-05-17,IS2,49.6366,-124.0825,WSGS84,300,CA,0
IS2-5-17-2021-10,2021-05-17,IS2,49.6366,-124.0825,WSGS84,300,CA,10
IS2-5-17-2021-20,2021-05-17,IS2,49.6366,-124.0825,WSGS84,300,CA,20
IS2-5-17-2021-5,2021-05-17,IS2,49.6366,-124.0825,WSGS84,300,CA,5
IS2-5-18-2015-0,2015-05-18,IS2,49.6362,-124.0827,WSGS84,300,CA,0
IS2-5-18-2015-10,2015-05-18,IS2,49.6362,-124.0827,WSGS84,300,CA,10
IS2-5-18-2015-20,2015-05-18,IS2,49.6362,-124.0827,WSGS84,300,CA,20
IS2-5-18-2015-5,2015-05-18,IS2,49.6362,-124.0827,WSGS84,300,CA,5
IS2-5-20-2022-0,2022-05-20,IS2,49.6367,-124.0833,WSGS84,300,CA,0
IS2-5-20-2022-10,2022-05-20,IS2,49.6367,-124.0833,WSGS84,300,CA,10
IS2-5-20-2022-20,2022-05-20,IS2,49.6367,-124.0833,WSGS84,300,CA,20
IS2-5-20-2022-5,2022-05-20,IS2,49.6367,-124.0833,WSGS84,300,CA,5
IS2-5-21-2017-0,2017-05-21,IS2,49.637,-124.0828,WSGS84,300,CA,0
IS2-5-21-2017-10,2017-05-21,IS2,49.637,-124.0828,WSGS84,300,CA,10
IS2-5-21-2017-20,2017-05-21,IS2,49.637,-124.0828,WSGS84,300,CA,20
IS2-5-21-2017-5,2017-05-21,IS2,49.637,-124.0828,WSGS84,300,CA,5
IS2-5-23-2019-0,2019-05-23,IS2,49.6367,-124.0833,WSGS84,300,CA,0
IS2-5-23-2019-10,2019-05-23,IS2,49.6367,-124.0833,WSGS84,300,CA,10
IS2-5-23-2019-20,2019-05-23,IS2,49.6367,-124.0833,WSGS84,300,CA,20
IS2-5-23-2019-5,2019-05-23,IS2,49.6367,-124.0833,WSGS84,300,CA,5
IS2-5-24-2016-0,2016-05-24,IS2,49.6367,-124.0833,WSGS84,300,CA,0
IS2-5-24-2016-10,2016-05-24,IS2,49.6367,-124.0833,WSGS84,300,CA,10
IS2-5-24-2016-20,2016-05-24,IS2,49.6367,-124.0833,WSGS84,300,CA,20
IS2-5-24-2016-5,2016-05-24,IS2,49.6367,-124.0833,WSGS84,300,CA,5
IS2-5-26-2015-0,2015-05-26,IS2,49.6367,-124.0833,WSGS84,300,CA,0
IS2-5-26-2015-10,2015-05-26,IS2,49.6367,-124.0833,WSGS84,300,CA,10
IS2-5-26-2015-20,2015-05-26,IS2,49.6367,-124.0833,WSGS84,300,CA,20
IS2-5-26-2015-5,2015-05-26,IS2,49.6367,-124.0833,WSGS84,300,CA,5
IS2-5-27-2023-0,2023-05-27,IS2,49.6367,-124.0833,WSGS84,300,CA,0
IS2-5-27-2023-10,2023-05-27,IS2,49.6367,-124.0833,WSGS84,300,CA,10
IS2-5-27-2023-20,2023-05-27,IS2,49.6367,-124.0833,WSGS84,300,CA,20
IS2-5-27-2023-5,2023-05-27,IS2,49.6367,-124.0833,WSGS84,300,CA,5
IS2-5-31-2018-0,2018-05-31,IS2,49.6367,-124.0833,WSGS84,300,CA,0
IS2-5-31-2018-10,2018-05-31,IS2,49.6367,-124.0833,WSGS84,300,CA,10
IS2-5-31-2018-20,2018-05-31,IS2,49.6367,-124.0833,WSGS84,300,CA,20
IS2-5-31-2018-5,2018-05-31,IS2,49.6367,-124.0833,WSGS84,300,CA,5
IS2-5-4-2023-0,2023-05-04,IS2,49.6367,-124.0833,WSGS84,300,CA,0
IS2-5-4-2023-10,2023-05-04,IS2,49.6367,-124.0833,WSGS84,300,CA,10
IS2-5-4-2023-20,2023-05-04,IS2,49.6367,-124.0833,WSGS84,300,CA,20
IS2-5-4-2023-5,2023-05-04,IS2,49.6367,-124.0833,WSGS84,300,CA,5
IS2-5-8-2020-0,2020-05-08,IS2,49.6367,-124.0833,WSGS84,300,CA,0
IS2-5-8-2020-10,2020-05-08,IS2,49.6367,-124.0833,WSGS84,300,CA,10
IS2-5-8-2020-20,2020-05-08,IS2,49.6367,-124.0833,WSGS84,300,CA,20
IS2-5-8-2020-5,2020-05-08,IS2,49.6367,-124.0833,WSGS84,300,CA,5
IS2-5-9-2019-0,2019-05-09,IS2,49.6367,-124.0833,WSGS84,300,CA,0
IS2-5-9-2019-10,2019-05-09,IS2,49.6367,-124.0833,WSGS84,300,CA,10
IS2-5-9-2019-20,2019-05-09,IS2,49.6367,-124.0833,WSGS84,300,CA,20
IS2-5-9-2019-5,2019-05-09,IS2,49.6367,-124.0833,WSGS84,300,CA,5
IS2-6-12-2017-0,2017-06-12,IS2,49.6372,-124.0827,WSGS84,300,CA,0
IS2-6-12-2017-10,2017-06-12,IS2,49.6372,-124.0827,WSGS84,300,CA,10
IS2-6-12-2017-20,2017-06-12,IS2,49.6372,-124.0827,WSGS84,300,CA,20
IS2-6-12-2017-5,2017-06-12,IS2,49.6372,-124.0827,WSGS84,300,CA,5
IS2-6-13-2022-0,2022-06-13,IS2,49.6367,-124.0833,WSGS84,300,CA,0
IS2-6-13-2022-10,2022-06-13,IS2,49.6367,-124.0833,WSGS84,300,CA,10
IS2-6-13-2022-20,2022-06-13,IS2,49.6367,-124.0833,WSGS84,300,CA,20
IS2-6-13-2022-5,2022-06-13,IS2,49.6367,-124.0833,WSGS84,300,CA,5
IS2-6-14-2018-0,2018-06-14,IS2,49.6367,-124.0833,WSGS84,300,CA,0
IS2-6-14-2018-10,2018-06-14,IS2,49.6367,-124.0833,WSGS84,300,CA,10
IS2-6-14-2018-20,2018-06-14,IS2,49.6367,-124.0833,WSGS84,300,CA,20
IS2-6-14-2018-5,2018-06-14,IS2,49.6367,-124.0833,WSGS84,300,CA,5
IS2-6-15-2015-0,2015-06-15,IS2,49.6368,-124.0823,WSGS84,300,CA,0
IS2-6-15-2015-20,2015-06-15,IS2,49.6368,-124.0823,WSGS84,300,CA,20
IS2-6-15-2015-5,2015-06-15,IS2,49.6368,-124.0823,WSGS84,300,CA,5
IS2-6-15-2016-0,2016-06-15,IS2,49.6374,-124.0835,WSGS84,300,CA,0
IS2-6-15-2016-10,2016-06-15,IS2,49.6374,-124.0835,WSGS84,300,CA,10
IS2-6-15-2016-20,2016-06-15,IS2,49.6374,-124.0835,WSGS84,300,CA,20
IS2-6-15-2016-5,2016-06-15,IS2,49.6374,-124.0835,WSGS84,300,CA,5
IS2-6-15-2023-0,2023-06-15,IS2,49.6367,-124.0833,WSGS84,300,CA,0
IS2-6-15-2023-10,2023-06-15,IS2,49.6367,-124.0833,WSGS84,300,CA,10
IS2-6-15-2023-20,2023-06-15,IS2,49.6367,-124.0833,WSGS84,300,CA,20
IS2-6-15-2023-5,2023-06-15,IS2,49.6367,-124.0833,WSGS84,300,CA,5
IS2-6-16-2021-0,2021-06-16,IS2,49.6368,-124.0831,WSGS84,300,CA,0
IS2-6-16-2021-10,2021-06-16,IS2,49.6368,-124.0831,WSGS84,300,CA,10
IS2-6-16-2021-20,2021-06-16,IS2,49.6368,-124.0831,WSGS84,300,CA,20
IS2-6-16-2021-5,2021-06-16,IS2,49.6368,-124.0831,WSGS84,300,CA,5
IS2-6-20-2018-0,2018-06-20,IS2,49.6367,-124.0833,WSGS84,300,CA,0
IS2-6-20-2018-10,2018-06-20,IS2,49.6367,-124.0833,WSGS84,300,CA,10
IS2-6-20-2018-20,2018-06-20,IS2,49.6367,-124.0833,WSGS84,300,CA,20
IS2-6-20-2018-5,2018-06-20,IS2,49.6367,-124.0833,WSGS84,300,CA,5
IS2-6-20-2022-0,2022-06-20,IS2,49.6367,-124.0833,WSGS84,300,CA,0
IS2-6-20-2022-10,2022-06-20,IS2,49.6367,-124.0833,WSGS84,300,CA,10
IS2-6-20-2022-20,2022-06-20,IS2,49.6367,-124.0833,WSGS84,300,CA,20
IS2-6-20-2022-5,2022-06-20,IS2,49.6367,-124.0833,WSGS84,300,CA,5
IS2-6-21-2019-0,2019-06-21,IS2,49.6367,-124.0833,WSGS84,300,CA,0
IS2-6-21-2019-10,2019-06-21,IS2,49.6367,-124.0833,WSGS84,300,CA,10
IS2-6-21-2019-20,2019-06-21,IS2,49.6367,-124.0833,WSGS84,300,CA,20
IS2-6-21-2019-5,2019-06-21,IS2,49.6367,-124.0833,WSGS84,300,CA,5
IS2-6-23-2017-0,2017-06-23,IS2,49.6368,-124.0834,WSGS84,300,CA,0
IS2-6-23-2017-10,2017-06-23,IS2,49.6368,-124.0834,WSGS84,300,CA,10
IS2-6-23-2017-20,2017-06-23,IS2,49.6368,-124.0834,WSGS84,300,CA,20
IS2-6-23-2017-5,2017-06-23,IS2,49.6368,-124.0834,WSGS84,300,CA,5
IS2-6-24-2015-0,2015-06-24,IS2,49.6363,-124.0833,WSGS84,300,CA,0
IS2-6-24-2015-10,2015-06-24,IS2,49.6363,-124.0833,WSGS84,300,CA,10
IS2-6-24-2015-20,2015-06-24,IS2,49.6363,-124.0833,WSGS84,300,CA,20
IS2-6-24-2015-5,2015-06-24,IS2,49.6363,-124.0833,WSGS84,300,CA,5
IS2-6-26-2020-0,2020-06-26,IS2,49.6367,-124.0833,WSGS84,300,CA,0
IS2-6-26-2020-10,2020-06-26,IS2,49.6367,-124.0833,WSGS84,300,CA,10
IS2-6-26-2020-20,2020-06-26,IS2,49.6367,-124.0833,WSGS84,300,CA,20
IS2-6-26-2020-5,2020-06-26,IS2,49.6367,-124.0833,WSGS84,300,CA,5
IS2-6-26-2023-0,2023-06-26,IS2,49.6367,-124.0833,WSGS84,300,CA,0
IS2-6-26-2023-10,2023-06-26,IS2,49.6367,-124.0833,WSGS84,300,CA,10
IS2-6-26-2023-20,2023-06-26,IS2,49.6367,-124.0833,WSGS84,300,CA,20
IS2-6-26-2023-5,2023-06-26,IS2,49.6367,-124.0833,WSGS84,300,CA,5
IS2-6-28-2016-0,2016-06-28,IS2,49.6364,-124.0827,WSGS84,300,CA,0
IS2-6-28-2016-10,2016-06-28,IS2,49.6364,-124.0827,WSGS84,300,CA,10
IS2-6-28-2016-20,2016-06-28,IS2,49.6364,-124.0827,WSGS84,300,CA,20
IS2-6-28-2016-5,2016-06-28,IS2,49.6364,-124.0827,WSGS84,300,CA,5
IS2-6-4-2019-0,2019-06-04,IS2,49.6367,-124.0833,WSGS84,300,CA,0
IS2-6-4-2019-10,2019-06-04,IS2,49.6367,-124.0833,WSGS84,300,CA,10
IS2-6-4-2019-20,2019-06-04,IS2,49.6367,-124.0833,WSGS84,300,CA,20
IS2-6-4-2019-5,2019-06-04,IS2,49.6367,-124.0833,WSGS84,300,CA,5
IS2-6-4-2020-0,2020-06-04,IS2,49.6367,-124.0833,WSGS84,300,CA,0
IS2-6-4-2020-10,2020-06-04,IS2,49.6367,-124.0833,WSGS84,300,CA,10
IS2-6-4-2020-20,2020-06-04,IS2,49.6367,-124.0833,WSGS84,300,CA,20
IS2-6-4-2020-5,2020-06-04,IS2,49.6367,-124.0833,WSGS84,300,CA,5
IS2-6-6-2017-0,2017-06-06,IS2,49.637,-124.0826,WSGS84,300,CA,0
IS2-6-6-2017-10,2017-06-06,IS2,49.637,-124.0826,WSGS84,300,CA,10
IS2-6-6-2017-20,2017-06-06,IS2,49.637,-124.0826,WSGS84,300,CA,20
IS2-6-6-2017-5,2017-06-06,IS2,49.637,-124.0826,WSGS84,300,CA,5
IS2-6-7-2016-0,2016-06-07,IS2,49.6367,-124.0833,WSGS84,300,CA,0
IS2-6-7-2016-10,2016-06-07,IS2,49.6367,-124.0833,WSGS84,300,CA,10
IS2-6-7-2016-20,2016-06-07,IS2,49.6367,-124.0833,WSGS84,300,CA,20
IS2-6-7-2016-5,2016-06-07,IS2,49.6367,-124.0833,WSGS84,300,CA,5
IS2-6-7-2018-0,2018-06-07,IS2,49.6367,-124.0833,WSGS84,300,CA,0
IS2-6-7-2018-10,2018-06-07,IS2,49.6367,-124.0833,WSGS84,300,CA,10
IS2-6-7-2018-20,2018-06-07,IS2,49.6367,-124.0833,WSGS84,300,CA,20
IS2-6-7-2018-5,2018-06-07,IS2,49.6367,-124.0833,WSGS84,300,CA,5
IS2-6-9-2015-0,2015-06-09,IS2,49.636,-124.0835,WSGS84,300,CA,0
IS2-6-9-2015-10,2015-06-09,IS2,49.636,-124.0835,WSGS84,300,CA,10
IS2-6-9-2015-20,2015-06-09,IS2,49.636,-124.0835,WSGS84,300,CA,20
IS2-6-9-2015-5,2015-06-09,IS2,49.636,-124.0835,WSGS84,300,CA,5
IS2-6-9-2021-0,2021-06-09,IS2,49.6368,-124.0839,WSGS84,300,CA,0
IS2-6-9-2021-10,2021-06-09,IS2,49.6368,-124.0839,WSGS84,300,CA,10
IS2-6-9-2021-20,2021-06-09,IS2,49.6368,-124.0839,WSGS84,300,CA,20
IS2-6-9-2021-5,2021-06-09,IS2,49.6368,-124.0839,WSGS84,300,CA,5
IS2-7-1-2015-0,2015-07-01,IS2,49.6365,-124.0835,WSGS84,300,CA,0
IS2-7-1-2015-10,2015-07-01,IS2,49.6365,-124.0835,WSGS84,300,CA,10
IS2-7-1-2015-20,2015-07-01,IS2,49.6365,-124.0835,WSGS84,300,CA,20
IS2-7-1-2015-5,2015-07-01,IS2,49.6365,-124.0835,WSGS84,300,CA,5
IS2-7-11-2018-0,2018-07-11,IS2,49.6367,-124.0833,WSGS84,300,CA,0
IS2-7-11-2018-10,2018-07-11,IS2,49.6367,-124.0833,WSGS84,300,CA,10
IS2-7-11-2018-20,2018-07-11,IS2,49.6367,-124.0833,WSGS84,300,CA,20
IS2-7-11-2018-5,2018-07-11,IS2,49.6367,-124.0833,WSGS84,300,CA,5
IS2-7-11-2022-0,2022-07-11,IS2,49.6367,-124.0833,WSGS84,300,CA,0
IS2-7-11-2022-10,2022-07-11,IS2,49.6367,-124.0833,WSGS84,300,CA,10
IS2-7-11-2022-20,2022-07-11,IS2,49.6367,-124.0833,WSGS84,300,CA,20
IS2-7-11-2022-5,2022-07-11,IS2,49.6367,-124.0833,WSGS84,300,CA,5
IS2-7-15-2015-0,2015-07-15,IS2,49.6364,-124.0828,WSGS84,300,CA,0
IS2-7-15-2015-10,2015-07-15,IS2,49.6364,-124.0828,WSGS84,300,CA,10
IS2-7-15-2015-20,2015-07-15,IS2,49.6364,-124.0828,WSGS84,300,CA,20
IS2-7-15-2015-5,2015-07-15,IS2,49.6364,-124.0828,WSGS84,300,CA,5
IS2-7-15-2023-0,2023-07-15,IS2,49.6367,-124.0833,WSGS84,300,CA,0
IS2-7-15-2023-10,2023-07-15,IS2,49.6367,-124.0833,WSGS84,300,CA,10
IS2-7-15-2023-20,2023-07-15,IS2,49.6367,-124.0833,WSGS84,300,CA,20
IS2-7-15-2023-5,2023-07-15,IS2,49.6367,-124.0833,WSGS84,300,CA,5
IS2-7-17-2021-0,2021-07-17,IS2,49.6371,-124.084,WSGS84,300,CA,0
IS2-7-17-2021-10,2021-07-17,IS2,49.6371,-124.084,WSGS84,300,CA,10
IS2-7-17-2021-20,2021-07-17,IS2,49.6371,-124.084,WSGS84,300,CA,20
IS2-7-17-2021-5,2021-07-17,IS2,49.6371,-124.084,WSGS84,300,CA,5
IS2-7-18-2017-0,2017-07-18,IS2,49.6365,-124.0826,WSGS84,300,CA,0
IS2-7-18-2017-10,2017-07-18,IS2,49.6365,-124.0826,WSGS84,300,CA,10
IS2-7-18-2017-20,2017-07-18,IS2,49.6365,-124.0826,WSGS84,300,CA,20
IS2-7-18-2017-5,2017-07-18,IS2,49.6365,-124.0826,WSGS84,300,CA,5
IS2-7-18-2022-0,2022-07-18,IS2,49.6367,-124.0833,WSGS84,300,CA,0
IS2-7-18-2022-10,2022-07-18,IS2,49.6367,-124.0833,WSGS84,300,CA,10
IS2-7-18-2022-20,2022-07-18,IS2,49.6367,-124.0833,WSGS84,300,CA,20
IS2-7-18-2022-5,2022-07-18,IS2,49.6367,-124.0833,WSGS84,300,CA,5
IS2-7-20-2016-0,2016-07-20,IS2,49.6367,-124.0833,WSGS84,300,CA,0
IS2-7-20-2016-10,2016-07-20,IS2,49.6367,-124.0833,WSGS84,300,CA,10
IS2-7-20-2016-20,2016-07-20,IS2,49.6367,-124.0833,WSGS84,300,CA,20
IS2-7-20-2016-5,2016-07-20,IS2,49.6367,-124.0833,WSGS84,300,CA,5
IS2-7-24-2019-0,2019-07-24,IS2,49.6367,-124.0833,WSGS84,300,CA,0
IS2-7-24-2019-10,2019-07-24,IS2,49.6367,-124.0833,WSGS84,300,CA,10
IS2-7-24-2019-20,2019-07-24,IS2,49.6367,-124.0833,WSGS84,300,CA,20
IS2-7-24-2019-5,2019-07-24,IS2,49.6367,-124.0833,WSGS84,300,CA,5
IS2-7-25-2018-0,2018-07-25,IS2,49.6367,-124.0833,WSGS84,300,CA,0
IS2-7-25-2018-10,2018-07-25,IS2,49.6367,-124.0833,WSGS84,300,CA,10
IS2-7-25-2018-20,2018-07-25,IS2,49.6367,-124.0833,WSGS84,300,CA,20
IS2-7-25-2018-5,2018-07-25,IS2,49.6367,-124.0833,WSGS84,300,CA,5
IS2-7-25-2020-0,2020-07-25,IS2,49.6367,-124.0833,WSGS84,300,CA,0
IS2-7-25-2020-10,2020-07-25,IS2,49.6367,-124.0833,WSGS84,300,CA,10
IS2-7-25-2020-20,2020-07-25,IS2,49.6367,-124.0833,WSGS84,300,CA,20
IS2-7-25-2020-5,2020-07-25,IS2,49.6367,-124.0833,WSGS84,300,CA,5
IS2-7-26-2016-0,2016-07-26,IS2,49.6367,-124.0833,WSGS84,300,CA,0
IS2-7-26-2016-10,2016-07-26,IS2,49.6367,-124.0833,WSGS84,300,CA,10
IS2-7-26-2016-20,2016-07-26,IS2,49.6367,-124.0833,WSGS84,300,CA,20
IS2-7-26-2016-5,2016-07-26,IS2,49.6367,-124.0833,WSGS84,300,CA,5
IS2-7-27-2023-0,2023-07-27,IS2,49.6367,-124.0833,WSGS84,300,CA,0
IS2-7-27-2023-10,2023-07-27,IS2,49.6367,-124.0833,WSGS84,300,CA,10
IS2-7-27-2023-20,2023-07-27,IS2,49.6367,-124.0833,WSGS84,300,CA,20
IS2-7-27-2023-5,2023-07-27,IS2,49.6367,-124.0833,WSGS84,300,CA,5
IS2-7-3-2018-0,2018-07-03,IS2,49.6367,-124.0833,WSGS84,300,CA,0
IS2-7-3-2018-10,2018-07-03,IS2,49.6367,-124.0833,WSGS84,300,CA,10
IS2-7-3-2018-20,2018-07-03,IS2,49.6367,-124.0833,WSGS84,300,CA,20
IS2-7-3-2018-5,2018-07-03,IS2,49.6367,-124.0833,WSGS84,300,CA,5
IS2-7-30-2017-0,2017-07-30,IS2,49.6371,-124.0823,WSGS84,300,CA,0
IS2-7-30-2017-10,2017-07-30,IS2,49.6371,-124.0823,WSGS84,300,CA,10
IS2-7-30-2017-20,2017-07-30,IS2,49.6371,-124.0823,WSGS84,300,CA,20
IS2-7-30-2017-5,2017-07-30,IS2,49.6371,-124.0823,WSGS84,300,CA,5
IS2-7-5-2016-0,2016-07-05,IS2,49.6363,-124.0827,WSGS84,300,CA,0
IS2-7-5-2016-10,2016-07-05,IS2,49.6363,-124.0827,WSGS84,300,CA,10
IS2-7-5-2016-20,2016-07-05,IS2,49.6363,-124.0827,WSGS84,300,CA,20
IS2-7-5-2016-5,2016-07-05,IS2,49.6363,-124.0827,WSGS84,300,CA,5
IS2-7-5-2017-0,2017-07-05,IS2,49.6367,-124.083,WSGS84,300,CA,0
IS2-7-5-2017-10,2017-07-05,IS2,49.6367,-124.083,WSGS84,300,CA,10
IS2-7-5-2017-20,2017-07-05,IS2,49.6367,-124.083,WSGS84,300,CA,20
IS2-7-5-2017-5,2017-07-05,IS2,49.6367,-124.083,WSGS84,300,CA,5
IS2-7-5-2020-0,2020-07-05,IS2,49.6367,-124.0833,WSGS84,300,CA,0
IS2-7-5-2020-10,2020-07-05,IS2,49.6367,-124.0833,WSGS84,300,CA,10
IS2-7-5-2020-20,2020-07-05,IS2,49.6367,-124.0833,WSGS84,300,CA,20
IS2-7-5-2020-5,2020-07-05,IS2,49.6367,-124.0833,WSGS84,300,CA,5
IS2-7-7-2021-0,2021-07-07,IS2,49.638,-124.0829,WSGS84,300,CA,0
IS2-7-7-2021-10,2021-07-07,IS2,49.638,-124.0829,WSGS84,300,CA,10
IS2-7-7-2021-20,2021-07-07,IS2,49.638,-124.0829,WSGS84,300,CA,20
IS2-7-7-2021-5,2021-07-07,IS2,49.638,-124.0829,WSGS84,300,CA,5
IS2-7-8-2019-0,2019-07-08,IS2,49.6367,-124.0833,WSGS84,300,CA,0
IS2-7-8-2019-10,2019-07-08,IS2,49.6367,-124.0833,WSGS84,300,CA,10
IS2-7-8-2019-20,2019-07-08,IS2,49.6367,-124.0833,WSGS84,300,CA,20
IS2-7-8-2019-5,2019-07-08,IS2,49.6367,-124.0833,WSGS84,300,CA,5
IS2-8-14-2015-0,2015-08-14,IS2,49.6361,-124.0835,WSGS84,300,CA,0
IS2-8-14-2015-10,2015-08-14,IS2,49.6361,-124.0835,WSGS84,300,CA,10
IS2-8-14-2015-20,2015-08-14,IS2,49.6361,-124.0835,WSGS84,300,CA,20
IS2-8-14-2015-5,2015-08-14,IS2,49.6361,-124.0835,WSGS84,300,CA,5
IS2-8-14-2017-0,2017-08-14,IS2,49.6363,-124.0827,WSGS84,300,CA,0
IS2-8-14-2017-10,2017-08-14,IS2,49.6367,-124.0833,WSGS84,300,CA,10
IS2-8-14-2017-20,2017-08-14,IS2,49.6367,-124.0833,WSGS84,300,CA,20
IS2-8-14-2017-5,2017-08-14,IS2,49.6367,-124.0833,WSGS84,300,CA,5
IS2-8-15-2018-0,2018-08-15,IS2,49.6367,-124.0833,WSGS84,300,CA,0
IS2-8-15-2018-10,2018-08-15,IS2,49.6367,-124.0833,WSGS84,300,CA,10
IS2-8-15-2018-20,2018-08-15,IS2,49.6367,-124.0833,WSGS84,300,CA,20
IS2-8-15-2018-5,2018-08-15,IS2,49.6367,-124.0833,WSGS84,300,CA,5
IS2-8-16-2022-0,2022-08-16,IS2,49.6367,-124.0833,WSGS84,300,CA,0
IS2-8-16-2022-10,2022-08-16,IS2,49.6367,-124.0833,WSGS84,300,CA,10
IS2-8-16-2022-20,2022-08-16,IS2,49.6367,-124.0833,WSGS84,300,CA,20
IS2-8-16-2022-5,2022-08-16,IS2,49.6367,-124.0833,WSGS84,300,CA,5
IS2-8-16-2023-0,2023-08-16,IS2,49.6367,-124.0833,WSGS84,300,CA,0
IS2-8-16-2023-10,2023-08-16,IS2,49.6367,-124.0833,WSGS84,300,CA,10
IS2-8-16-2023-20,2023-08-16,IS2,49.6367,-124.0833,WSGS84,300,CA,20
IS2-8-16-2023-5,2023-08-16,IS2,49.6367,-124.0833,WSGS84,300,CA,5
IS2-8-19-2019-0,2019-08-19,IS2,49.6367,-124.0833,WSGS84,300,CA,0
IS2-8-19-2019-10,2019-08-19,IS2,49.6367,-124.0833,WSGS84,300,CA,10
IS2-8-19-2019-20,2019-08-19,IS2,49.6367,-124.0833,WSGS84,300,CA,20
IS2-8-19-2019-5,2019-08-19,IS2,49.6367,-124.0833,WSGS84,300,CA,5
IS2-8-2-2016-0,2016-08-02,IS2,49.6376,-124.0823,WSGS84,300,CA,0
IS2-8-2-2016-10,2016-08-02,IS2,49.6376,-124.0823,WSGS84,300,CA,10
IS2-8-2-2016-20,2016-08-02,IS2,49.6376,-124.0823,WSGS84,300,CA,20
IS2-8-2-2016-5,2016-08-02,IS2,49.6376,-124.0823,WSGS84,300,CA,5
IS2-8-20-2017-0,2017-08-20,IS2,49.6369,-124.0827,WSGS84,300,CA,0
IS2-8-20-2017-10,2017-08-20,IS2,49.6369,-124.0827,WSGS84,300,CA,10
IS2-8-20-2017-20,2017-08-20,IS2,49.6369,-124.0827,WSGS84,300,CA,20
IS2-8-20-2017-5,2017-08-20,IS2,49.6369,-124.0827,WSGS84,300,CA,5
IS2-8-22-2016-0,2016-08-22,IS2,49.6362,-124.0828,WSGS84,300,CA,0
IS2-8-22-2016-10,2016-08-22,IS2,49.6362,-124.0828,WSGS84,300,CA,10
IS2-8-22-2016-20,2016-08-22,IS2,49.6362,-124.0828,WSGS84,300,CA,20
IS2-8-22-2016-5,2016-08-22,IS2,49.6362,-124.0828,WSGS84,300,CA,5
IS2-8-22-2018-0,2018-08-22,IS2,49.6367,-124.0833,WSGS84,300,CA,0
IS2-8-22-2018-10,2018-08-22,IS2,49.6367,-124.0833,WSGS84,300,CA,10
IS2-8-22-2018-20,2018-08-22,IS2,49.6367,-124.0833,WSGS84,300,CA,20
IS2-8-22-2018-5,2018-08-22,IS2,49.6367,-124.0833,WSGS84,300,CA,5
IS2-8-23-2023-0,2023-08-23,IS2,49.6367,-124.0833,WSGS84,300,CA,0
IS2-8-23-2023-10,2023-08-23,IS2,49.6367,-124.0833,WSGS84,300,CA,10
IS2-8-23-2023-20,2023-08-23,IS2,49.6367,-124.0833,WSGS84,300,CA,20
IS2-8-23-2023-5,2023-08-23,IS2,49.6367,-124.0833,WSGS84,300,CA,5
IS2-8-25-2020-0,2020-08-25,IS2,49.6367,-124.0833,WSGS84,300,CA,0
IS2-8-25-2020-10,2020-08-25,IS2,49.6367,-124.0833,WSGS84,300,CA,10
IS2-8-25-2020-20,2020-08-25,IS2,49.6367,-124.0833,WSGS84,300,CA,20
IS2-8-25-2020-5,2020-08-25,IS2,49.6367,-124.0833,WSGS84,300,CA,5
IS2-8-28-2021-0,2021-08-28,IS2,49.6368,-124.0828,WSGS84,300,CA,0
IS2-8-28-2021-10,2021-08-28,IS2,49.6368,-124.0828,WSGS84,300,CA,10
IS2-8-28-2021-20,2021-08-28,IS2,49.6368,-124.0828,WSGS84,300,CA,20
IS2-8-28-2021-5,2021-08-28,IS2,49.6368,-124.0828,WSGS84,300,CA,5
IS2-8-3-2018-0,2018-08-03,IS2,49.6367,-124.0833,WSGS84,300,CA,0
IS2-8-3-2018-10,2018-08-03,IS2,49.6367,-124.0833,WSGS84,300,CA,10
IS2-8-3-2018-20,2018-08-03,IS2,49.6367,-124.0833,WSGS84,300,CA,20
IS2-8-3-2018-5,2018-08-03,IS2,49.6367,-124.0833,WSGS84,300,CA,5
IS2-8-5-2020-0,2020-08-05,IS2,49.6367,-124.0833,WSGS84,300,CA,0
IS2-8-5-2020-10,2020-08-05,IS2,49.6367,-124.0833,WSGS84,300,CA,10
IS2-8-5-2020-20,2020-08-05,IS2,49.6367,-124.0833,WSGS84,300,CA,20
IS2-8-5-2020-5,2020-08-05,IS2,49.6367,-124.0833,WSGS84,300,CA,5
IS2-8-6-2015-0,2015-08-06,IS2,49.6362,-124.083,WSGS84,300,CA,0
IS2-8-6-2015-10,2015-08-06,IS2,49.6362,-124.083,WSGS84,300,CA,10
IS2-8-6-2015-20,2015-08-06,IS2,49.6362,-124.083,WSGS84,300,CA,20
IS2-8-6-2019-0,2019-08-06,IS2,49.6367,-124.0833,WSGS84,300,CA,0
IS2-8-6-2019-10,2019-08-06,IS2,49.6367,-124.0833,WSGS84,300,CA,10
IS2-8-6-2019-20,2019-08-06,IS2,49.6367,-124.0833,WSGS84,300,CA,20
IS2-8-6-2019-5,2019-08-06,IS2,49.6367,-124.0833,WSGS84,300,CA,5
IS2-8-9-2016-0,2016-08-09,IS2,49.6367,-124.0833,WSGS84,300,CA,0
IS2-8-9-2016-10,2016-08-09,IS2,49.6367,-124.0833,WSGS84,300,CA,10
IS2-8-9-2016-20,2016-08-09,IS2,49.6367,-124.0833,WSGS84,300,CA,20
IS2-8-9-2016-5,2016-08-09,IS2,49.6367,-124.0833,WSGS84,300,CA,5
IS2-8-9-2017-0,2017-08-09,IS2,49.6368,-124.0824,WSGS84,300,CA,0
IS2-8-9-2017-10,2017-08-09,IS2,49.6367,-124.0833,WSGS84,300,CA,10
IS2-8-9-2017-20,2017-08-09,IS2,49.6367,-124.0833,WSGS84,300,CA,20
IS2-8-9-2017-5,2017-08-09,IS2,49.6367,-124.0833,WSGS84,300,CA,5
IS2-8-9-2021-0,2021-08-09,IS2,49.6367,-124.0826,WSGS84,300,CA,0
IS2-8-9-2021-10,2021-08-09,IS2,49.6367,-124.0826,WSGS84,300,CA,10
IS2-8-9-2021-20,2021-08-09,IS2,49.6367,-124.0826,WSGS84,300,CA,20
IS2-8-9-2021-5,2021-08-09,IS2,49.6367,-124.0826,WSGS84,300,CA,5
IS2-8-9-2022-0,2022-08-09,IS2,49.6367,-124.0833,WSGS84,300,CA,0
IS2-8-9-2022-10,2022-08-09,IS2,49.6367,-124.0833,WSGS84,300,CA,10
IS2-8-9-2022-20,2022-08-09,IS2,49.6367,-124.0833,WSGS84,300,CA,20
IS2-8-9-2022-5,2022-08-09,IS2,49.6367,-124.0833,WSGS84,300,CA,5
IS2-9-10-2022-0,2022-09-10,IS2,49.6367,-124.0833,WSGS84,300,CA,0
IS2-9-10-2022-10,2022-09-10,IS2,49.6367,-124.0833,WSGS84,300,CA,10
IS2-9-10-2022-20,2022-09-10,IS2,49.6367,-124.0833,WSGS84,300,CA,20
IS2-9-10-2022-5,2022-09-10,IS2,49.6367,-124.0833,WSGS84,300,CA,5
IS2-9-14-2023-0,2023-09-14,IS2,49.6367,-124.0833,WSGS84,300,CA,0
IS2-9-14-2023-10,2023-09-14,IS2,49.6367,-124.0833,WSGS84,300,CA,10
IS2-9-14-2023-20,2023-09-14,IS2,49.6367,-124.0833,WSGS84,300,CA,20
IS2-9-14-2023-5,2023-09-14,IS2,49.6367,-124.0833,WSGS84,300,CA,5
IS2-9-15-2022-0,2022-09-15,IS2,49.6367,-124.0833,WSGS84,300,CA,0
IS2-9-15-2022-10,2022-09-15,IS2,49.6367,-124.0833,WSGS84,300,CA,10
IS2-9-15-2022-20,2022-09-15,IS2,49.6367,-124.0833,WSGS84,300,CA,20
IS2-9-15-2022-5,2022-09-15,IS2,49.6367,-124.0833,WSGS84,300,CA,5
IS2-9-16-2021-0,2021-09-16,IS2,49.6363,-124.0833,WSGS84,300,CA,0
IS2-9-16-2021-10,2021-09-16,IS2,49.6363,-124.0833,WSGS84,300,CA,10
IS2-9-16-2021-20,2021-09-16,IS2,49.6363,-124.0833,WSGS84,300,CA,20
IS2-9-16-2021-5,2021-09-16,IS2,49.6363,-124.0833,WSGS84,300,CA,5
IS2-9-17-2020-0,2020-09-17,IS2,49.6367,-124.0833,WSGS84,300,CA,0
IS2-9-17-2020-10,2020-09-17,IS2,49.6367,-124.0833,WSGS84,300,CA,10
IS2-9-17-2020-20,2020-09-17,IS2,49.6367,-124.0833,WSGS84,300,CA,20
IS2-9-17-2020-5,2020-09-17,IS2,49.6367,-124.0833,WSGS84,300,CA,5
IS2-9-19-2019-0,2019-09-19,IS2,49.6367,-124.0833,WSGS84,300,CA,0
IS2-9-19-2019-10,2019-09-19,IS2,49.6367,-124.0833,WSGS84,300,CA,10
IS2-9-19-2019-20,2019-09-19,IS2,49.6367,-124.0833,WSGS84,300,CA,20
IS2-9-19-2019-5,2019-09-19,IS2,49.6367,-124.0833,WSGS84,300,CA,5
IS2-9-2-2019-0,2019-09-02,IS2,49.6367,-124.0833,WSGS84,300,CA,0
IS2-9-2-2019-10,2019-09-02,IS2,49.6367,-124.0833,WSGS84,300,CA,10
IS2-9-2-2019-20,2019-09-02,IS2,49.6367,-124.0833,WSGS84,300,CA,20
IS2-9-2-2019-5,2019-09-02,IS2,49.6367,-124.0833,WSGS84,300,CA,5
IS2-9-20-2023-0,2023-09-20,IS2,49.6367,-124.0833,WSGS84,300,CA,0
IS2-9-20-2023-10,2023-09-20,IS2,49.6367,-124.0833,WSGS84,300,CA,10
IS2-9-20-2023-20,2023-09-20,IS2,49.6367,-124.0833,WSGS84,300,CA,20
IS2-9-20-2023-5,2023-09-20,IS2,49.6367,-124.0833,WSGS84,300,CA,5
IS2-9-21-2016-0,2016-09-21,IS2,49.6363,-124.0827,WSGS84,300,CA,0
IS2-9-21-2016-10,2016-09-21,IS2,49.6363,-124.0827,WSGS84,300,CA,10
IS2-9-21-2016-20,2016-09-21,IS2,49.6363,-124.0827,WSGS84,300,CA,20
IS2-9-21-2016-5,2016-09-21,IS2,49.6363,-124.0827,WSGS84,300,CA,5
IS2-9-21-2020-0,2020-09-21,IS2,49.6367,-124.0833,WSGS84,300,CA,0
IS2-9-21-2020-10,2020-09-21,IS2,49.6367,-124.0833,WSGS84,300,CA,10
IS2-9-21-2020-20,2020-09-21,IS2,49.6367,-124.0833,WSGS84,300,CA,20
IS2-9-21-2020-5,2020-09-21,IS2,49.6367,-124.0833,WSGS84,300,CA,5
IS2-9-23-2021-0,2021-09-23,IS2,49.6364,-124.083,WSGS84,300,CA,0
IS2-9-23-2021-10,2021-09-23,IS2,49.6364,-124.083,WSGS84,300,CA,10
IS2-9-23-2021-20,2021-09-23,IS2,49.6364,-124.083,WSGS84,300,CA,20
IS2-9-23-2021-5,2021-09-23,IS2,49.6364,-124.083,WSGS84,300,CA,5
IS2-9-24-2018-0,2018-09-24,IS2,49.6367,-124.0833,WSGS84,300,CA,0
IS2-9-24-2018-10,2018-09-24,IS2,49.6367,-124.0833,WSGS84,300,CA,10
IS2-9-24-2018-20,2018-09-24,IS2,49.6367,-124.0833,WSGS84,300,CA,20
IS2-9-24-2018-5,2018-09-24,IS2,49.6367,-124.0833,WSGS84,300,CA,5
IS2-9-27-2017-0,2017-09-27,IS2,49.6365,-124.0829,WSGS84,300,CA,0
IS2-9-27-2017-10,2017-09-27,IS2,49.6365,-124.0829,WSGS84,300,CA,10
IS2-9-27-2017-20,2017-09-27,IS2,49.6365,-124.0829,WSGS84,300,CA,20
IS2-9-27-2017-5,2017-09-27,IS2,49.6365,-124.0829,WSGS84,300,CA,5
IS2-9-6-2017-0,2017-09-06,IS2,49.6368,-124.0828,WSGS84,300,CA,0
IS2-9-6-2017-10,2017-09-06,IS2,49.6368,-124.0828,WSGS84,300,CA,10
IS2-9-6-2017-20,2017-09-06,IS2,49.6368,-124.0828,WSGS84,300,CA,20
IS2-9-6-2017-5,2017-09-06,IS2,49.6368,-124.0828,WSGS84,300,CA,5
IS2-9-6-2018-0,2018-09-06,IS2,49.6367,-124.0833,WSGS84,300,CA,0
IS2-9-6-2018-10,2018-09-06,IS2,49.6367,-124.0833,WSGS84,300,CA,10
IS2-9-6-2018-20,2018-09-06,IS2,49.6367,-124.0833,WSGS84,300,CA,20
IS2-9-6-2018-5,2018-09-06,IS2,49.6367,-124.0833,WSGS84,300,CA,5
IS2-9-9-2016-0,2016-09-09,IS2,49.6362,-124.0823,WSGS84,300,CA,0
IS2-9-9-2016-10,2016-09-09,IS2,49.6362,-124.0823,WSGS84,300,CA,10
IS2-9-9-2016-20,2016-09-09,IS2,49.6362,-124.0823,WSGS84,300,CA,20
IS2-9-9-2016-5,2016-09-09,IS2,49.6362,-124.0823,WSGS84,300,CA,5
IS3-1-15-2021-0,2021-01-15,IS3,49.655,-124.2867,WSGS84,300,CA,0
IS3-1-15-2022-0,2022-01-15,IS3,49.655,-124.2867,WSGS84,300,CA,0
IS3-1-21-2019-0,2019-01-21,IS3,49.655,-124.2867,WSGS84,300,CA,0
IS3-10-1-2020-0,2020-10-01,IS3,49.655,-124.2867,WSGS84,300,CA,0
IS3-10-10-2018-0,2018-10-10,IS3,49.655,-124.2867,WSGS84,300,CA,0
IS3-10-18-2021-0,2021-10-18,IS3,49.6555,-124.2876,WSGS84,300,CA,0
IS3-10-5-2015-0,2015-10-05,IS3,49.655,-124.2871,WSGS84,300,CA,0
IS3-10-7-2022-0,2022-10-07,IS3,49.655,-124.2867,WSGS84,300,CA,0
IS3-10-9-2019-0,2019-10-09,IS3,49.655,-124.2867,WSGS84,300,CA,0
IS3-11-13-2019-0,2019-11-13,IS3,49.655,-124.2867,WSGS84,300,CA,0
IS3-11-29-2018-0,2018-11-29,IS3,49.655,-124.2867,WSGS84,300,CA,0
IS3-12-5-2021-0,2021-12-05,IS3,49.655,-124.2867,WSGS84,300,CA,0
IS3-12-8-2020-0,2020-12-08,IS3,49.655,-124.2867,WSGS84,300,CA,0
IS3-2-14-2015-0,2015-02-14,IS3,49.655,-124.2867,WSGS84,300,CA,0
IS3-2-22-2016-0,2016-02-22,IS3,49.655,-124.2867,WSGS84,300,CA,0
IS3-2-22-2021-0,2021-02-22,IS3,49.6559,-124.2877,WSGS84,300,CA,0
IS3-2-23-2022-0,2022-02-23,IS3,49.655,-124.2867,WSGS84,300,CA,0
IS3-2-28-2017-0,2017-02-28,IS3,49.655,-124.2874,WSGS84,300,CA,0
IS3-3-10-2022-0,2022-03-10,IS3,49.655,-124.2867,WSGS84,300,CA,0
IS3-3-11-2021-0,2021-03-11,IS3,49.6556,-124.2884,WSGS84,300,CA,0
IS3-3-12-2020-0,2020-03-12,IS3,49.655,-124.2867,WSGS84,300,CA,0
IS3-3-13-2015-0,2015-03-13,IS3,49.6535,-124.2839,WSGS84,300,CA,0
IS3-3-15-2018-0,2018-03-15,IS3,49.655,-124.2867,WSGS84,300,CA,0
IS3-3-16-2020-0,2020-03-16,IS3,49.655,-124.2867,WSGS84,300,CA,0
IS3-3-16-2022-0,2022-03-16,IS3,49.655,-124.2867,WSGS84,300,CA,0
IS3-3-17-2019-0,2019-03-17,IS3,49.655,-124.2867,WSGS84,300,CA,0
IS3-3-18-2016-0,2016-03-18,IS3,49.6551,-124.2873,WSGS84,300,CA,0
IS3-3-19-2017-0,2017-03-19,IS3,49.6555,-124.2878,WSGS84,300,CA,0
IS3-3-21-2015-0,2015-03-21,IS3,49.655,-124.2867,WSGS84,300,CA,0
IS3-3-23-2021-0,2021-03-23,IS3,49.6553,-124.2883,WSGS84,300,CA,0
IS3-3-24-2020-0,2020-03-24,IS3,49.655,-124.2867,WSGS84,300,CA,0
IS3-3-24-2022-0,2022-03-24,IS3,49.655,-124.2867,WSGS84,300,CA,0
IS3-3-26-2021-0,2021-03-26,IS3,49.6552,-124.2867,WSGS84,300,CA,0
IS3-3-27-2018-0,2018-03-27,IS3,49.655,-124.2867,WSGS84,300,CA,0
IS3-3-28-2019-0,2019-03-28,IS3,49.655,-124.2867,WSGS84,300,CA,0
IS3-3-29-2016-0,2016-03-29,IS3,49.6552,-124.2875,WSGS84,300,CA,0
IS3-3-31-2022-0,2022-03-31,IS3,49.655,-124.2867,WSGS84,300,CA,0
IS3-3-7-2019-0,2019-03-07,IS3,49.655,-124.2867,WSGS84,300,CA,0
IS3-3-8-2018-0,2018-03-08,IS3,49.655,-124.2867,WSGS84,300,CA,0
IS3-3-9-2017-0,2017-03-09,IS3,49.6554,-124.2882,WSGS84,300,CA,0
IS3-4-1-2020-0,2020-04-01,IS3,49.655,-124.2867,WSGS84,300,CA,0
IS3-4-10-2016-0,2016-04-10,IS3,49.6548,-124.2862,WSGS84,300,CA,0
IS3-4-11-2021-0,2021-04-11,IS3,49.6559,-124.2871,WSGS84,300,CA,0
IS3-4-12-2015-0,2015-04-12,IS3,49.6554,-124.2872,WSGS84,300,CA,0
IS3-4-14-2022-0,2022-04-14,IS3,49.655,-124.2867,WSGS84,300,CA,0
IS3-4-15-2017-0,2017-04-15,IS3,49.6555,-124.2866,WSGS84,300,CA,0
IS3-4-16-2019-0,2019-04-16,IS3,49.655,-124.2867,WSGS84,300,CA,0
IS3-4-17-2018-0,2018-04-17,IS3,49.655,-124.2867,WSGS84,300,CA,0
IS3-4-18-2016-0,2016-04-18,IS3,49.6554,-124.2875,WSGS84,300,CA,0
IS3-4-18-2021-0,2021-04-18,IS3,49.6555,-124.2881,WSGS84,300,CA,0
IS3-4-19-2015-0,2015-04-19,IS3,49.6535,-124.2875,WSGS84,300,CA,0
IS3-4-2-2015-0,2015-04-02,IS3,49.6545,-124.2859,WSGS84,300,CA,0
IS3-4-22-2022-0,2022-04-22,IS3,49.655,-124.2867,WSGS84,300,CA,0
IS3-4-23-2020-0,2020-04-23,IS3,49.655,-124.2867,WSGS84,300,CA,0
IS3-4-24-2017-0,2017-04-24,IS3,49.655,-124.2867,WSGS84,300,CA,0
IS3-4-25-2019-0,2019-04-25,IS3,49.655,-124.2867,WSGS84,300,CA,0
IS3-4-26-2016-0,2016-04-26,IS3,49.6549,-124.2875,WSGS84,300,CA,0
IS3-4-26-2018-0,2018-04-26,IS3,49.655,-124.2867,WSGS84,300,CA,0
IS3-4-3-2018-0,2018-04-03,IS3,49.655,-124.2867,WSGS84,300,CA,0
IS3-4-5-2021-0,2021-04-05,IS3,49.6554,-124.2877,WSGS84,300,CA,0
IS3-4-6-2022-0,2022-04-06,IS3,49.655,-124.2867,WSGS84,300,CA,0
IS3-4-8-2019-0,2019-04-08,IS3,49.655,-124.2867,WSGS84,300,CA,0
IS3-5-10-2016-0,2016-05-10,IS3,49.6561,-124.2868,WSGS84,300,CA,0
IS3-5-10-2018-0,2018-05-10,IS3,49.655,-124.2867,WSGS84,300,CA,0
IS3-5-11-2015-0,2015-05-11,IS3,49.6554,-124.288,WSGS84,300,CA,0
IS3-5-11-2021-0,2021-05-11,IS3,49.6558,-124.2872,WSGS84,300,CA,0
IS3-5-14-2017-0,2017-05-14,IS3,49.6561,-124.2886,WSGS84,300,CA,0
IS3-5-14-2020-0,2020-05-14,IS3,49.655,-124.2867,WSGS84,300,CA,0
IS3-5-14-2022-0,2022-05-14,IS3,49.655,-124.2867,WSGS84,300,CA,0
IS3-5-17-2016-0,2016-05-17,IS3,49.6553,-124.287,WSGS84,300,CA,0
IS3-5-17-2018-0,2018-05-17,IS3,49.655,-124.2867,WSGS84,300,CA,0
IS3-5-17-2021-0,2021-05-17,IS3,49.6556,-124.2884,WSGS84,300,CA,0
IS3-5-18-2015-0,2015-05-18,IS3,49.6557,-124.2874,WSGS84,300,CA,0
IS3-5-20-2022-0,2022-05-20,IS3,49.655,-124.2867,WSGS84,300,CA,0
IS3-5-21-2017-0,2017-05-21,IS3,49.6559,-124.2874,WSGS84,300,CA,0
IS3-5-23-2019-0,2019-05-23,IS3,49.655,-124.2867,WSGS84,300,CA,0
IS3-5-24-2016-0,2016-05-24,IS3,49.6557,-124.2876,WSGS84,300,CA,0
IS3-5-26-2015-0,2015-05-26,IS3,49.655,-124.2867,WSGS84,300,CA,0
IS3-5-31-2018-0,2018-05-31,IS3,49.655,-124.2867,WSGS84,300,CA,0
IS3-5-8-2020-0,2020-05-08,IS3,49.655,-124.2867,WSGS84,300,CA,0
IS3-5-9-2019-0,2019-05-09,IS3,49.655,-124.2867,WSGS84,300,CA,0
IS3-6-12-2017-0,2017-06-12,IS3,49.6553,-124.2876,WSGS84,300,CA,0
IS3-6-13-2022-0,2022-06-13,IS3,49.655,-124.2867,WSGS84,300,CA,0
IS3-6-14-2018-0,2018-06-14,IS3,49.655,-124.2867,WSGS84,300,CA,0
IS3-6-15-2016-0,2016-06-15,IS3,49.6557,-124.2864,WSGS84,300,CA,0
IS3-6-16-2021-0,2021-06-16,IS3,49.6556,-124.2878,WSGS84,300,CA,0
IS3-6-20-2018-0,2018-06-20,IS3,49.655,-124.2867,WSGS84,300,CA,0
IS3-6-20-2022-0,2022-06-20,IS3,49.655,-124.2867,WSGS84,300,CA,0
IS3-6-21-2019-0,2019-06-21,IS3,49.655,-124.2867,WSGS84,300,CA,0
IS3-6-23-2017-0,2017-06-23,IS3,49.6556,-124.288,WSGS84,300,CA,0
IS3-6-24-2015-0,2015-06-24,IS3,49.6551,-124.2871,WSGS84,300,CA,0
IS3-6-26-2020-0,2020-06-26,IS3,49.655,-124.2867,WSGS84,300,CA,0
IS3-6-28-2016-0,2016-06-28,IS3,49.6552,-124.2875,WSGS84,300,CA,0
IS3-6-4-2019-0,2019-06-04,IS3,49.655,-124.2867,WSGS84,300,CA,0
IS3-6-4-2020-0,2020-06-04,IS3,49.655,-124.2867,WSGS84,300,CA,0
IS3-6-6-2017-0,2017-06-06,IS3,49.6552,-124.2875,WSGS84,300,CA,0
IS3-6-7-2016-0,2016-06-07,IS3,49.6558,-124.2881,WSGS84,300,CA,0
IS3-6-7-2018-0,2018-06-07,IS3,49.655,-124.2867,WSGS84,300,CA,0
IS3-6-9-2015-0,2015-06-09,IS3,49.6555,-124.2887,WSGS84,300,CA,0
IS3-6-9-2021-0,2021-06-09,IS3,49.6549,-124.2871,WSGS84,300,CA,0
IS3-7-1-2015-0,2015-07-01,IS3,49.6561,-124.288,WSGS84,300,CA,0
IS3-7-11-2018-0,2018-07-11,IS3,49.655,-124.2867,WSGS84,300,CA,0
IS3-7-11-2022-0,2022-07-11,IS3,49.655,-124.2867,WSGS84,300,CA,0
IS3-7-15-2015-0,2015-07-15,IS3,49.6554,-124.2881,WSGS84,300,CA,0
IS3-7-17-2021-0,2021-07-17,IS3,49.6551,-124.2882,WSGS84,300,CA,0
IS3-7-18-2017-0,2017-07-18,IS3,49.6554,-124.2878,WSGS84,300,CA,0
IS3-7-18-2022-0,2022-07-18,IS3,49.655,-124.2867,WSGS84,300,CA,0
IS3-7-20-2016-0,2016-07-20,IS3,49.6554,-124.2874,WSGS84,300,CA,0
IS3-7-24-2019-0,2019-07-24,IS3,49.655,-124.2867,WSGS84,300,CA,0
IS3-7-25-2018-0,2018-07-25,IS3,49.655,-124.2867,WSGS84,300,CA,0
IS3-7-25-2020-0,2020-07-25,IS3,49.655,-124.2867,WSGS84,300,CA,0
IS3-7-26-2016-0,2016-07-26,IS3,49.655,-124.2867,WSGS84,300,CA,0
IS3-7-3-2018-0,2018-07-03,IS3,49.655,-124.2867,WSGS84,300,CA,0
IS3-7-30-2017-0,2017-07-30,IS3,49.6561,-124.289,WSGS84,300,CA,0
IS3-7-5-2016-0,2016-07-05,IS3,49.6565,-124.2878,WSGS84,300,CA,0
IS3-7-5-2017-0,2017-07-05,IS3,49.6555,-124.2874,WSGS84,300,CA,0
IS3-7-5-2020-0,2020-07-05,IS3,49.655,-124.2867,WSGS84,300,CA,0
IS3-7-7-2021-0,2021-07-07,IS3,49.6555,-124.2876,WSGS84,300,CA,0
IS3-7-8-2019-0,2019-07-08,IS3,49.655,-124.2867,WSGS84,300,CA,0
IS3-8-14-2015-0,2015-08-14,IS3,49.6551,-124.2879,WSGS84,300,CA,0
IS3-8-14-2017-0,2017-08-14,IS3,49.6555,-124.2869,WSGS84,300,CA,0
IS3-8-15-2018-0,2018-08-15,IS3,49.655,-124.2867,WSGS84,300,CA,0
IS3-8-16-2022-0,2022-08-16,IS3,49.655,-124.2867,WSGS84,300,CA,0
IS3-8-19-2019-0,2019-08-19,IS3,49.655,-124.2867,WSGS84,300,CA,0
IS3-8-2-2016-0,2016-08-02,IS3,49.6556,-124.2868,WSGS84,300,CA,0
IS3-8-20-2017-0,2017-08-20,IS3,49.6556,-124.2876,WSGS84,300,CA,0
IS3-8-22-2016-0,2016-08-22,IS3,49.6545,-124.2877,WSGS84,300,CA,0
IS3-8-22-2018-0,2018-08-22,IS3,49.655,-124.2867,WSGS84,300,CA,0
IS3-8-25-2020-0,2020-08-25,IS3,49.655,-124.2867,WSGS84,300,CA,0
IS3-8-28-2021-0,2021-08-28,IS3,49.6557,-124.2872,WSGS84,300,CA,0
IS3-8-3-2018-0,2018-08-03,IS3,49.655,-124.2867,WSGS84,300,CA,0
IS3-8-5-2020-0,2020-08-05,IS3,49.655,-124.2867,WSGS84,300,CA,0
IS3-8-6-2015-0,2015-08-06,IS3,49.6553,-124.2879,WSGS84,300,CA,0
IS3-8-6-2019-0,2019-08-06,IS3,49.655,-124.2867,WSGS84,300,CA,0
IS3-8-9-2016-0,2016-08-09,IS3,49.655,-124.2867,WSGS84,300,CA,0
IS3-8-9-2017-0,2017-08-09,IS3,49.6555,-124.2876,WSGS84,300,CA,0
IS3-8-9-2021-0,2021-08-09,IS3,49.6567,-124.2868,WSGS84,300,CA,0
IS3-8-9-2022-0,2022-08-09,IS3,49.655,-124.2867,WSGS84,300,CA,0
IS3-9-10-2022-0,2022-09-10,IS3,49.655,-124.2867,WSGS84,300,CA,0
IS3-9-15-2022-0,2022-09-15,IS3,49.655,-124.2867,WSGS84,300,CA,0
IS3-9-16-2021-0,2021-09-16,IS3,49.6555,-124.2871,WSGS84,300,CA,0
IS3-9-17-2020-0,2020-09-17,IS3,49.655,-124.2867,WSGS84,300,CA,0
IS3-9-19-2019-0,2019-09-19,IS3,49.655,-124.2867,WSGS84,300,CA,0
IS3-9-2-2019-0,2019-09-02,IS3,49.655,-124.2867,WSGS84,300,CA,0
IS3-9-21-2016-0,2016-09-21,IS3,49.6552,-124.2871,WSGS84,300,CA,0
IS3-9-21-2020-0,2020-09-21,IS3,49.655,-124.2867,WSGS84,300,CA,0
IS3-9-23-2021-0,2021-09-23,IS3,49.655,-124.288,WSGS84,300,CA,0
IS3-9-24-2018-0,2018-09-24,IS3,49.655,-124.2867,WSGS84,300,CA,0
IS3-9-27-2017-0,2017-09-27,IS3,49.6553,-124.2869,WSGS84,300,CA,0
IS3-9-6-2017-0,2017-09-06,IS3,49.6553,-124.2874,WSGS84,300,CA,0
IS3-9-6-2018-0,2018-09-06,IS3,49.655,-124.2867,WSGS84,300,CA,0
IS3-9-9-2016-0,2016-09-09,IS3,49.6551,-124.2873,WSGS84,300,CA,0
IS4-1-15-2021-0,2021-01-15,IS4,49.575,-124.155,WSGS84,300,CA,0
IS4-1-15-2022-0,2022-01-15,IS4,49.575,-124.155,WSGS84,300,CA,0
IS4-1-21-2019-0,2019-01-21,IS4,49.575,-124.155,WSGS84,300,CA,0
IS4-10-1-2020-0,2020-10-01,IS4,49.575,-124.155,WSGS84,300,CA,0
IS4-10-10-2018-0,2018-10-10,IS4,49.575,-124.155,WSGS84,300,CA,0
IS4-10-12-2023-0,2023-10-12,IS4,49.575,-124.155,WSGS84,300,CA,0
IS4-10-18-2021-0,2021-10-18,IS4,49.5755,-124.1553,WSGS84,300,CA,0
IS4-10-5-2015-0,2015-10-05,IS4,49.575,-124.1556,WSGS84,300,CA,0
IS4-10-7-2022-0,2022-10-07,IS4,49.575,-124.155,WSGS84,300,CA,0
IS4-10-9-2019-0,2019-10-09,IS4,49.575,-124.155,WSGS84,300,CA,0
IS4-11-13-2019-0,2019-11-13,IS4,49.575,-124.155,WSGS84,300,CA,0
IS4-11-29-2018-0,2018-11-29,IS4,49.575,-124.155,WSGS84,300,CA,0
IS4-12-5-2021-0,2021-12-05,IS4,49.575,-124.155,WSGS84,300,CA,0
IS4-12-8-2020-0,2020-12-08,IS4,49.575,-124.155,WSGS84,300,CA,0
IS4-2-14-2015-0,2015-02-14,IS4,49.575,-124.155,WSGS84,300,CA,0
IS4-2-22-2016-0,2016-02-22,IS4,49.575,-124.155,WSGS84,300,CA,0
IS4-2-22-2021-0,2021-02-22,IS4,49.5755,-124.1557,WSGS84,300,CA,0
IS4-2-23-2022-0,2022-02-23,IS4,49.575,-124.155,WSGS84,300,CA,0
IS4-2-27-2023-0,2023-02-27,IS4,49.575,-124.155,WSGS84,300,CA,0
IS4-2-28-2017-0,2017-02-28,IS4,49.575,-124.1556,WSGS84,300,CA,0
IS4-3-10-2022-0,2022-03-10,IS4,49.575,-124.155,WSGS84,300,CA,0
IS4-3-11-2021-0,2021-03-11,IS4,49.5756,-124.1558,WSGS84,300,CA,0
IS4-3-12-2020-0,2020-03-12,IS4,49.575,-124.155,WSGS84,300,CA,0
IS4-3-13-2015-0,2015-03-13,IS4,49.5759,-124.1567,WSGS84,300,CA,0
IS4-3-15-2018-0,2018-03-15,IS4,49.575,-124.155,WSGS84,300,CA,0
IS4-3-15-2023-0,2023-03-15,IS4,49.575,-124.155,WSGS84,300,CA,0
IS4-3-16-2020-0,2020-03-16,IS4,49.575,-124.155,WSGS84,300,CA,0
IS4-3-16-2022-0,2022-03-16,IS4,49.575,-124.155,WSGS84,300,CA,0
IS4-3-17-2019-0,2019-03-17,IS4,49.575,-124.155,WSGS84,300,CA,0
IS4-3-18-2016-0,2016-03-18,IS4,49.5755,-124.1562,WSGS84,300,CA,0
IS4-3-19-2017-0,2017-03-19,IS4,49.5752,-124.1558,WSGS84,300,CA,0
IS4-3-19-2023-0,2023-03-19,IS4,49.575,-124.155,WSGS84,300,CA,0
IS4-3-21-2015-0,2015-03-21,IS4,49.575,-124.155,WSGS84,300,CA,0
IS4-3-23-2021-0,2021-03-23,IS4,49.5749,-124.156,WSGS84,300,CA,0
IS4-3-24-2020-0,2020-03-24,IS4,49.575,-124.155,WSGS84,300,CA,0
IS4-3-24-2022-0,2022-03-24,IS4,49.575,-124.155,WSGS84,300,CA,0
IS4-3-26-2021-0,2021-03-26,IS4,49.5757,-124.1556,WSGS84,300,CA,0
IS4-3-27-2018-0,2018-03-27,IS4,49.575,-124.155,WSGS84,300,CA,0
IS4-3-28-2019-0,2019-03-28,IS4,49.575,-124.155,WSGS84,300,CA,0
IS4-3-28-2023-0,2023-03-28,IS4,49.575,-124.155,WSGS84,300,CA,0
IS4-3-29-2016-0,2016-03-29,IS4,49.5751,-124.1558,WSGS84,300,CA,0
IS4-3-31-2022-0,2022-03-31,IS4,49.575,-124.155,WSGS84,300,CA,0
IS4-3-7-2019-0,2019-03-07,IS4,49.575,-124.155,WSGS84,300,CA,0
IS4-3-8-2018-0,2018-03-08,IS4,49.575,-124.155,WSGS84,300,CA,0
IS4-3-9-2017-0,2017-03-09,IS4,49.5758,-124.1569,WSGS84,300,CA,0
IS4-3-9-2023-0,2023-03-09,IS4,49.575,-124.155,WSGS84,300,CA,0
IS4-4-1-2020-0,2020-04-01,IS4,49.575,-124.155,WSGS84,300,CA,0
IS4-4-10-2016-0,2016-04-10,IS4,49.5756,-124.1557,WSGS84,300,CA,0
IS4-4-11-2021-0,2021-04-11,IS4,49.5758,-124.1558,WSGS84,300,CA,0
IS4-4-12-2015-0,2015-04-12,IS4,49.5749,-124.1544,WSGS84,300,CA,0
IS4-4-13-2023-0,2023-04-13,IS4,49.575,-124.155,WSGS84,300,CA,0
IS4-4-14-2022-0,2022-04-14,IS4,49.575,-124.155,WSGS84,300,CA,0
IS4-4-15-2017-0,2017-04-15,IS4,49.5757,-124.1565,WSGS84,300,CA,0
IS4-4-16-2019-0,2019-04-16,IS4,49.575,-124.155,WSGS84,300,CA,0
IS4-4-17-2018-0,2018-04-17,IS4,49.575,-124.155,WSGS84,300,CA,0
IS4-4-18-2016-0,2016-04-18,IS4,49.5754,-124.1559,WSGS84,300,CA,0
IS4-4-18-2021-0,2021-04-18,IS4,49.575,-124.1556,WSGS84,300,CA,0
IS4-4-19-2015-0,2015-04-19,IS4,49.5754,-124.1558,WSGS84,300,CA,0
IS4-4-2-2015-0,2015-04-02,IS4,49.574,-124.1536,WSGS84,300,CA,0
IS4-4-21-2023-0,2023-04-21,IS4,49.575,-124.155,WSGS84,300,CA,0
IS4-4-22-2022-0,2022-04-22,IS4,49.575,-124.155,WSGS84,300,CA,0
IS4-4-23-2020-0,2020-04-23,IS4,49.575,-124.155,WSGS84,300,CA,0
IS4-4-24-2017-0,2017-04-24,IS4,49.575,-124.155,WSGS84,300,CA,0
IS4-4-25-2019-0,2019-04-25,IS4,49.575,-124.155,WSGS84,300,CA,0
IS4-4-26-2016-0,2016-04-26,IS4,49.575,-124.1545,WSGS84,300,CA,0
IS4-4-26-2018-0,2018-04-26,IS4,49.575,-124.155,WSGS84,300,CA,0
IS4-4-26-2023-0,2023-04-26,IS4,49.575,-124.155,WSGS84,300,CA,0
IS4-4-3-2018-0,2018-04-03,IS4,49.575,-124.155,WSGS84,300,CA,0
IS4-4-5-2021-0,2021-04-05,IS4,49.5754,-124.1559,WSGS84,300,CA,0
IS4-4-6-2022-0,2022-04-06,IS4,49.575,-124.155,WSGS84,300,CA,0
IS4-4-8-2019-0,2019-04-08,IS4,49.575,-124.155,WSGS84,300,CA,0
IS4-5-10-2016-0,2016-05-10,IS4,49.5753,-124.1562,WSGS84,300,CA,0
IS4-5-10-2018-0,2018-05-10,IS4,49.575,-124.155,WSGS84,300,CA,0
IS4-5-11-2015-0,2015-05-11,IS4,49.5749,-124.1555,WSGS84,300,CA,0
IS4-5-11-2021-0,2021-05-11,IS4,49.5754,-124.1559,WSGS84,300,CA,0
IS4-5-14-2017-0,2017-05-14,IS4,49.5754,-124.1555,WSGS84,300,CA,0
IS4-5-14-2020-0,2020-05-14,IS4,49.575,-124.155,WSGS84,300,CA,0
IS4-5-14-2022-0,2022-05-14,IS4,49.575,-124.155,WSGS84,300,CA,0
IS4-5-17-2016-0,2016-05-17,IS4,49.5766,-124.1564,WSGS84,300,CA,0
IS4-5-17-2018-0,2018-05-17,IS4,49.575,-124.155,WSGS84,300,CA,0
IS4-5-17-2021-0,2021-05-17,IS4,49.5751,-124.1559,WSGS84,300,CA,0
IS4-5-18-2015-0,2015-05-18,IS4,49.5757,-124.1559,WSGS84,300,CA,0
IS4-5-20-2022-0,2022-05-20,IS4,49.575,-124.155,WSGS84,300,CA,0
IS4-5-21-2017-0,2017-05-21,IS4,49.5751,-124.1557,WSGS84,300,CA,0
IS4-5-23-2019-0,2019-05-23,IS4,49.575,-124.155,WSGS84,300,CA,0
IS4-5-24-2016-0,2016-05-24,IS4,49.5746,-124.1555,WSGS84,300,CA,0
IS4-5-26-2015-0,2015-05-26,IS4,49.575,-124.155,WSGS84,300,CA,0
IS4-5-31-2018-0,2018-05-31,IS4,49.575,-124.155,WSGS84,300,CA,0
IS4-5-4-2023-0,2023-05-04,IS4,49.575,-124.155,WSGS84,300,CA,0
IS4-5-8-2020-0,2020-05-08,IS4,49.575,-124.155,WSGS84,300,CA,0
IS4-5-9-2019-0,2019-05-09,IS4,49.575,-124.155,WSGS84,300,CA,0
IS4-6-12-2017-0,2017-06-12,IS4,49.5752,-124.1558,WSGS84,300,CA,0
IS4-6-13-2022-0,2022-06-13,IS4,49.575,-124.155,WSGS84,300,CA,0
IS4-6-14-2018-0,2018-06-14,IS4,49.575,-124.155,WSGS84,300,CA,0
IS4-6-15-2015-0,2015-06-15,IS4,49.575,-124.1566,WSGS84,300,CA,0
IS4-6-15-2016-0,2016-06-15,IS4,49.5747,-124.155,WSGS84,300,CA,0
IS4-6-15-2023-0,2023-06-15,IS4,49.575,-124.155,WSGS84,300,CA,0
IS4-6-16-2021-0,2021-06-16,IS4,49.5755,-124.1566,WSGS84,300,CA,0
IS4-6-20-2018-0,2018-06-20,IS4,49.575,-124.155,WSGS84,300,CA,0
IS4-6-20-2022-0,2022-06-20,IS4,49.575,-124.155,WSGS84,300,CA,0
IS4-6-21-2019-0,2019-06-21,IS4,49.575,-124.155,WSGS84,300,CA,0
IS4-6-23-2017-0,2017-06-23,IS4,49.5754,-124.1563,WSGS84,300,CA,0
IS4-6-24-2015-0,2015-06-24,IS4,49.5748,-124.1548,WSGS84,300,CA,0
IS4-6-26-2020-0,2020-06-26,IS4,49.575,-124.155,WSGS84,300,CA,0
IS4-6-26-2023-0,2023-06-26,IS4,49.575,-124.155,WSGS84,300,CA,0
IS4-6-28-2016-0,2016-06-28,IS4,49.5752,-124.156,WSGS84,300,CA,0
IS4-6-4-2019-0,2019-06-04,IS4,49.575,-124.155,WSGS84,300,CA,0
IS4-6-4-2020-0,2020-06-04,IS4,49.575,-124.155,WSGS84,300,CA,0
IS4-6-6-2017-0,2017-06-06,IS4,49.5749,-124.1558,WSGS84,300,CA,0
IS4-6-7-2016-0,2016-06-07,IS4,49.5746,-124.1549,WSGS84,300,CA,0
IS4-6-7-2018-0,2018-06-07,IS4,49.575,-124.155,WSGS84,300,CA,0
IS4-6-9-2015-0,2015-06-09,IS4,49.576,-124.155,WSGS84,300,CA,0
IS4-6-9-2021-0,2021-06-09,IS4,49.5749,-124.1557,WSGS84,300,CA,0
IS4-7-1-2015-0,2015-07-01,IS4,49.5751,-124.1546,WSGS84,300,CA,0
IS4-7-11-2018-0,2018-07-11,IS4,49.575,-124.155,WSGS84,300,CA,0
IS4-7-11-2022-0,2022-07-11,IS4,49.575,-124.155,WSGS84,300,CA,0
IS4-7-15-2015-0,2015-07-15,IS4,49.5753,-124.1557,WSGS84,300,CA,0
IS4-7-15-2023-0,2023-07-15,IS4,49.575,-124.155,WSGS84,300,CA,0
IS4-7-17-2021-0,2021-07-17,IS4,49.577,-124.1566,WSGS84,300,CA,0
IS4-7-18-2017-0,2017-07-18,IS4,49.5751,-124.156,WSGS84,300,CA,0
IS4-7-18-2022-0,2022-07-18,IS4,49.575,-124.155,WSGS84,300,CA,0
IS4-7-20-2016-0,2016-07-20,IS4,49.575,-124.1557,WSGS84,300,CA,0
IS4-7-24-2019-0,2019-07-24,IS4,49.575,-124.155,WSGS84,300,CA,0
IS4-7-25-2018-0,2018-07-25,IS4,49.575,-124.155,WSGS84,300,CA,0
IS4-7-25-2020-0,2020-07-25,IS4,49.575,-124.155,WSGS84,300,CA,0
IS4-7-26-2016-0,2016-07-26,IS4,49.575,-124.155,WSGS84,300,CA,0
IS4-7-27-2023-0,2023-07-27,IS4,49.575,-124.155,WSGS84,300,CA,0
IS4-7-3-2018-0,2018-07-03,IS4,49.575,-124.155,WSGS84,300,CA,0
IS4-7-30-2017-0,2017-07-30,IS4,49.5752,-124.1556,WSGS84,300,CA,0
IS4-7-5-2016-0,2016-07-05,IS4,49.5751,-124.156,WSGS84,300,CA,0
IS4-7-5-2017-0,2017-07-05,IS4,49.576,-124.1563,WSGS84,300,CA,0
IS4-7-5-2020-0,2020-07-05,IS4,49.575,-124.155,WSGS84,300,CA,0
IS4-7-7-2021-0,2021-07-07,IS4,49.5754,-124.1542,WSGS84,300,CA,0
IS4-7-8-2019-0,2019-07-08,IS4,49.575,-124.155,WSGS84,300,CA,0
IS4-8-14-2015-0,2015-08-14,IS4,49.5751,-124.1554,WSGS84,300,CA,0
IS4-8-14-2017-0,2017-08-14,IS4,49.5753,-124.1553,WSGS84,300,CA,0
IS4-8-15-2018-0,2018-08-15,IS4,49.575,-124.155,WSGS84,300,CA,0
IS4-8-16-2022-0,2022-08-16,IS4,49.575,-124.155,WSGS84,300,CA,0
IS4-8-16-2023-0,2023-08-16,IS4,49.575,-124.155,WSGS84,300,CA,0
IS4-8-19-2019-0,2019-08-19,IS4,49.575,-124.155,WSGS84,300,CA,0
IS4-8-2-2016-0,2016-08-02,IS4,49.575,-124.155,WSGS84,300,CA,0
IS4-8-20-2017-0,2017-08-20,IS4,49.5755,-124.1557,WSGS84,300,CA,0
IS4-8-22-2016-0,2016-08-22,IS4,49.5752,-124.156,WSGS84,300,CA,0
IS4-8-22-2018-0,2018-08-22,IS4,49.575,-124.155,WSGS84,300,CA,0
IS4-8-23-2023-0,2023-08-23,IS4,49.575,-124.155,WSGS84,300,CA,0
IS4-8-25-2020-0,2020-08-25,IS4,49.575,-124.155,WSGS84,300,CA,0
IS4-8-28-2021-0,2021-08-28,IS4,49.5756,-124.156,WSGS84,300,CA,0
IS4-8-3-2018-0,2018-08-03,IS4,49.575,-124.155,WSGS84,300,CA,0
IS4-8-5-2020-0,2020-08-05,IS4,49.575,-124.155,WSGS84,300,CA,0
IS4-8-6-2019-0,2019-08-06,IS4,49.575,-124.155,WSGS84,300,CA,0
IS4-8-9-2016-0,2016-08-09,IS4,49.575,-124.155,WSGS84,300,CA,0
IS4-8-9-2017-0,2017-08-09,IS4,49.575,-124.155,WSGS84,300,CA,0
IS4-8-9-2021-0,2021-08-09,IS4,49.5759,-124.1561,WSGS84,300,CA,0
IS4-8-9-2022-0,2022-08-09,IS4,49.575,-124.155,WSGS84,300,CA,0
IS4-9-10-2022-0,2022-09-10,IS4,49.575,-124.155,WSGS84,300,CA,0
IS4-9-14-2023-0,2023-09-14,IS4,49.575,-124.155,WSGS84,300,CA,0
IS4-9-15-2022-0,2022-09-15,IS4,49.575,-124.155,WSGS84,300,CA,0
IS4-9-16-2021-0,2021-09-16,IS4,49.5751,-124.1555,WSGS84,300,CA,0
IS4-9-17-2020-0,2020-09-17,IS4,49.575,-124.155,WSGS84,300,CA,0
IS4-9-19-2019-0,2019-09-19,IS4,49.575,-124.155,WSGS84,300,CA,0
IS4-9-2-2019-0,2019-09-02,IS4,49.575,-124.155,WSGS84,300,CA,0
IS4-9-20-2023-0,2023-09-20,IS4,49.575,-124.155,WSGS84,300,CA,0
IS4-9-21-2016-0,2016-09-21,IS4,49.5756,-124.1561,WSGS84,300,CA,0
IS4-9-21-2020-0,2020-09-21,IS4,49.575,-124.155,WSGS84,300,CA,0
IS4-9-23-2021-0,2021-09-23,IS4,49.5751,-124.1563,WSGS84,300,CA,0
IS4-9-24-2018-0,2018-09-24,IS4,49.575,-124.155,WSGS84,300,CA,0
IS4-9-27-2017-0,2017-09-27,IS4,49.5757,-124.1559,WSGS84,300,CA,0
IS4-9-6-2017-0,2017-09-06,IS4,49.5755,-124.1556,WSGS84,300,CA,0
IS4-9-6-2018-0,2018-09-06,IS4,49.575,-124.155,WSGS84,300,CA,0
IS4-9-9-2016-0,2016-09-09,IS4,49.5751,-124.1555,WSGS84,300,CA,0
IS5-1-15-2021-0,2021-01-15,IS5,49.5467,-124.1083,WSGS84,300,CA,0
IS5-1-15-2022-0,2022-01-15,IS5,49.5467,-124.1083,WSGS84,300,CA,0
IS5-1-21-2019-0,2019-01-21,IS5,49.5467,-124.1083,WSGS84,300,CA,0
IS5-10-1-2020-0,2020-10-01,IS5,49.5467,-124.1083,WSGS84,300,CA,0
IS5-10-10-2018-0,2018-10-10,IS5,49.5467,-124.1083,WSGS84,300,CA,0
IS5-10-12-2023-0,2023-10-12,IS5,49.5467,-124.1083,WSGS84,300,CA,0
IS5-10-18-2021-0,2021-10-18,IS5,49.547,-124.1087,WSGS84,300,CA,0
IS5-10-5-2015-0,2015-10-05,IS5,49.5472,-124.1093,WSGS84,300,CA,0
IS5-10-7-2022-0,2022-10-07,IS5,49.5467,-124.1083,WSGS84,300,CA,0
IS5-10-9-2019-0,2019-10-09,IS5,49.5467,-124.1083,WSGS84,300,CA,0
IS5-11-13-2019-0,2019-11-13,IS5,49.5467,-124.1083,WSGS84,300,CA,0
IS5-11-29-2018-0,2018-11-29,IS5,49.5467,-124.1083,WSGS84,300,CA,0
IS5-12-5-2021-0,2021-12-05,IS5,49.5467,-124.1083,WSGS84,300,CA,0
IS5-12-8-2020-0,2020-12-08,IS5,49.5467,-124.1083,WSGS84,300,CA,0
IS5-2-22-2016-0,2016-02-22,IS5,49.5467,-124.1083,WSGS84,300,CA,0
IS5-2-22-2021-0,2021-02-22,IS5,49.547,-124.1086,WSGS84,300,CA,0
IS5-2-23-2022-0,2022-02-23,IS5,49.5467,-124.1083,WSGS84,300,CA,0
IS5-2-27-2023-0,2023-02-27,IS5,49.5467,-124.1083,WSGS84,300,CA,0
IS5-2-28-2017-0,2017-02-28,IS5,49.5463,-124.1082,WSGS84,300,CA,0
IS5-3-10-2022-0,2022-03-10,IS5,49.5467,-124.1083,WSGS84,300,CA,0
IS5-3-11-2021-0,2021-03-11,IS5,49.547,-124.1082,WSGS84,300,CA,0
IS5-3-12-2020-0,2020-03-12,IS5,49.5467,-124.1083,WSGS84,300,CA,0
IS5-3-13-2015-0,2015-03-13,IS5,49.5477,-124.1098,WSGS84,300,CA,0
IS5-3-15-2018-0,2018-03-15,IS5,49.5467,-124.1083,WSGS84,300,CA,0
IS5-3-15-2023-0,2023-03-15,IS5,49.5467,-124.1083,WSGS84,300,CA,0
IS5-3-16-2020-0,2020-03-16,IS5,49.5467,-124.1083,WSGS84,300,CA,0
IS5-3-16-2022-0,2022-03-16,IS5,49.5467,-124.1083,WSGS84,300,CA,0
IS5-3-17-2019-0,2019-03-17,IS5,49.5467,-124.1083,WSGS84,300,CA,0
IS5-3-18-2016-0,2016-03-18,IS5,49.5467,-124.1085,WSGS84,300,CA,0
IS5-3-19-2017-0,2017-03-19,IS5,49.5471,-124.1083,WSGS84,300,CA,0
IS5-3-19-2023-0,2023-03-19,IS5,49.5467,-124.1083,WSGS84,300,CA,0
IS5-3-21-2015-0,2015-03-21,IS5,49.5467,-124.1083,WSGS84,300,CA,0
IS5-3-23-2021-0,2021-03-23,IS5,49.5471,-124.1086,WSGS84,300,CA,0
IS5-3-24-2020-0,2020-03-24,IS5,49.5467,-124.1083,WSGS84,300,CA,0
IS5-3-24-2022-0,2022-03-24,IS5,49.5467,-124.1083,WSGS84,300,CA,0
IS5-3-26-2021-0,2021-03-26,IS5,49.5469,-124.1081,WSGS84,300,CA,0
IS5-3-27-2018-0,2018-03-27,IS5,49.5467,-124.1083,WSGS84,300,CA,0
IS5-3-28-2019-0,2019-03-28,IS5,49.5467,-124.1083,WSGS84,300,CA,0
IS5-3-28-2023-0,2023-03-28,IS5,49.5467,-124.1083,WSGS84,300,CA,0
IS5-3-29-2016-0,2016-03-29,IS5,49.5472,-124.108,WSGS84,300,CA,0
IS5-3-31-2022-0,2022-03-31,IS5,49.5467,-124.1083,WSGS84,300,CA,0
IS5-3-7-2019-0,2019-03-07,IS5,49.5467,-124.1083,WSGS84,300,CA,0
IS5-3-8-2018-0,2018-03-08,IS5,49.5467,-124.1083,WSGS84,300,CA,0
IS5-3-9-2017-0,2017-03-09,IS5,49.5468,-124.1086,WSGS84,300,CA,0
IS5-3-9-2023-0,2023-03-09,IS5,49.5467,-124.1083,WSGS84,300,CA,0
IS5-4-1-2020-0,2020-04-01,IS5,49.5467,-124.1083,WSGS84,300,CA,0
IS5-4-10-2016-0,2016-04-10,IS5,49.5464,-124.1084,WSGS84,300,CA,0
IS5-4-11-2021-0,2021-04-11,IS5,49.5466,-124.1086,WSGS84,300,CA,0
IS5-4-12-2015-0,2015-04-12,IS5,49.5463,-124.1076,WSGS84,300,CA,0
IS5-4-13-2023-0,2023-04-13,IS5,49.5467,-124.1083,WSGS84,300,CA,0
IS5-4-14-2022-0,2022-04-14,IS5,49.5467,-124.1083,WSGS84,300,CA,0
IS5-4-15-2017-0,2017-04-15,IS5,49.5465,-124.1081,WSGS84,300,CA,0
IS5-4-16-2019-0,2019-04-16,IS5,49.5467,-124.1083,WSGS84,300,CA,0
IS5-4-17-2018-0,2018-04-17,IS5,49.5467,-124.1083,WSGS84,300,CA,0
IS5-4-18-2016-0,2016-04-18,IS5,49.5466,-124.1092,WSGS84,300,CA,0
IS5-4-18-2021-0,2021-04-18,IS5,49.5471,-124.108,WSGS84,300,CA,0
IS5-4-19-2015-0,2015-04-19,IS5,49.545,-124.1083,WSGS84,300,CA,0
IS5-4-2-2015-0,2015-04-02,IS5,49.5454,-124.1072,WSGS84,300,CA,0
IS5-4-21-2023-0,2023-04-21,IS5,49.5467,-124.1083,WSGS84,300,CA,0
IS5-4-22-2022-0,2022-04-22,IS5,49.5467,-124.1083,WSGS84,300,CA,0
IS5-4-23-2020-0,2020-04-23,IS5,49.5467,-124.1083,WSGS84,300,CA,0
IS5-4-24-2017-0,2017-04-24,IS5,49.5467,-124.1083,WSGS84,300,CA,0
IS5-4-25-2019-0,2019-04-25,IS5,49.5467,-124.1083,WSGS84,300,CA,0
IS5-4-26-2016-0,2016-04-26,IS5,49.5467,-124.1089,WSGS84,300,CA,0
IS5-4-26-2018-0,2018-04-26,IS5,49.5467,-124.1083,WSGS84,300,CA,0
IS5-4-26-2023-0,2023-04-26,IS5,49.5467,-124.1083,WSGS84,300,CA,0
IS5-4-3-2018-0,2018-04-03,IS5,49.5467,-124.1083,WSGS84,300,CA,0
IS5-4-5-2021-0,2021-04-05,IS5,49.5468,-124.1092,WSGS84,300,CA,0
IS5-4-6-2022-0,2022-04-06,IS5,49.5467,-124.1083,WSGS84,300,CA,0
IS5-4-8-2019-0,2019-04-08,IS5,49.5467,-124.1083,WSGS84,300,CA,0
IS5-5-10-2016-0,2016-05-10,IS5,49.5468,-124.109,WSGS84,300,CA,0
IS5-5-10-2018-0,2018-05-10,IS5,49.5467,-124.1083,WSGS84,300,CA,0
IS5-5-11-2015-0,2015-05-11,IS5,49.5463,-124.1098,WSGS84,300,CA,0
IS5-5-11-2021-0,2021-05-11,IS5,49.5468,-124.1081,WSGS84,300,CA,0
IS5-5-14-2017-0,2017-05-14,IS5,49.5472,-124.1096,WSGS84,300,CA,0
IS5-5-14-2020-0,2020-05-14,IS5,49.5467,-124.1083,WSGS84,300,CA,0
IS5-5-14-2022-0,2022-05-14,IS5,49.5467,-124.1083,WSGS84,300,CA,0
IS5-5-17-2016-0,2016-05-17,IS5,49.5473,-124.1092,WSGS84,300,CA,0
IS5-5-17-2018-0,2018-05-17,IS5,49.5467,-124.1083,WSGS84,300,CA,0
IS5-5-17-2021-0,2021-05-17,IS5,49.5469,-124.1079,WSGS84,300,CA,0
IS5-5-18-2015-0,2015-05-18,IS5,49.5475,-124.1092,WSGS84,300,CA,0
IS5-5-20-2022-0,2022-05-20,IS5,49.5467,-124.1083,WSGS84,300,CA,0
IS5-5-21-2017-0,2017-05-21,IS5,49.5465,-124.1089,WSGS84,300,CA,0
IS5-5-23-2019-0,2019-05-23,IS5,49.5467,-124.1083,WSGS84,300,CA,0
IS5-5-24-2016-0,2016-05-24,IS5,49.5467,-124.1087,WSGS84,300,CA,0
IS5-5-26-2015-0,2015-05-26,IS5,49.5467,-124.1083,WSGS84,300,CA,0
IS5-5-27-2023-0,2023-05-27,IS5,49.5467,-124.1083,WSGS84,300,CA,0
IS5-5-31-2018-0,2018-05-31,IS5,49.5467,-124.1083,WSGS84,300,CA,0
IS5-5-4-2023-0,2023-05-04,IS5,49.5467,-124.1083,WSGS84,300,CA,0
IS5-5-8-2020-0,2020-05-08,IS5,49.5467,-124.1083,WSGS84,300,CA,0
IS5-5-9-2019-0,2019-05-09,IS5,49.5467,-124.1083,WSGS84,300,CA,0
IS5-6-12-2017-0,2017-06-12,IS5,49.5469,-124.1085,WSGS84,300,CA,0
IS5-6-13-2022-0,2022-06-13,IS5,49.5467,-124.1083,WSGS84,300,CA,0
IS5-6-14-2018-0,2018-06-14,IS5,49.5467,-124.1083,WSGS84,300,CA,0
IS5-6-15-2015-0,2015-06-15,IS5,49.5474,-124.1095,WSGS84,300,CA,0
IS5-6-15-2016-0,2016-06-15,IS5,49.5467,-124.1094,WSGS84,300,CA,0
IS5-6-15-2023-0,2023-06-15,IS5,49.5467,-124.1083,WSGS84,300,CA,0
IS5-6-16-2021-0,2021-06-16,IS5,49.547,-124.109,WSGS84,300,CA,0
IS5-6-20-2018-0,2018-06-20,IS5,49.5467,-124.1083,WSGS84,300,CA,0
IS5-6-20-2022-0,2022-06-20,IS5,49.5467,-124.1083,WSGS84,300,CA,0
IS5-6-21-2019-0,2019-06-21,IS5,49.5467,-124.1083,WSGS84,300,CA,0
IS5-6-23-2017-0,2017-06-23,IS5,49.5456,-124.1085,WSGS84,300,CA,0
IS5-6-24-2015-0,2015-06-24,IS5,49.5472,-124.1093,WSGS84,300,CA,0
IS5-6-26-2020-0,2020-06-26,IS5,49.5467,-124.1083,WSGS84,300,CA,0
IS5-6-26-2023-0,2023-06-26,IS5,49.5467,-124.1083,WSGS84,300,CA,0
IS5-6-28-2016-0,2016-06-28,IS5,49.5469,-124.1084,WSGS84,300,CA,0
IS5-6-4-2019-0,2019-06-04,IS5,49.5467,-124.1083,WSGS84,300,CA,0
IS5-6-4-2020-0,2020-06-04,IS5,49.5467,-124.1083,WSGS84,300,CA,0
IS5-6-6-2017-0,2017-06-06,IS5,49.5467,-124.109,WSGS84,300,CA,0
IS5-6-7-2016-0,2016-06-07,IS5,49.5462,-124.1089,WSGS84,300,CA,0
IS5-6-7-2018-0,2018-06-07,IS5,49.5467,-124.1083,WSGS84,300,CA,0
IS5-6-9-2015-0,2015-06-09,IS5,49.5458,-124.1075,WSGS84,300,CA,0
IS5-6-9-2021-0,2021-06-09,IS5,49.5463,-124.1087,WSGS84,300,CA,0
IS5-7-1-2015-0,2015-07-01,IS5,49.5455,-124.1082,WSGS84,300,CA,0
IS5-7-11-2018-0,2018-07-11,IS5,49.5467,-124.1083,WSGS84,300,CA,0
IS5-7-11-2022-0,2022-07-11,IS5,49.5467,-124.1083,WSGS84,300,CA,0
IS5-7-15-2015-0,2015-07-15,IS5,49.5464,-124.1098,WSGS84,300,CA,0
IS5-7-15-2023-0,2023-07-15,IS5,49.5467,-124.1083,WSGS84,300,CA,0
IS5-7-17-2021-0,2021-07-17,IS5,49.5468,-124.1098,WSGS84,300,CA,0
IS5-7-18-2017-0,2017-07-18,IS5,49.5464,-124.1075,WSGS84,300,CA,0
IS5-7-18-2022-0,2022-07-18,IS5,49.5467,-124.1083,WSGS84,300,CA,0
IS5-7-20-2016-0,2016-07-20,IS5,49.5476,-124.1084,WSGS84,300,CA,0
IS5-7-24-2019-0,2019-07-24,IS5,49.5467,-124.1083,WSGS84,300,CA,0
IS5-7-25-2018-0,2018-07-25,IS5,49.5467,-124.1083,WSGS84,300,CA,0
IS5-7-25-2020-0,2020-07-25,IS5,49.5467,-124.1083,WSGS84,300,CA,0
IS5-7-26-2016-0,2016-07-26,IS5,49.5467,-124.1083,WSGS84,300,CA,0
IS5-7-27-2023-0,2023-07-27,IS5,49.5467,-124.1083,WSGS84,300,CA,0
IS5-7-3-2018-0,2018-07-03,IS5,49.5467,-124.1083,WSGS84,300,CA,0
IS5-7-30-2017-0,2017-07-30,IS5,49.548,-124.1107,WSGS84,300,CA,0
IS5-7-5-2016-0,2016-07-05,IS5,49.5462,-124.1074,WSGS84,300,CA,0
IS5-7-5-2017-0,2017-07-05,IS5,49.5464,-124.1085,WSGS84,300,CA,0
IS5-7-5-2020-0,2020-07-05,IS5,49.5467,-124.1083,WSGS84,300,CA,0
IS5-7-7-2021-0,2021-07-07,IS5,49.547,-124.1101,WSGS84,300,CA,0
IS5-7-8-2019-0,2019-07-08,IS5,49.5467,-124.1083,WSGS84,300,CA,0
IS5-8-14-2015-0,2015-08-14,IS5,49.5465,-124.1098,WSGS84,300,CA,0
IS5-8-14-2017-0,2017-08-14,IS5,49.5465,-124.1085,WSGS84,300,CA,0
IS5-8-15-2018-0,2018-08-15,IS5,49.5467,-124.1083,WSGS84,300,CA,0
IS5-8-16-2022-0,2022-08-16,IS5,49.5467,-124.1083,WSGS84,300,CA,0
IS5-8-16-2023-0,2023-08-16,IS5,49.5467,-124.1083,WSGS84,300,CA,0
IS5-8-19-2019-0,2019-08-19,IS5,49.5467,-124.1083,WSGS84,300,CA,0
IS5-8-2-2016-0,2016-08-02,IS5,49.5474,-124.1091,WSGS84,300,CA,0
IS5-8-20-2017-0,2017-08-20,IS5,49.5467,-124.1093,WSGS84,300,CA,0
IS5-8-22-2016-0,2016-08-22,IS5,49.5463,-124.108,WSGS84,300,CA,0
IS5-8-22-2018-0,2018-08-22,IS5,49.5467,-124.1083,WSGS84,300,CA,0
IS5-8-23-2023-0,2023-08-23,IS5,49.5467,-124.1083,WSGS84,300,CA,0
IS5-8-25-2020-0,2020-08-25,IS5,49.5467,-124.1083,WSGS84,300,CA,0
IS5-8-28-2021-0,2021-08-28,IS5,49.547,-124.1093,WSGS84,300,CA,0
IS5-8-3-2018-0,2018-08-03,IS5,49.5467,-124.1083,WSGS84,300,CA,0
IS5-8-5-2020-0,2020-08-05,IS5,49.5467,-124.1083,WSGS84,300,CA,0
IS5-8-6-2015-0,2015-08-06,IS5,49.5464,-124.1105,WSGS84,300,CA,0
IS5-8-6-2019-0,2019-08-06,IS5,49.5467,-124.1083,WSGS84,300,CA,0
IS5-8-9-2016-0,2016-08-09,IS5,49.5467,-124.1083,WSGS84,300,CA,0
IS5-8-9-2017-0,2017-08-09,IS5,49.5472,-124.1078,WSGS84,300,CA,0
IS5-8-9-2021-0,2021-08-09,IS5,49.5474,-124.1089,WSGS84,300,CA,0
IS5-8-9-2022-0,2022-08-09,IS5,49.5467,-124.1083,WSGS84,300,CA,0
IS5-9-10-2022-0,2022-09-10,IS5,49.5467,-124.1083,WSGS84,300,CA,0
IS5-9-14-2023-0,2023-09-14,IS5,49.5467,-124.1083,WSGS84,300,CA,0
IS5-9-15-2022-0,2022-09-15,IS5,49.5467,-124.1083,WSGS84,300,CA,0
IS5-9-16-2021-0,2021-09-16,IS5,49.5462,-124.1089,WSGS84,300,CA,0
IS5-9-17-2020-0,2020-09-17,IS5,49.5467,-124.1083,WSGS84,300,CA,0
IS5-9-19-2019-0,2019-09-19,IS5,49.5467,-124.1083,WSGS84,300,CA,0
IS5-9-2-2019-0,2019-09-02,IS5,49.5467,-124.1083,WSGS84,300,CA,0
IS5-9-20-2023-0,2023-09-20,IS5,49.5467,-124.1083,WSGS84,300,CA,0
IS5-9-21-2016-0,2016-09-21,IS5,49.5463,-124.1088,WSGS84,300,CA,0
IS5-9-21-2020-0,2020-09-21,IS5,49.5467,-124.1083,WSGS84,300,CA,0
IS5-9-23-2021-0,2021-09-23,IS5,49.5462,-124.1089,WSGS84,300,CA,0
IS5-9-24-2018-0,2018-09-24,IS5,49.5467,-124.1083,WSGS84,300,CA,0
IS5-9-27-2017-0,2017-09-27,IS5,49.5472,-124.1082,WSGS84,300,CA,0
IS5-9-6-2017-0,2017-09-06,IS5,49.5467,-124.1091,WSGS84,300,CA,0
IS5-9-6-2018-0,2018-09-06,IS5,49.5467,-124.1083,WSGS84,300,CA,0
IS5-9-9-2016-0,2016-09-09,IS5,49.5463,-124.1082,WSGS84,300,CA,0
IS6-10-12-2023-0,2023-10-12,IS6,49.7083,-124.0583,WSGS84,300,CA,0
IS6-2-27-2023-0,2023-02-27,IS6,49.7083,-124.0583,WSGS84,300,CA,0
IS6-3-15-2023-0,2023-03-15,IS6,49.7083,-124.0583,WSGS84,300,CA,0
IS6-3-19-2023-0,2023-03-19,IS6,49.7083,-124.0583,WSGS84,300,CA,0
IS6-3-28-2023-0,2023-03-28,IS6,49.7083,-124.0583,WSGS84,300,CA,0
IS6-3-9-2023-0,2023-03-09,IS6,49.7083,-124.0583,WSGS84,300,CA,0
IS6-4-13-2023-0,2023-04-13,IS6,49.7083,-124.0583,WSGS84,300,CA,0
IS6-4-21-2023-0,2023-04-21,IS6,49.7083,-124.0583,WSGS84,300,CA,0
IS6-4-26-2023-0,2023-04-26,IS6,49.7083,-124.0583,WSGS84,300,CA,0
IS6-5-27-2023-0,2023-05-27,IS6,49.7083,-124.0583,WSGS84,300,CA,0
IS6-5-4-2023-0,2023-05-04,IS6,49.7083,-124.0583,WSGS84,300,CA,0
IS6-6-15-2023-0,2023-06-15,IS6,49.7083,-124.0583,WSGS84,300,CA,0
IS6-6-26-2023-0,2023-06-26,IS6,49.7083,-124.0583,WSGS84,300,CA,0
IS6-7-15-2023-0,2023-07-15,IS6,49.7083,-124.0583,WSGS84,300,CA,0
IS6-7-27-2023-0,2023-07-27,IS6,49.7083,-124.0583,WSGS84,300,CA,0
IS6-8-16-2023-0,2023-08-16,IS6,49.7083,-124.0583,WSGS84,300,CA,0
IS6-8-23-2023-0,2023-08-23,IS6,49.7083,-124.0583,WSGS84,300,CA,0
IS6-9-14-2023-0,2023-09-14,IS6,49.7083,-124.0583,WSGS84,300,CA,0
IS6-9-20-2023-0,2023-09-20,IS6,49.7083,-124.0583,WSGS84,300,CA,0
LD1-1-13-2021-0,2021-01-13,LD1,49.9867,-124.8217,WSGS84,300,CA,0
LD1-1-15-2022-0,2022-01-15,LD1,49.9867,-124.8217,WSGS84,300,CA,0
LD1-10-1-2020-0,2020-10-01,LD1,49.9867,-124.8217,WSGS84,300,CA,0
LD1-10-10-2018-0,2018-10-10,LD1,49.9867,-124.8217,WSGS84,300,CA,0
LD1-10-13-2023-0,2023-10-13,LD1,49.9867,-124.8217,WSGS84,300,CA,0
LD1-10-15-2017-0,2017-10-15,LD1,49.9867,-124.822,WSGS84,300,CA,0
LD1-10-17-2016-0,2016-10-17,LD1,49.9869,-124.8225,WSGS84,300,CA,0
LD1-10-18-2021-0,2021-10-18,LD1,49.9866,-124.8216,WSGS84,300,CA,0
LD1-10-5-2015-0,2015-10-05,LD1,49.9866,-124.8217,WSGS84,300,CA,0
LD1-10-7-2022-0,2022-10-07,LD1,49.9867,-124.8217,WSGS84,300,CA,0
LD1-10-9-2019-0,2019-10-09,LD1,49.9867,-124.7217,WSGS84,300,CA,0
LD1-11-13-2019-0,2019-11-13,LD1,49.9867,-124.7217,WSGS84,300,CA,0
LD1-12-9-2020-0,2020-12-09,LD1,49.9867,-124.8217,WSGS84,300,CA,0
LD1-12-9-2021-0,2021-12-09,LD1,49.9867,-124.8217,WSGS84,300,CA,0
LD1-2-16-2015-0,2015-02-16,LD1,49.9867,-124.8221,WSGS84,300,CA,0
LD1-2-18-2016-0,2016-02-18,LD1,49.9967,-124.8217,WSGS84,300,CA,0
LD1-2-24-2021-0,2021-02-24,LD1,49.9872,-124.822,WSGS84,300,CA,0
LD1-2-24-2022-0,2022-02-24,LD1,49.9867,-124.8217,WSGS84,300,CA,0
LD1-2-26-2020-0,2020-02-26,LD1,49.9869,-124.8223,WSGS84,300,CA,0
LD1-2-27-2023-0,2023-02-27,LD1,49.9867,-124.8217,WSGS84,300,CA,0
LD1-3-1-2017-0,2017-03-01,LD1,49.9853,-124.8197,WSGS84,300,CA,0
LD1-3-11-2021-0,2021-03-11,LD1,49.9866,-124.8217,WSGS84,300,CA,0
LD1-3-12-2015-0,2015-03-12,LD1,49.9867,-124.8217,WSGS84,300,CA,0
LD1-3-13-2018-0,2018-03-13,LD1,49.9867,-124.8217,WSGS84,300,CA,0
LD1-3-15-2023-0,2023-03-15,LD1,49.9867,-124.8217,WSGS84,300,CA,0
LD1-3-16-2020-0,2020-03-16,LD1,49.9867,-124.8217,WSGS84,300,CA,0
LD1-3-16-2022-0,2022-03-16,LD1,49.9867,-124.8217,WSGS84,300,CA,0
LD1-3-17-2019-0,2019-03-17,LD1,49.9867,-124.7217,WSGS84,300,CA,0
LD1-3-18-2016-0,2016-03-18,LD1,49.9868,-124.8216,WSGS84,300,CA,0
LD1-3-20-2017-0,2017-03-20,LD1,49.9867,-124.8217,WSGS84,300,CA,0
LD1-3-21-2015-0,2015-03-21,LD1,49.988,-124.8242,WSGS84,300,CA,0
LD1-3-22-2021-0,2021-03-22,LD1,49.9863,-124.8222,WSGS84,300,CA,0
LD1-3-24-2018-0,2018-03-24,LD1,49.9867,-124.8217,WSGS84,300,CA,0
LD1-3-24-2022-0,2022-03-24,LD1,49.9867,-124.8217,WSGS84,300,CA,0
LD1-3-27-2015-0,2015-03-27,LD1,49.9867,-124.8218,WSGS84,300,CA,0
LD1-3-29-2016-0,2016-03-29,LD1,49.9866,-124.8217,WSGS84,300,CA,0
LD1-3-29-2023-0,2023-03-29,LD1,49.9867,-124.8217,WSGS84,300,CA,0
LD1-3-30-2019-0,2019-03-30,LD1,49.9867,-124.7217,WSGS84,300,CA,0
LD1-3-30-2021-0,2021-03-30,LD1,49.9867,-124.8216,WSGS84,300,CA,0
LD1-3-5-2023-0,2023-03-05,LD1,49.9867,-124.8217,WSGS84,300,CA,0
LD1-3-8-2018-0,2018-03-08,LD1,49.9867,-124.7217,WSGS84,300,CA,0
LD1-3-8-2019-0,2019-03-08,LD1,49.9867,-124.7217,WSGS84,300,CA,0
LD1-3-9-2017-0,2017-03-09,LD1,49.9868,-124.8216,WSGS84,300,CA,0
LD1-3-9-2020-0,2020-03-09,LD1,49.9867,-124.8217,WSGS84,300,CA,0
LD1-3-9-2022-0,2022-03-09,LD1,49.9867,-124.8217,WSGS84,300,CA,0
LD1-4-1-2020-0,2020-04-01,LD1,49.9867,-124.8215,WSGS84,300,CA,0
LD1-4-10-2021-0,2021-04-10,LD1,49.9867,-124.8217,WSGS84,300,CA,0
LD1-4-12-2016-0,2016-04-12,LD1,49.9869,-124.8217,WSGS84,300,CA,0
LD1-4-13-2017-0,2017-04-13,LD1,49.9869,-124.8221,WSGS84,300,CA,0
LD1-4-13-2023-0,2023-04-13,LD1,49.9867,-124.8217,WSGS84,300,CA,0
LD1-4-14-2022-0,2022-04-14,LD1,49.9867,-124.8217,WSGS84,300,CA,0
LD1-4-18-2015-0,2015-04-18,LD1,49.9867,-124.8216,WSGS84,300,CA,0
LD1-4-18-2016-0,2016-04-18,LD1,49.9867,-124.8216,WSGS84,300,CA,0
LD1-4-19-2018-0,2018-04-19,LD1,49.9867,-124.8217,WSGS84,300,CA,0
LD1-4-19-2019-0,2019-04-19,LD1,49.9867,-124.7217,WSGS84,300,CA,0
LD1-4-2-2018-0,2018-04-02,LD1,49.9867,-124.8217,WSGS84,300,CA,0
LD1-4-2-2023-0,2023-04-02,LD1,49.9867,-124.8217,WSGS84,300,CA,0
LD1-4-20-2021-0,2021-04-20,LD1,49.9866,-124.8217,WSGS84,300,CA,0
LD1-4-22-2022-0,2022-04-22,LD1,49.9867,-124.8217,WSGS84,300,CA,0
LD1-4-23-2020-0,2020-04-23,LD1,49.9866,-124.8217,WSGS84,300,CA,0
LD1-4-24-2017-0,2017-04-24,LD1,49.9867,-124.8219,WSGS84,300,CA,0
LD1-4-25-2023-0,2023-04-25,LD1,49.9867,-124.8217,WSGS84,300,CA,0
LD1-4-26-2016-0,2016-04-26,LD1,49.9867,-124.8218,WSGS84,300,CA,0
LD1-4-26-2018-0,2018-04-26,LD1,49.9867,-124.8217,WSGS84,300,CA,0
LD1-4-29-2020-0,2020-04-29,LD1,49.9867,-124.8216,WSGS84,300,CA,0
LD1-4-4-2015-0,2015-04-04,LD1,49.9871,-124.8251,WSGS84,300,CA,0
LD1-4-6-2021-0,2021-04-06,LD1,49.9868,-124.8219,WSGS84,300,CA,0
LD1-4-7-2022-0,2022-04-07,LD1,49.9867,-124.8217,WSGS84,300,CA,0
LD1-4-8-2019-0,2019-04-08,LD1,49.9867,-124.7217,WSGS84,300,CA,0
LD1-4-9-2015-0,2015-04-09,LD1,49.9872,-124.8218,WSGS84,300,CA,0
LD1-5-11-2015-0,2015-05-11,LD1,49.9869,-124.8217,WSGS84,300,CA,0
LD1-5-11-2017-0,2017-05-11,LD1,49.9867,-124.8218,WSGS84,300,CA,0
LD1-5-11-2021-0,2021-05-11,LD1,49.9866,-124.8214,WSGS84,300,CA,0
LD1-5-13-2022-0,2022-05-13,LD1,49.9867,-124.8217,WSGS84,300,CA,0
LD1-5-14-2020-0,2020-05-14,LD1,49.9866,-124.8215,WSGS84,300,CA,0
LD1-5-16-2016-0,2016-05-16,LD1,49.9866,-124.8217,WSGS84,300,CA,0
LD1-5-16-2018-0,2018-05-16,LD1,49.9867,-124.8217,WSGS84,300,CA,0
LD1-5-18-2015-0,2015-05-18,LD1,49.9873,-124.8222,WSGS84,300,CA,0
LD1-5-22-2017-0,2017-05-22,LD1,49.9867,-124.8216,WSGS84,300,CA,0
LD1-5-22-2022-0,2022-05-22,LD1,49.9867,-124.8217,WSGS84,300,CA,0
LD1-5-24-2016-0,2016-05-24,LD1,49.9866,-124.8217,WSGS84,300,CA,0
LD1-5-26-2023-0,2023-05-26,LD1,49.9867,-124.8217,WSGS84,300,CA,0
LD1-5-30-2018-0,2018-05-30,LD1,49.9867,-124.8217,WSGS84,300,CA,0
LD1-5-4-2017-0,2017-05-04,LD1,49.9866,-124.8216,WSGS84,300,CA,0
LD1-5-4-2023-0,2023-05-04,LD1,49.9867,-124.8217,WSGS84,300,CA,0
LD1-5-7-2020-0,2020-05-07,LD1,49.9867,-124.8216,WSGS84,300,CA,0
LD1-5-8-2018-0,2018-05-08,LD1,49.9867,-124.8217,WSGS84,300,CA,0
LD1-5-9-2016-0,2016-05-09,LD1,49.9866,-124.8217,WSGS84,300,CA,0
LD1-6-10-2021-0,2021-06-10,LD1,49.9867,-124.8217,WSGS84,300,CA,0
LD1-6-13-2016-0,2016-06-13,LD1,49.9967,-124.8217,WSGS84,300,CA,0
LD1-6-13-2017-0,2017-06-13,LD1,49.9867,-124.7217,WSGS84,300,CA,0
LD1-6-13-2018-0,2018-06-13,LD1,49.9867,-124.8217,WSGS84,300,CA,0
LD1-6-13-2022-0,2022-06-13,LD1,49.9867,-124.8217,WSGS84,300,CA,0
LD1-6-15-2021-0,2021-06-15,LD1,49.9869,-124.8223,WSGS84,300,CA,0
LD1-6-15-2023-0,2023-06-15,LD1,49.9867,-124.8217,WSGS84,300,CA,0
LD1-6-19-2018-0,2018-06-19,LD1,49.9867,-124.8217,WSGS84,300,CA,0
LD1-6-21-2019-0,2019-06-21,LD1,49.9867,-124.7217,WSGS84,300,CA,0
LD1-6-22-2017-0,2017-06-22,LD1,49.9864,-124.8214,WSGS84,300,CA,0
LD1-6-23-2023-0,2023-06-23,LD1,49.9867,-124.8217,WSGS84,300,CA,0
LD1-6-26-2020-0,2020-06-26,LD1,49.9861,-124.8212,WSGS84,300,CA,0
LD1-6-28-2016-0,2016-06-28,LD1,49.9867,-124.8217,WSGS84,300,CA,0
LD1-6-4-2019-0,2019-06-04,LD1,49.9867,-124.7217,WSGS84,300,CA,0
LD1-6-5-2020-0,2020-06-05,LD1,49.9867,-124.8217,WSGS84,300,CA,0
LD1-6-6-2016-0,2016-06-06,LD1,49.986,-124.8204,WSGS84,300,CA,0
LD1-6-6-2017-0,2017-06-06,LD1,49.9868,-124.8217,WSGS84,300,CA,0
LD1-6-6-2018-0,2018-06-06,LD1,49.9867,-124.8217,WSGS84,300,CA,0
LD1-6-9-2015-0,2015-06-09,LD1,49.9866,-124.822,WSGS84,300,CA,0
LD1-7-1-2015-0,2015-07-01,LD1,49.9866,-124.822,WSGS84,300,CA,0
LD1-7-11-2022-0,2022-07-11,LD1,49.9867,-124.8217,WSGS84,300,CA,0
LD1-7-12-2018-0,2018-07-12,LD1,49.9867,-124.8217,WSGS84,300,CA,0
LD1-7-15-2015-0,2015-07-15,LD1,49.9865,-124.8215,WSGS84,300,CA,0
LD1-7-16-2023-0,2023-07-16,LD1,49.9867,-124.8217,WSGS84,300,CA,0
LD1-7-17-2017-0,2017-07-17,LD1,49.9864,-124.8216,WSGS84,300,CA,0
LD1-7-20-2016-0,2016-07-20,LD1,49.9868,-124.8222,WSGS84,300,CA,0
LD1-7-22-2020-0,2020-07-22,LD1,49.9867,-124.8216,WSGS84,300,CA,0
LD1-7-22-2022-0,2022-07-22,LD1,49.9867,-124.8217,WSGS84,300,CA,0
LD1-7-23-2019-0,2019-07-23,LD1,49.9867,-124.7217,WSGS84,300,CA,0
LD1-7-24-2018-0,2018-07-24,LD1,49.9867,-124.8217,WSGS84,300,CA,0
LD1-7-25-2016-0,2016-07-25,LD1,49.9864,-124.8216,WSGS84,300,CA,0
LD1-7-26-2023-0,2023-07-26,LD1,49.9867,-124.8217,WSGS84,300,CA,0
LD1-7-29-2017-0,2017-07-29,LD1,49.9869,-124.8221,WSGS84,300,CA,0
LD1-7-4-2018-0,2018-07-04,LD1,49.9867,-124.8217,WSGS84,300,CA,0
LD1-7-5-2016-0,2016-07-05,LD1,49.9865,-124.8215,WSGS84,300,CA,0
LD1-7-6-2020-0,2020-07-06,LD1,49.9867,-124.8217,WSGS84,300,CA,0
LD1-7-7-2017-0,2017-07-07,LD1,49.9867,-124.8217,WSGS84,300,CA,0
LD1-7-8-2019-0,2019-07-08,LD1,49.9867,-124.7217,WSGS84,300,CA,0
LD1-7-8-2021-0,2021-07-08,LD1,49.9865,-124.8222,WSGS84,300,CA,0
LD1-8-11-2022-0,2022-08-11,LD1,49.9867,-124.8217,WSGS84,300,CA,0
LD1-8-14-2015-0,2015-08-14,LD1,49.9866,-124.8217,WSGS84,300,CA,0
LD1-8-14-2017-0,2017-08-14,LD1,49.9866,-124.8216,WSGS84,300,CA,0
LD1-8-14-2018-0,2018-08-14,LD1,49.9867,-124.8217,WSGS84,300,CA,0
LD1-8-16-2023-0,2023-08-16,LD1,49.9867,-124.8217,WSGS84,300,CA,0
LD1-8-18-2022-0,2022-08-18,LD1,49.9867,-124.8217,WSGS84,300,CA,0
LD1-8-20-2019-0,2019-08-20,LD1,49.9867,-124.7217,WSGS84,300,CA,0
LD1-8-22-2017-0,2017-08-22,LD1,49.9867,-124.8218,WSGS84,300,CA,0
LD1-8-23-2016-0,2016-08-23,LD1,49.9868,-124.8218,WSGS84,300,CA,0
LD1-8-23-2018-0,2018-08-23,LD1,49.9867,-124.8217,WSGS84,300,CA,0
LD1-8-23-2023-0,2023-08-23,LD1,49.9867,-124.8217,WSGS84,300,CA,0
LD1-8-25-2020-0,2020-08-25,LD1,49.9867,-124.8217,WSGS84,300,CA,0
LD1-8-28-2021-0,2021-08-28,LD1,49.9867,-124.8215,WSGS84,300,CA,0
LD1-8-3-2016-0,2016-08-03,LD1,49.9865,-124.8218,WSGS84,300,CA,0
LD1-8-4-2020-0,2020-08-04,LD1,49.9866,-124.8219,WSGS84,300,CA,0
LD1-8-6-2015-0,2015-08-06,LD1,49.9866,-124.8217,WSGS84,300,CA,0
LD1-8-7-2019-0,2019-08-07,LD1,49.9867,-124.7217,WSGS84,300,CA,0
LD1-8-8-2021-0,2021-08-08,LD1,49.9863,-124.8219,WSGS84,300,CA,0
LD1-8-9-2016-0,2016-08-09,LD1,49.9865,-124.8214,WSGS84,300,CA,0
LD1-8-9-2017-0,2017-08-09,LD1,49.9866,-124.8217,WSGS84,300,CA,0
LD1-9-10-2022-0,2022-09-10,LD1,49.9867,-124.8217,WSGS84,300,CA,0
LD1-9-13-2023-0,2023-09-13,LD1,49.9867,-124.8217,WSGS84,300,CA,0
LD1-9-14-2015-0,2015-09-14,LD1,49.9866,-124.8217,WSGS84,300,CA,0
LD1-9-16-2021-0,2021-09-16,LD1,49.9858,-124.821,WSGS84,300,CA,0
LD1-9-17-2020-0,2020-09-17,LD1,49.9867,-124.8217,WSGS84,300,CA,0
LD1-9-17-2022-0,2022-09-17,LD1,49.9867,-124.8217,WSGS84,300,CA,0
LD1-9-19-2019-0,2019-09-19,LD1,49.9867,-124.7217,WSGS84,300,CA,0
LD1-9-21-2016-0,2016-09-21,LD1,49.9866,-124.8217,WSGS84,300,CA,0
LD1-9-22-2023-0,2023-09-22,LD1,49.9867,-124.8217,WSGS84,300,CA,0
LD1-9-24-2018-0,2018-09-24,LD1,49.9867,-124.8217,WSGS84,300,CA,0
LD1-9-24-2021-0,2021-09-24,LD1,49.9868,-124.8219,WSGS84,300,CA,0
LD1-9-26-2017-0,2017-09-26,LD1,49.9867,-124.8217,WSGS84,300,CA,0
LD1-9-26-2020-0,2020-09-26,LD1,49.9867,-124.8217,WSGS84,300,CA,0
LD1-9-4-2019-0,2019-09-04,LD1,49.9867,-124.7217,WSGS84,300,CA,0
LD1-9-5-2018-0,2018-09-05,LD1,49.9867,-124.8217,WSGS84,300,CA,0
LD1-9-6-2017-0,2017-09-06,LD1,49.9867,-124.8216,WSGS84,300,CA,0
LD1-9-8-2016-0,2016-09-08,LD1,49.9866,-124.8215,WSGS84,300,CA,0
LD2-1-13-2021-0,2021-01-13,LD2,49.9633,-124.8567,WSGS84,300,CA,0
LD2-1-15-2022-0,2022-01-15,LD2,49.9633,-124.8567,WSGS84,300,CA,0
LD2-10-1-2020-0,2020-10-01,LD2,49.9632,-124.8567,WSGS84,300,CA,0
LD2-10-10-2018-0,2018-10-10,LD2,49.9633,-124.8567,WSGS84,300,CA,0
LD2-10-13-2023-0,2023-10-13,LD2,49.9633,-124.8567,WSGS84,300,CA,0
LD2-10-15-2017-0,2017-10-15,LD2,49.9634,-124.8566,WSGS84,300,CA,0
LD2-10-17-2016-0,2016-10-17,LD2,49.9634,-124.8569,WSGS84,300,CA,0
LD2-10-18-2021-0,2021-10-18,LD2,49.9632,-124.8564,WSGS84,300,CA,0
LD2-10-5-2015-0,2015-10-05,LD2,49.9632,-124.8566,WSGS84,300,CA,0
LD2-10-7-2022-0,2022-10-07,LD2,49.9633,-124.8567,WSGS84,300,CA,0
LD2-10-9-2019-0,2019-10-09,LD2,49.9633,-124.8567,WSGS84,300,CA,0
LD2-11-13-2019-0,2019-11-13,LD2,49.9633,-124.8567,WSGS84,300,CA,0
LD2-12-9-2020-0,2020-12-09,LD2,49.9632,-124.8567,WSGS84,300,CA,0
LD2-12-9-2021-0,2021-12-09,LD2,49.9633,-124.8567,WSGS84,300,CA,0
LD2-2-16-2015-0,2015-02-16,LD2,49.9616,-124.8567,WSGS84,300,CA,0
LD2-2-18-2016-0,2016-02-18,LD2,49.9633,-124.8567,WSGS84,300,CA,0
LD2-2-24-2021-0,2021-02-24,LD2,49.9634,-124.8568,WSGS84,300,CA,0
LD2-2-24-2022-0,2022-02-24,LD2,49.9633,-124.8567,WSGS84,300,CA,0
LD2-2-26-2020-0,2020-02-26,LD2,49.9634,-124.8574,WSGS84,300,CA,0
LD2-2-27-2023-0,2023-02-27,LD2,49.9633,-124.8567,WSGS84,300,CA,0
LD2-3-1-2017-0,2017-03-01,LD2,49.9637,-124.8566,WSGS84,300,CA,0
LD2-3-11-2021-0,2021-03-11,LD2,49.9632,-124.8567,WSGS84,300,CA,0
LD2-3-13-2015-0,2015-03-13,LD2,49.9635,-124.8574,WSGS84,300,CA,0
LD2-3-13-2018-0,2018-03-13,LD2,49.9633,-124.8567,WSGS84,300,CA,0
LD2-3-15-2023-0,2023-03-15,LD2,49.9633,-124.8567,WSGS84,300,CA,0
LD2-3-16-2020-0,2020-03-16,LD2,49.9633,-124.8567,WSGS84,300,CA,0
LD2-3-16-2022-0,2022-03-16,LD2,49.9633,-124.8567,WSGS84,300,CA,0
LD2-3-17-2019-0,2019-03-17,LD2,49.9633,-124.8567,WSGS84,300,CA,0
LD2-3-18-2016-0,2016-03-18,LD2,49.9633,-124.8567,WSGS84,300,CA,0
LD2-3-20-2017-0,2017-03-20,LD2,49.9634,-124.8567,WSGS84,300,CA,0
LD2-3-21-2015-0,2015-03-21,LD2,49.9635,-124.8566,WSGS84,300,CA,0
LD2-3-22-2021-0,2021-03-22,LD2,49.963,-124.8568,WSGS84,300,CA,0
LD2-3-24-2018-0,2018-03-24,LD2,49.9633,-124.8567,WSGS84,300,CA,0
LD2-3-24-2022-0,2022-03-24,LD2,49.9633,-124.8567,WSGS84,300,CA,0
LD2-3-27-2015-0,2015-03-27,LD2,49.9633,-124.8569,WSGS84,300,CA,0
LD2-3-29-2016-0,2016-03-29,LD2,49.9631,-124.8568,WSGS84,300,CA,0
LD2-3-29-2023-0,2023-03-29,LD2,49.9633,-124.8567,WSGS84,300,CA,0
LD2-3-30-2019-0,2019-03-30,LD2,49.9633,-124.8567,WSGS84,300,CA,0
LD2-3-30-2021-0,2021-03-30,LD2,49.9634,-124.8566,WSGS84,300,CA,0
LD2-3-5-2023-0,2023-03-05,LD2,49.9633,-124.8567,WSGS84,300,CA,0
LD2-3-8-2018-0,2018-03-08,LD2,49.9633,-124.8567,WSGS84,300,CA,0
LD2-3-8-2019-0,2019-03-08,LD2,49.9633,-124.8567,WSGS84,300,CA,0
LD2-3-9-2017-0,2017-03-09,LD2,49.9634,-124.8567,WSGS84,300,CA,0
LD2-3-9-2020-0,2020-03-09,LD2,49.9633,-124.8567,WSGS84,300,CA,0
LD2-3-9-2022-0,2022-03-09,LD2,49.9633,-124.8567,WSGS84,300,CA,0
LD2-4-1-2020-0,2020-04-01,LD2,49.9633,-124.8564,WSGS84,300,CA,0
LD2-4-10-2021-0,2021-04-10,LD2,49.9632,-124.8567,WSGS84,300,CA,0
LD2-4-12-2016-0,2016-04-12,LD2,49.9634,-124.8566,WSGS84,300,CA,0
LD2-4-13-2017-0,2017-04-13,LD2,49.9636,-124.8568,WSGS84,300,CA,0
LD2-4-13-2023-0,2023-04-13,LD2,49.9633,-124.8567,WSGS84,300,CA,0
LD2-4-14-2022-0,2022-04-14,LD2,49.9633,-124.8567,WSGS84,300,CA,0
LD2-4-18-2015-0,2015-04-18,LD2,49.9623,-124.8568,WSGS84,300,CA,0
LD2-4-18-2016-0,2016-04-18,LD2,49.9633,-124.8567,WSGS84,300,CA,0
LD2-4-19-2018-0,2018-04-19,LD2,49.9633,-124.8567,WSGS84,300,CA,0
LD2-4-19-2019-0,2019-04-19,LD2,49.9633,-124.8567,WSGS84,300,CA,0
LD2-4-2-2018-0,2018-04-02,LD2,49.9633,-124.8567,WSGS84,300,CA,0
LD2-4-2-2023-0,2023-04-02,LD2,49.9633,-124.8567,WSGS84,300,CA,0
LD2-4-20-2021-0,2021-04-20,LD2,49.9632,-124.8568,WSGS84,300,CA,0
LD2-4-22-2022-0,2022-04-22,LD2,49.9633,-124.8567,WSGS84,300,CA,0
LD2-4-23-2020-0,2020-04-23,LD2,49.9633,-124.8567,WSGS84,300,CA,0
LD2-4-24-2017-0,2017-04-24,LD2,49.9633,-124.8567,WSGS84,300,CA,0
LD2-4-25-2023-0,2023-04-25,LD2,49.9633,-124.8567,WSGS84,300,CA,0
LD2-4-26-2016-0,2016-04-26,LD2,49.9633,-124.8566,WSGS84,300,CA,0
LD2-4-26-2018-0,2018-04-26,LD2,49.9633,-124.8567,WSGS84,300,CA,0
LD2-4-29-2020-0,2020-04-29,LD2,49.9633,-124.8565,WSGS84,300,CA,0
LD2-4-4-2015-0,2015-04-04,LD2,49.9633,-124.8567,WSGS84,300,CA,0
LD2-4-6-2017-0,2017-04-06,LD2,49.9633,-124.8567,WSGS84,300,CA,0
LD2-4-6-2021-0,2021-04-06,LD2,49.9635,-124.8571,WSGS84,300,CA,0
LD2-4-7-2022-0,2022-04-07,LD2,49.9633,-124.8567,WSGS84,300,CA,0
LD2-4-8-2019-0,2019-04-08,LD2,49.9633,-124.8567,WSGS84,300,CA,0
LD2-4-9-2015-0,2015-04-09,LD2,49.9632,-124.8573,WSGS84,300,CA,0
LD2-5-11-2015-0,2015-05-11,LD2,49.9625,-124.8565,WSGS84,300,CA,0
LD2-5-11-2017-0,2017-05-11,LD2,49.9634,-124.8569,WSGS84,300,CA,0
LD2-5-11-2021-0,2021-05-11,LD2,49.9633,-124.8566,WSGS84,300,CA,0
LD2-5-13-2022-0,2022-05-13,LD2,49.9633,-124.8567,WSGS84,300,CA,0
LD2-5-14-2020-0,2020-05-14,LD2,49.9633,-124.8567,WSGS84,300,CA,0
LD2-5-16-2016-0,2016-05-16,LD2,49.9632,-124.8568,WSGS84,300,CA,0
LD2-5-16-2018-0,2018-05-16,LD2,49.9633,-124.8567,WSGS84,300,CA,0
LD2-5-18-2015-0,2015-05-18,LD2,49.963,-124.8573,WSGS84,300,CA,0
LD2-5-22-2017-0,2017-05-22,LD2,49.9635,-124.8561,WSGS84,300,CA,0
LD2-5-22-2022-0,2022-05-22,LD2,49.9633,-124.8567,WSGS84,300,CA,0
LD2-5-24-2016-0,2016-05-24,LD2,49.9633,-124.8567,WSGS84,300,CA,0
LD2-5-25-2015-0,2015-05-25,LD2,49.9632,-124.8568,WSGS84,300,CA,0
LD2-5-26-2023-0,2023-05-26,LD2,49.9633,-124.8567,WSGS84,300,CA,0
LD2-5-30-2018-0,2018-05-30,LD2,49.9633,-124.8567,WSGS84,300,CA,0
LD2-5-4-2017-0,2017-05-04,LD2,49.9634,-124.8567,WSGS84,300,CA,0
LD2-5-4-2023-0,2023-05-04,LD2,49.9633,-124.8567,WSGS84,300,CA,0
LD2-5-7-2020-0,2020-05-07,LD2,49.9632,-124.8565,WSGS84,300,CA,0
LD2-5-8-2018-0,2018-05-08,LD2,49.9633,-124.8567,WSGS84,300,CA,0
LD2-5-9-2016-0,2016-05-09,LD2,49.9632,-124.8566,WSGS84,300,CA,0
LD2-6-10-2021-0,2021-06-10,LD2,49.9633,-124.8567,WSGS84,300,CA,0
LD2-6-13-2016-0,2016-06-13,LD2,49.9633,-124.8567,WSGS84,300,CA,0
LD2-6-13-2017-0,2017-06-13,LD2,49.9633,-124.8567,WSGS84,300,CA,0
LD2-6-13-2018-0,2018-06-13,LD2,49.9633,-124.8567,WSGS84,300,CA,0
LD2-6-13-2022-0,2022-06-13,LD2,49.9633,-124.8567,WSGS84,300,CA,0
LD2-6-15-2021-0,2021-06-15,LD2,49.9634,-124.8559,WSGS84,300,CA,0
LD2-6-15-2023-0,2023-06-15,LD2,49.9633,-124.8567,WSGS84,300,CA,0
LD2-6-19-2018-0,2018-06-19,LD2,49.9633,-124.8567,WSGS84,300,CA,0
LD2-6-21-2019-0,2019-06-21,LD2,49.9633,-124.8567,WSGS84,300,CA,0
LD2-6-22-2017-0,2017-06-22,LD2,49.9632,-124.8565,WSGS84,300,CA,0
LD2-6-23-2023-0,2023-06-23,LD2,49.9633,-124.8567,WSGS84,300,CA,0
LD2-6-26-2020-0,2020-06-26,LD2,49.9627,-124.8575,WSGS84,300,CA,0
LD2-6-28-2016-0,2016-06-28,LD2,49.9633,-124.8566,WSGS84,300,CA,0
LD2-6-4-2019-0,2019-06-04,LD2,49.9633,-124.8567,WSGS84,300,CA,0
LD2-6-5-2020-0,2020-06-05,LD2,49.9634,-124.8567,WSGS84,300,CA,0
LD2-6-6-2016-0,2016-06-06,LD2,49.9633,-124.8563,WSGS84,300,CA,0
LD2-6-6-2017-0,2017-06-06,LD2,49.9636,-124.8563,WSGS84,300,CA,0
LD2-6-6-2018-0,2018-06-06,LD2,49.9633,-124.8567,WSGS84,300,CA,0
LD2-6-9-2015-0,2015-06-09,LD2,49.9631,-124.8562,WSGS84,300,CA,0
LD2-7-1-2015-0,2015-07-01,LD2,49.9631,-124.8566,WSGS84,300,CA,0
LD2-7-11-2022-0,2022-07-11,LD2,49.9633,-124.8567,WSGS84,300,CA,0
LD2-7-12-2018-0,2018-07-12,LD2,49.9633,-124.8567,WSGS84,300,CA,0
LD2-7-15-2015-0,2015-07-15,LD2,49.9633,-124.8567,WSGS84,300,CA,0
LD2-7-16-2023-0,2023-07-16,LD2,49.9633,-124.8567,WSGS84,300,CA,0
LD2-7-17-2017-0,2017-07-17,LD2,49.9633,-124.8566,WSGS84,300,CA,0
LD2-7-20-2016-0,2016-07-20,LD2,49.9634,-124.8567,WSGS84,300,CA,0
LD2-7-22-2020-0,2020-07-22,LD2,49.9633,-124.8569,WSGS84,300,CA,0
LD2-7-22-2022-0,2022-07-22,LD2,49.9633,-124.8567,WSGS84,300,CA,0
LD2-7-23-2019-0,2019-07-23,LD2,49.9633,-124.8567,WSGS84,300,CA,0
LD2-7-24-2018-0,2018-07-24,LD2,49.9633,-124.8567,WSGS84,300,CA,0
LD2-7-25-2016-0,2016-07-25,LD2,49.9633,-124.8569,WSGS84,300,CA,0
LD2-7-26-2023-0,2023-07-26,LD2,49.9633,-124.8567,WSGS84,300,CA,0
LD2-7-29-2017-0,2017-07-29,LD2,49.9632,-124.8565,WSGS84,300,CA,0
LD2-7-4-2018-0,2018-07-04,LD2,49.9633,-124.8567,WSGS84,300,CA,0
LD2-7-5-2016-0,2016-07-05,LD2,49.9634,-124.8562,WSGS84,300,CA,0
LD2-7-6-2020-0,2020-07-06,LD2,49.9633,-124.8567,WSGS84,300,CA,0
LD2-7-7-2017-0,2017-07-07,LD2,49.9632,-124.8566,WSGS84,300,CA,0
LD2-7-8-2019-0,2019-07-08,LD2,49.9633,-124.8567,WSGS84,300,CA,0
LD2-7-8-2021-0,2021-07-08,LD2,49.9633,-124.8566,WSGS84,300,CA,0
LD2-8-11-2022-0,2022-08-11,LD2,49.9633,-124.8567,WSGS84,300,CA,0
LD2-8-14-2015-0,2015-08-14,LD2,49.9635,-124.8568,WSGS84,300,CA,0
LD2-8-14-2018-0,2018-08-14,LD2,49.9633,-124.8567,WSGS84,300,CA,0
LD2-8-16-2023-0,2023-08-16,LD2,49.9633,-124.8567,WSGS84,300,CA,0
LD2-8-18-2022-0,2022-08-18,LD2,49.9633,-124.8567,WSGS84,300,CA,0
LD2-8-20-2019-0,2019-08-20,LD2,49.9633,-124.8567,WSGS84,300,CA,0
LD2-8-22-2017-0,2017-08-22,LD2,49.9633,-124.8567,WSGS84,300,CA,0
LD2-8-23-2016-0,2016-08-23,LD2,49.9631,-124.8566,WSGS84,300,CA,0
LD2-8-23-2018-0,2018-08-23,LD2,49.9633,-124.8567,WSGS84,300,CA,0
LD2-8-23-2023-0,2023-08-23,LD2,49.9633,-124.8567,WSGS84,300,CA,0
LD2-8-25-2020-0,2020-08-25,LD2,49.9634,-124.8561,WSGS84,300,CA,0
LD2-8-28-2021-0,2021-08-28,LD2,49.9633,-124.8567,WSGS84,300,CA,0
LD2-8-3-2016-0,2016-08-03,LD2,49.9634,-124.8567,WSGS84,300,CA,0
LD2-8-4-2020-0,2020-08-04,LD2,49.9633,-124.8567,WSGS84,300,CA,0
LD2-8-6-2015-0,2015-08-06,LD2,49.9632,-124.8565,WSGS84,300,CA,0
LD2-8-7-2019-0,2019-08-07,LD2,49.9633,-124.8567,WSGS84,300,CA,0
LD2-8-8-2021-0,2021-08-08,LD2,49.9633,-124.8571,WSGS84,300,CA,0
LD2-8-9-2016-0,2016-08-09,LD2,49.9624,-124.8552,WSGS84,300,CA,0
LD2-8-9-2017-0,2017-08-09,LD2,49.9632,-124.8565,WSGS84,300,CA,0
LD2-9-10-2022-0,2022-09-10,LD2,49.9633,-124.8567,WSGS84,300,CA,0
LD2-9-13-2023-0,2023-09-13,LD2,49.9633,-124.8567,WSGS84,300,CA,0
LD2-9-14-2015-0,2015-09-14,LD2,49.9633,-124.8568,WSGS84,300,CA,0
LD2-9-16-2021-0,2021-09-16,LD2,49.9632,-124.8568,WSGS84,300,CA,0
LD2-9-17-2020-0,2020-09-17,LD2,49.9633,-124.8568,WSGS84,300,CA,0
LD2-9-17-2022-0,2022-09-17,LD2,49.9633,-124.8567,WSGS84,300,CA,0
LD2-9-19-2019-0,2019-09-19,LD2,49.9633,-124.8567,WSGS84,300,CA,0
LD2-9-21-2016-0,2016-09-21,LD2,49.9632,-124.8567,WSGS84,300,CA,0
LD2-9-22-2023-0,2023-09-22,LD2,49.9633,-124.8567,WSGS84,300,CA,0
LD2-9-24-2018-0,2018-09-24,LD2,49.9633,-124.8567,WSGS84,300,CA,0
LD2-9-24-2021-0,2021-09-24,LD2,49.9632,-124.8565,WSGS84,300,CA,0
LD2-9-26-2017-0,2017-09-26,LD2,49.9633,-124.8567,WSGS84,300,CA,0
LD2-9-26-2020-0,2020-09-26,LD2,49.9632,-124.8567,WSGS84,300,CA,0
LD2-9-4-2019-0,2019-09-04,LD2,49.9633,-124.8567,WSGS84,300,CA,0
LD2-9-5-2018-0,2018-09-05,LD2,49.9633,-124.8567,WSGS84,300,CA,0
LD2-9-6-2017-0,2017-09-06,LD2,49.9634,-124.8567,WSGS84,300,CA,0
LD2-9-8-2016-0,2016-09-08,LD2,49.9633,-124.8566,WSGS84,300,CA,0
LD3-10-10-2018-0,2018-10-10,LD3,50.02,-124.8817,WSGS84,300,CA,0
LD3-10-10-2018-10,2018-10-10,LD3,50.02,-124.8817,WSGS84,300,CA,10
LD3-10-10-2018-20,2018-10-10,LD3,50.02,-124.8817,WSGS84,300,CA,20
LD3-10-10-2018-5,2018-10-10,LD3,50.02,-124.8817,WSGS84,300,CA,5
LD3-10-15-2017-0,2017-10-15,LD3,50.0201,-124.8815,WSGS84,300,CA,0
LD3-10-15-2017-10,2017-10-15,LD3,50.0201,-124.8815,WSGS84,300,CA,10
LD3-10-15-2017-20,2017-10-15,LD3,50.0201,-124.8815,WSGS84,300,CA,20
LD3-10-15-2017-5,2017-10-15,LD3,50.0201,-124.8815,WSGS84,300,CA,5
LD3-10-17-2016-0,2016-10-17,LD3,50.0202,-124.8821,WSGS84,300,CA,0
LD3-10-17-2016-10,2016-10-17,LD3,50.0202,-124.8821,WSGS84,300,CA,10
LD3-10-17-2016-20,2016-10-17,LD3,50.0202,-124.8821,WSGS84,300,CA,20
LD3-10-17-2016-5,2016-10-17,LD3,50.0202,-124.8821,WSGS84,300,CA,5
LD3-10-5-2015-0,2015-10-05,LD3,50.02,-124.8817,WSGS84,300,CA,0
LD3-10-5-2015-10,2015-10-05,LD3,50.02,-124.8817,WSGS84,300,CA,10
LD3-10-5-2015-20,2015-10-05,LD3,50.02,-124.8817,WSGS84,300,CA,20
LD3-10-5-2015-5,2015-10-05,LD3,50.02,-124.8817,WSGS84,300,CA,5
LD3-2-16-2015-0,2015-02-16,LD3,50.02,-124.8817,WSGS84,300,CA,0
LD3-2-18-2016-0,2016-02-18,LD3,50.02,-124.8817,WSGS84,300,CA,0
LD3-2-18-2016-10,2016-02-18,LD3,50.02,-124.8817,WSGS84,300,CA,10
LD3-2-18-2016-20,2016-02-18,LD3,50.02,-124.8817,WSGS84,300,CA,20
LD3-2-18-2016-5,2016-02-18,LD3,50.02,-124.8817,WSGS84,300,CA,5
LD3-3-1-2017-0,2017-03-01,LD3,50.0201,-124.8816,WSGS84,300,CA,0
LD3-3-1-2017-10,2017-03-01,LD3,50.0201,-124.8816,WSGS84,300,CA,10
LD3-3-1-2017-20,2017-03-01,LD3,50.0201,-124.8816,WSGS84,300,CA,20
LD3-3-1-2017-5,2017-03-01,LD3,50.0201,-124.8816,WSGS84,300,CA,5
LD3-3-13-2015-0,2015-03-13,LD3,50.02,-124.8817,WSGS84,300,CA,0
LD3-3-13-2018-0,2018-03-13,LD3,50.02,-124.8817,WSGS84,300,CA,0
LD3-3-13-2018-10,2018-03-13,LD3,50.02,-124.8817,WSGS84,300,CA,10
LD3-3-13-2018-20,2018-03-13,LD3,50.02,-124.8817,WSGS84,300,CA,20
LD3-3-13-2018-5,2018-03-13,LD3,50.02,-124.8817,WSGS84,300,CA,5
LD3-3-18-2016-0,2016-03-18,LD3,50.02,-124.8817,WSGS84,300,CA,0
LD3-3-18-2016-10,2016-03-18,LD3,50.02,-124.8817,WSGS84,300,CA,10
LD3-3-18-2016-20,2016-03-18,LD3,50.02,-124.8817,WSGS84,300,CA,20
LD3-3-18-2016-5,2016-03-18,LD3,50.02,-124.8817,WSGS84,300,CA,5
LD3-3-20-2017-0,2017-03-20,LD3,50.0199,-124.8817,WSGS84,300,CA,0
LD3-3-20-2017-10,2017-03-20,LD3,50.0199,-124.8817,WSGS84,300,CA,10
LD3-3-20-2017-20,2017-03-20,LD3,50.0199,-124.8817,WSGS84,300,CA,20
LD3-3-20-2017-5,2017-03-20,LD3,50.0199,-124.8817,WSGS84,300,CA,5
LD3-3-21-2015-0,2015-03-21,LD3,50.0203,-124.8821,WSGS84,300,CA,0
LD3-3-24-2018-0,2018-03-24,LD3,50.02,-124.8817,WSGS84,300,CA,0
LD3-3-24-2018-10,2018-03-24,LD3,50.02,-124.8817,WSGS84,300,CA,10
LD3-3-24-2018-20,2018-03-24,LD3,50.02,-124.8817,WSGS84,300,CA,20
LD3-3-24-2018-5,2018-03-24,LD3,50.02,-124.8817,WSGS84,300,CA,5
LD3-3-27-2015-0,2015-03-27,LD3,50.0201,-124.882,WSGS84,300,CA,0
LD3-3-29-2016-0,2016-03-29,LD3,50.02,-124.8818,WSGS84,300,CA,0
LD3-3-29-2016-10,2016-03-29,LD3,50.02,-124.8818,WSGS84,300,CA,10
LD3-3-29-2016-20,2016-03-29,LD3,50.02,-124.8818,WSGS84,300,CA,20
LD3-3-29-2016-5,2016-03-29,LD3,50.02,-124.8818,WSGS84,300,CA,5
LD3-3-8-2018-0,2018-03-08,LD3,50.02,-124.8817,WSGS84,300,CA,0
LD3-3-8-2018-10,2018-03-08,LD3,50.02,-124.8817,WSGS84,300,CA,10
LD3-3-8-2018-20,2018-03-08,LD3,50.02,-124.8817,WSGS84,300,CA,20
LD3-3-8-2018-5,2018-03-08,LD3,50.02,-124.8817,WSGS84,300,CA,5
LD3-3-9-2017-0,2017-03-09,LD3,50.0201,-124.8818,WSGS84,300,CA,0
LD3-3-9-2017-10,2017-03-09,LD3,50.0201,-124.8818,WSGS84,300,CA,10
LD3-3-9-2017-20,2017-03-09,LD3,50.0201,-124.8818,WSGS84,300,CA,20
LD3-3-9-2017-5,2017-03-09,LD3,50.0201,-124.8818,WSGS84,300,CA,5
LD3-4-12-2016-0,2016-04-12,LD3,50.0202,-124.8821,WSGS84,300,CA,0
LD3-4-12-2016-10,2016-04-12,LD3,50.0202,-124.8821,WSGS84,300,CA,10
LD3-4-12-2016-20,2016-04-12,LD3,50.0202,-124.8821,WSGS84,300,CA,20
LD3-4-12-2016-5,2016-04-12,LD3,50.0202,-124.8821,WSGS84,300,CA,5
LD3-4-13-2017-0,2017-04-13,LD3,50.0201,-124.8818,WSGS84,300,CA,0
LD3-4-13-2017-10,2017-04-13,LD3,50.0201,-124.8818,WSGS84,300,CA,10
LD3-4-13-2017-20,2017-04-13,LD3,50.0201,-124.8818,WSGS84,300,CA,20
LD3-4-13-2017-5,2017-04-13,LD3,50.0201,-124.8818,WSGS84,300,CA,5
LD3-4-18-2015-0,2015-04-18,LD3,50.0194,-124.8821,WSGS84,300,CA,0
LD3-4-18-2015-10,2015-04-18,LD3,50.0194,-124.8821,WSGS84,300,CA,10
LD3-4-18-2015-20,2015-04-18,LD3,50.0194,-124.8821,WSGS84,300,CA,20
LD3-4-18-2015-5,2015-04-18,LD3,50.0194,-124.8821,WSGS84,300,CA,5
LD3-4-18-2016-0,2016-04-18,LD3,50.02,-124.8817,WSGS84,300,CA,0
LD3-4-18-2016-10,2016-04-18,LD3,50.02,-124.8817,WSGS84,300,CA,10
LD3-4-18-2016-20,2016-04-18,LD3,50.02,-124.8817,WSGS84,300,CA,20
LD3-4-18-2016-5,2016-04-18,LD3,50.02,-124.8817,WSGS84,300,CA,5
LD3-4-19-2018-0,2018-04-19,LD3,50.02,-124.8817,WSGS84,300,CA,0
LD3-4-19-2018-10,2018-04-19,LD3,50.02,-124.8817,WSGS84,300,CA,10
LD3-4-19-2018-20,2018-04-19,LD3,50.02,-124.8817,WSGS84,300,CA,20
LD3-4-19-2018-5,2018-04-19,LD3,50.02,-124.8817,WSGS84,300,CA,5
LD3-4-2-2018-0,2018-04-02,LD3,50.02,-124.8817,WSGS84,300,CA,0
LD3-4-2-2018-10,2018-04-02,LD3,50.02,-124.8817,WSGS84,300,CA,10
LD3-4-2-2018-20,2018-04-02,LD3,50.02,-124.8817,WSGS84,300,CA,20
LD3-4-2-2018-5,2018-04-02,LD3,50.02,-124.8817,WSGS84,300,CA,5
LD3-4-24-2017-0,2017-04-24,LD3,50.0202,-124.8816,WSGS84,300,CA,0
LD3-4-26-2016-0,2016-04-26,LD3,50.0202,-124.8817,WSGS84,300,CA,0
LD3-4-26-2016-10,2016-04-26,LD3,50.0202,-124.8817,WSGS84,300,CA,10
LD3-4-26-2016-20,2016-04-26,LD3,50.0202,-124.8817,WSGS84,300,CA,20
LD3-4-26-2016-5,2016-04-26,LD3,50.0202,-124.8817,WSGS84,300,CA,5
LD3-4-26-2018-0,2018-04-26,LD3,50.02,-124.8817,WSGS84,300,CA,0
LD3-4-26-2018-10,2018-04-26,LD3,50.02,-124.8817,WSGS84,300,CA,10
LD3-4-26-2018-20,2018-04-26,LD3,50.02,-124.8817,WSGS84,300,CA,20
LD3-4-26-2018-5,2018-04-26,LD3,50.02,-124.8817,WSGS84,300,CA,5
LD3-4-6-2017-0,2017-04-06,LD3,50.02,-124.8817,WSGS84,300,CA,0
LD3-4-6-2017-10,2017-04-06,LD3,50.02,-124.8817,WSGS84,300,CA,10
LD3-4-6-2017-20,2017-04-06,LD3,50.02,-124.8817,WSGS84,300,CA,20
LD3-4-6-2017-5,2017-04-06,LD3,50.02,-124.8817,WSGS84,300,CA,5
LD3-4-8-2019-0,2019-04-08,LD3,50.02,-124.8817,WSGS84,300,CA,0
LD3-4-9-2015-0,2015-04-09,LD3,50.0202,-124.8817,WSGS84,300,CA,0
LD3-5-11-2015-0,2015-05-11,LD3,50.0201,-124.8813,WSGS84,300,CA,0
LD3-5-11-2015-10,2015-05-11,LD3,50.0201,-124.8813,WSGS84,300,CA,10
LD3-5-11-2015-20,2015-05-11,LD3,50.0201,-124.8813,WSGS84,300,CA,20
LD3-5-11-2015-5,2015-05-11,LD3,50.0201,-124.8813,WSGS84,300,CA,5
LD3-5-11-2017-0,2017-05-11,LD3,50.0201,-124.8816,WSGS84,300,CA,0
LD3-5-11-2017-10,2017-05-11,LD3,50.0201,-124.8816,WSGS84,300,CA,10
LD3-5-11-2017-20,2017-05-11,LD3,50.0201,-124.8816,WSGS84,300,CA,20
LD3-5-11-2017-5,2017-05-11,LD3,50.0201,-124.8816,WSGS84,300,CA,5
LD3-5-16-2016-0,2016-05-16,LD3,50.0201,-124.8817,WSGS84,300,CA,0
LD3-5-16-2016-10,2016-05-16,LD3,50.0201,-124.8817,WSGS84,300,CA,10
LD3-5-16-2016-20,2016-05-16,LD3,50.0201,-124.8817,WSGS84,300,CA,20
LD3-5-16-2016-5,2016-05-16,LD3,50.0201,-124.8817,WSGS84,300,CA,5
LD3-5-16-2018-0,2018-05-16,LD3,50.02,-124.8817,WSGS84,300,CA,0
LD3-5-16-2018-10,2018-05-16,LD3,50.02,-124.8817,WSGS84,300,CA,10
LD3-5-16-2018-20,2018-05-16,LD3,50.02,-124.8817,WSGS84,300,CA,20
LD3-5-16-2018-5,2018-05-16,LD3,50.02,-124.8817,WSGS84,300,CA,5
LD3-5-18-2015-0,2015-05-18,LD3,50.02,-124.882,WSGS84,300,CA,0
LD3-5-18-2015-10,2015-05-18,LD3,50.02,-124.882,WSGS84,300,CA,10
LD3-5-18-2015-20,2015-05-18,LD3,50.02,-124.882,WSGS84,300,CA,20
LD3-5-18-2015-5,2015-05-18,LD3,50.02,-124.882,WSGS84,300,CA,5
LD3-5-22-2017-0,2017-05-22,LD3,50.0197,-124.8819,WSGS84,300,CA,0
LD3-5-22-2017-10,2017-05-22,LD3,50.0197,-124.8819,WSGS84,300,CA,10
LD3-5-22-2017-20,2017-05-22,LD3,50.0197,-124.8819,WSGS84,300,CA,20
LD3-5-22-2017-5,2017-05-22,LD3,50.0197,-124.8819,WSGS84,300,CA,5
LD3-5-24-2016-0,2016-05-24,LD3,50.0201,-124.8819,WSGS84,300,CA,0
LD3-5-24-2016-10,2016-05-24,LD3,50.0201,-124.8819,WSGS84,300,CA,10
LD3-5-24-2016-20,2016-05-24,LD3,50.0201,-124.8819,WSGS84,300,CA,20
LD3-5-24-2016-5,2016-05-24,LD3,50.0201,-124.8819,WSGS84,300,CA,5
LD3-5-25-2015-0,2015-05-25,LD3,50.0199,-124.882,WSGS84,300,CA,0
LD3-5-25-2015-10,2015-05-25,LD3,50.0199,-124.882,WSGS84,300,CA,10
LD3-5-25-2015-20,2015-05-25,LD3,50.0199,-124.882,WSGS84,300,CA,20
LD3-5-25-2015-5,2015-05-25,LD3,50.0199,-124.882,WSGS84,300,CA,5
LD3-5-30-2018-0,2018-05-30,LD3,50.02,-124.8817,WSGS84,300,CA,0
LD3-5-30-2018-10,2018-05-30,LD3,50.02,-124.8817,WSGS84,300,CA,10
LD3-5-30-2018-20,2018-05-30,LD3,50.02,-124.8817,WSGS84,300,CA,20
LD3-5-30-2018-5,2018-05-30,LD3,50.02,-124.8817,WSGS84,300,CA,5
LD3-5-4-2017-0,2017-05-04,LD3,50.02,-124.8815,WSGS84,300,CA,0
LD3-5-4-2017-10,2017-05-04,LD3,50.02,-124.8815,WSGS84,300,CA,10
LD3-5-4-2017-20,2017-05-04,LD3,50.02,-124.8815,WSGS84,300,CA,20
LD3-5-4-2017-5,2017-05-04,LD3,50.02,-124.8815,WSGS84,300,CA,5
LD3-5-8-2018-0,2018-05-08,LD3,50.02,-124.8817,WSGS84,300,CA,0
LD3-5-8-2018-10,2018-05-08,LD3,50.02,-124.8817,WSGS84,300,CA,10
LD3-5-8-2018-20,2018-05-08,LD3,50.02,-124.8817,WSGS84,300,CA,20
LD3-5-8-2018-5,2018-05-08,LD3,50.02,-124.8817,WSGS84,300,CA,5
LD3-5-9-2016-0,2016-05-09,LD3,50.0199,-124.8818,WSGS84,300,CA,0
LD3-5-9-2016-10,2016-05-09,LD3,50.0199,-124.8818,WSGS84,300,CA,10
LD3-5-9-2016-20,2016-05-09,LD3,50.0199,-124.8818,WSGS84,300,CA,20
LD3-5-9-2016-5,2016-05-09,LD3,50.0199,-124.8818,WSGS84,300,CA,5
LD3-6-13-2016-0,2016-06-13,LD3,50.02,-124.8817,WSGS84,300,CA,0
LD3-6-13-2016-10,2016-06-13,LD3,50.02,-124.8817,WSGS84,300,CA,10
LD3-6-13-2016-20,2016-06-13,LD3,50.02,-124.8817,WSGS84,300,CA,20
LD3-6-13-2016-5,2016-06-13,LD3,50.02,-124.8817,WSGS84,300,CA,5
LD3-6-13-2017-0,2017-06-13,LD3,50.02,-124.8817,WSGS84,300,CA,0
LD3-6-13-2017-10,2017-06-13,LD3,50.02,-124.8817,WSGS84,300,CA,10
LD3-6-13-2017-20,2017-06-13,LD3,50.02,-124.8817,WSGS84,300,CA,20
LD3-6-13-2017-5,2017-06-13,LD3,50.02,-124.8817,WSGS84,300,CA,5
LD3-6-13-2018-0,2018-06-13,LD3,50.02,-124.8817,WSGS84,300,CA,0
LD3-6-13-2018-10,2018-06-13,LD3,50.02,-124.8817,WSGS84,300,CA,10
LD3-6-13-2018-20,2018-06-13,LD3,50.02,-124.8817,WSGS84,300,CA,20
LD3-6-13-2018-5,2018-06-13,LD3,50.02,-124.8817,WSGS84,300,CA,5
LD3-6-19-2018-0,2018-06-19,LD3,50.02,-124.8817,WSGS84,300,CA,0
LD3-6-19-2018-10,2018-06-19,LD3,50.02,-124.8817,WSGS84,300,CA,10
LD3-6-19-2018-20,2018-06-19,LD3,50.02,-124.8817,WSGS84,300,CA,20
LD3-6-19-2018-5,2018-06-19,LD3,50.02,-124.8817,WSGS84,300,CA,5
LD3-6-22-2017-0,2017-06-22,LD3,50.02,-124.8817,WSGS84,300,CA,0
LD3-6-22-2017-10,2017-06-22,LD3,50.02,-124.8817,WSGS84,300,CA,10
LD3-6-22-2017-20,2017-06-22,LD3,50.02,-124.8817,WSGS84,300,CA,20
LD3-6-22-2017-5,2017-06-22,LD3,50.02,-124.8817,WSGS84,300,CA,5
LD3-6-28-2016-0,2016-06-28,LD3,50.02,-124.8816,WSGS84,300,CA,0
LD3-6-28-2016-10,2016-06-28,LD3,50.02,-124.8816,WSGS84,300,CA,10
LD3-6-28-2016-20,2016-06-28,LD3,50.02,-124.8816,WSGS84,300,CA,20
LD3-6-28-2016-5,2016-06-28,LD3,50.02,-124.8816,WSGS84,300,CA,5
LD3-6-6-2016-0,2016-06-06,LD3,50.0198,-124.882,WSGS84,300,CA,0
LD3-6-6-2016-10,2016-06-06,LD3,50.0198,-124.882,WSGS84,300,CA,10
LD3-6-6-2016-20,2016-06-06,LD3,50.0198,-124.882,WSGS84,300,CA,20
LD3-6-6-2016-5,2016-06-06,LD3,50.0198,-124.882,WSGS84,300,CA,5
LD3-6-6-2017-0,2017-06-06,LD3,50.0198,-124.8818,WSGS84,300,CA,0
LD3-6-6-2017-10,2017-06-06,LD3,50.0198,-124.8818,WSGS84,300,CA,10
LD3-6-6-2017-20,2017-06-06,LD3,50.0198,-124.8818,WSGS84,300,CA,20
LD3-6-6-2017-5,2017-06-06,LD3,50.0198,-124.8818,WSGS84,300,CA,5
LD3-6-6-2018-0,2018-06-06,LD3,50.02,-124.8817,WSGS84,300,CA,0
LD3-6-6-2018-10,2018-06-06,LD3,50.02,-124.8817,WSGS84,300,CA,10
LD3-6-6-2018-20,2018-06-06,LD3,50.02,-124.8817,WSGS84,300,CA,20
LD3-6-6-2018-5,2018-06-06,LD3,50.02,-124.8817,WSGS84,300,CA,5
LD3-6-9-2015-0,2015-06-09,LD3,50.0198,-124.8818,WSGS84,300,CA,0
LD3-6-9-2015-10,2015-06-09,LD3,50.0198,-124.8818,WSGS84,300,CA,10
LD3-6-9-2015-20,2015-06-09,LD3,50.0198,-124.8818,WSGS84,300,CA,20
LD3-6-9-2015-5,2015-06-09,LD3,50.0198,-124.8818,WSGS84,300,CA,5
LD3-7-1-2015-0,2015-07-01,LD3,50.0199,-124.8824,WSGS84,300,CA,0
LD3-7-1-2015-10,2015-07-01,LD3,50.0199,-124.8824,WSGS84,300,CA,10
LD3-7-1-2015-20,2015-07-01,LD3,50.0199,-124.8824,WSGS84,300,CA,20
LD3-7-1-2015-5,2015-07-01,LD3,50.0199,-124.8824,WSGS84,300,CA,5
LD3-7-12-2018-0,2018-07-12,LD3,50.02,-124.8817,WSGS84,300,CA,0
LD3-7-12-2018-10,2018-07-12,LD3,50.02,-124.8817,WSGS84,300,CA,10
LD3-7-12-2018-20,2018-07-12,LD3,50.02,-124.8817,WSGS84,300,CA,20
LD3-7-12-2018-5,2018-07-12,LD3,50.02,-124.8817,WSGS84,300,CA,5
LD3-7-15-2015-0,2015-07-15,LD3,50.0197,-124.8816,WSGS84,300,CA,0
LD3-7-15-2015-10,2015-07-15,LD3,50.0197,-124.8816,WSGS84,300,CA,10
LD3-7-15-2015-20,2015-07-15,LD3,50.0197,-124.8816,WSGS84,300,CA,20
LD3-7-15-2015-5,2015-07-15,LD3,50.0197,-124.8816,WSGS84,300,CA,5
LD3-7-17-2017-0,2017-07-17,LD3,50.02,-124.8815,WSGS84,300,CA,0
LD3-7-17-2017-10,2017-07-17,LD3,50.02,-124.8815,WSGS84,300,CA,10
LD3-7-17-2017-20,2017-07-17,LD3,50.02,-124.8815,WSGS84,300,CA,20
LD3-7-17-2017-5,2017-07-17,LD3,50.02,-124.8815,WSGS84,300,CA,5
LD3-7-20-2016-0,2016-07-20,LD3,50.0198,-124.8818,WSGS84,300,CA,0
LD3-7-20-2016-10,2016-07-20,LD3,50.02,-124.8817,WSGS84,300,CA,10
LD3-7-20-2016-20,2016-07-20,LD3,50.02,-124.8817,WSGS84,300,CA,20
LD3-7-20-2016-5,2016-07-20,LD3,50.02,-124.8817,WSGS84,300,CA,5
LD3-7-24-2018-0,2018-07-24,LD3,50.02,-124.8817,WSGS84,300,CA,0
LD3-7-24-2018-10,2018-07-24,LD3,50.02,-124.8817,WSGS84,300,CA,10
LD3-7-24-2018-20,2018-07-24,LD3,50.02,-124.8817,WSGS84,300,CA,20
LD3-7-24-2018-5,2018-07-24,LD3,50.02,-124.8817,WSGS84,300,CA,5
LD3-7-25-2016-0,2016-07-25,LD3,50.0198,-124.8819,WSGS84,300,CA,0
LD3-7-25-2016-10,2016-07-25,LD3,50.02,-124.8817,WSGS84,300,CA,10
LD3-7-25-2016-20,2016-07-25,LD3,50.02,-124.8817,WSGS84,300,CA,20
LD3-7-25-2016-5,2016-07-25,LD3,50.02,-124.8817,WSGS84,300,CA,5
LD3-7-29-2017-0,2017-07-29,LD3,50.02,-124.8817,WSGS84,300,CA,0
LD3-7-29-2017-10,2017-07-29,LD3,50.02,-124.8817,WSGS84,300,CA,10
LD3-7-29-2017-20,2017-07-29,LD3,50.02,-124.8817,WSGS84,300,CA,20
LD3-7-29-2017-5,2017-07-29,LD3,50.02,-124.8817,WSGS84,300,CA,5
LD3-7-4-2018-0,2018-07-04,LD3,50.02,-124.8817,WSGS84,300,CA,0
LD3-7-4-2018-10,2018-07-04,LD3,50.02,-124.8817,WSGS84,300,CA,10
LD3-7-4-2018-20,2018-07-04,LD3,50.02,-124.8817,WSGS84,300,CA,20
LD3-7-4-2018-5,2018-07-04,LD3,50.02,-124.8817,WSGS84,300,CA,5
LD3-7-5-2016-0,2016-07-05,LD3,50.0199,-124.8817,WSGS84,300,CA,0
LD3-7-5-2016-10,2016-07-05,LD3,50.0199,-124.8817,WSGS84,300,CA,10
LD3-7-5-2016-20,2016-07-05,LD3,50.0199,-124.8817,WSGS84,300,CA,20
LD3-7-5-2016-5,2016-07-05,LD3,50.0199,-124.8817,WSGS84,300,CA,5
LD3-7-7-2017-0,2017-07-07,LD3,50.0198,-124.8814,WSGS84,300,CA,0
LD3-7-7-2017-10,2017-07-07,LD3,50.0198,-124.8814,WSGS84,300,CA,10
LD3-7-7-2017-20,2017-07-07,LD3,50.0198,-124.8814,WSGS84,300,CA,20
LD3-7-7-2017-5,2017-07-07,LD3,50.0198,-124.8814,WSGS84,300,CA,5
LD3-8-14-2015-0,2015-08-14,LD3,50.0198,-124.8814,WSGS84,300,CA,0
LD3-8-14-2015-10,2015-08-14,LD3,50.0198,-124.8814,WSGS84,300,CA,10
LD3-8-14-2015-20,2015-08-14,LD3,50.0198,-124.8814,WSGS84,300,CA,20
LD3-8-14-2015-5,2015-08-14,LD3,50.0198,-124.8814,WSGS84,300,CA,5
LD3-8-14-2017-0,2017-08-14,LD3,50.0201,-124.8813,WSGS84,300,CA,0
LD3-8-14-2017-10,2017-08-14,LD3,50.02,-124.8817,WSGS84,300,CA,10
LD3-8-14-2017-20,2017-08-14,LD3,50.02,-124.8817,WSGS84,300,CA,20
LD3-8-14-2017-5,2017-08-14,LD3,50.02,-124.8817,WSGS84,300,CA,5
LD3-8-14-2018-0,2018-08-14,LD3,50.02,-124.8817,WSGS84,300,CA,0
LD3-8-14-2018-10,2018-08-14,LD3,50.02,-124.8817,WSGS84,300,CA,10
LD3-8-14-2018-20,2018-08-14,LD3,50.02,-124.8817,WSGS84,300,CA,20
LD3-8-14-2018-5,2018-08-14,LD3,50.02,-124.8817,WSGS84,300,CA,5
LD3-8-22-2017-0,2017-08-22,LD3,50.02,-124.8819,WSGS84,300,CA,0
LD3-8-22-2017-10,2017-08-22,LD3,50.02,-124.8819,WSGS84,300,CA,10
LD3-8-22-2017-20,2017-08-22,LD3,50.02,-124.8819,WSGS84,300,CA,20
LD3-8-22-2017-5,2017-08-22,LD3,50.02,-124.8819,WSGS84,300,CA,5
LD3-8-23-2016-0,2016-08-23,LD3,50.0201,-124.8818,WSGS84,300,CA,0
LD3-8-23-2016-10,2016-08-23,LD3,50.0201,-124.8818,WSGS84,300,CA,10
LD3-8-23-2016-20,2016-08-23,LD3,50.0201,-124.8818,WSGS84,300,CA,20
LD3-8-23-2016-5,2016-08-23,LD3,50.0201,-124.8818,WSGS84,300,CA,5
LD3-8-23-2018-0,2018-08-23,LD3,50.02,-124.8817,WSGS84,300,CA,0
LD3-8-23-2018-10,2018-08-23,LD3,50.02,-124.8817,WSGS84,300,CA,10
LD3-8-23-2018-20,2018-08-23,LD3,50.02,-124.8817,WSGS84,300,CA,20
LD3-8-23-2018-5,2018-08-23,LD3,50.02,-124.8817,WSGS84,300,CA,5
LD3-8-3-2016-0,2016-08-03,LD3,50.0199,-124.8817,WSGS84,300,CA,0
LD3-8-3-2016-10,2016-08-03,LD3,50.0199,-124.8817,WSGS84,300,CA,10
LD3-8-3-2016-20,2016-08-03,LD3,50.0199,-124.8817,WSGS84,300,CA,20
LD3-8-3-2016-5,2016-08-03,LD3,50.0199,-124.8817,WSGS84,300,CA,5
LD3-8-6-2015-0,2015-08-06,LD3,50.0199,-124.8817,WSGS84,300,CA,0
LD3-8-6-2015-10,2015-08-06,LD3,50.0199,-124.8817,WSGS84,300,CA,10
LD3-8-6-2015-20,2015-08-06,LD3,50.0199,-124.8817,WSGS84,300,CA,20
LD3-8-6-2015-5,2015-08-06,LD3,50.0199,-124.8817,WSGS84,300,CA,5
LD3-8-9-2016-0,2016-08-09,LD3,50.0201,-124.8816,WSGS84,300,CA,0
LD3-8-9-2016-10,2016-08-09,LD3,50.0201,-124.8816,WSGS84,300,CA,10
LD3-8-9-2016-20,2016-08-09,LD3,50.0201,-124.8816,WSGS84,300,CA,20
LD3-8-9-2016-5,2016-08-09,LD3,50.0201,-124.8816,WSGS84,300,CA,5
LD3-8-9-2017-0,2017-08-09,LD3,50.0197,-124.8817,WSGS84,300,CA,0
LD3-8-9-2017-10,2017-08-09,LD3,50.02,-124.8817,WSGS84,300,CA,10
LD3-8-9-2017-20,2017-08-09,LD3,50.02,-124.8817,WSGS84,300,CA,20
LD3-8-9-2017-5,2017-08-09,LD3,50.02,-124.8817,WSGS84,300,CA,5
LD3-9-14-2015-0,2015-09-14,LD3,50.02,-124.8818,WSGS84,300,CA,0
LD3-9-14-2015-10,2015-09-14,LD3,50.02,-124.8818,WSGS84,300,CA,10
LD3-9-14-2015-20,2015-09-14,LD3,50.02,-124.8818,WSGS84,300,CA,20
LD3-9-14-2015-5,2015-09-14,LD3,50.02,-124.8818,WSGS84,300,CA,5
LD3-9-21-2016-0,2016-09-21,LD3,50.02,-124.8819,WSGS84,300,CA,0
LD3-9-21-2016-10,2016-09-21,LD3,50.02,-124.8819,WSGS84,300,CA,10
LD3-9-21-2016-20,2016-09-21,LD3,50.02,-124.8819,WSGS84,300,CA,20
LD3-9-21-2016-5,2016-09-21,LD3,50.02,-124.8819,WSGS84,300,CA,5
LD3-9-24-2018-0,2018-09-24,LD3,50.02,-124.8817,WSGS84,300,CA,0
LD3-9-24-2018-10,2018-09-24,LD3,50.02,-124.8817,WSGS84,300,CA,10
LD3-9-24-2018-20,2018-09-24,LD3,50.02,-124.8817,WSGS84,300,CA,20
LD3-9-24-2018-5,2018-09-24,LD3,50.02,-124.8817,WSGS84,300,CA,5
LD3-9-26-2017-0,2017-09-26,LD3,50.02,-124.8817,WSGS84,300,CA,0
LD3-9-26-2017-10,2017-09-26,LD3,50.02,-124.8817,WSGS84,300,CA,10
LD3-9-26-2017-20,2017-09-26,LD3,50.02,-124.8817,WSGS84,300,CA,20
LD3-9-26-2017-5,2017-09-26,LD3,50.02,-124.8817,WSGS84,300,CA,5
LD3-9-5-2018-0,2018-09-05,LD3,50.02,-124.8817,WSGS84,300,CA,0
LD3-9-5-2018-10,2018-09-05,LD3,50.02,-124.8817,WSGS84,300,CA,10
LD3-9-5-2018-20,2018-09-05,LD3,50.02,-124.8817,WSGS84,300,CA,20
LD3-9-5-2018-5,2018-09-05,LD3,50.02,-124.8817,WSGS84,300,CA,5
LD3-9-6-2017-0,2017-09-06,LD3,50.0199,-124.8817,WSGS84,300,CA,0
LD3-9-6-2017-10,2017-09-06,LD3,50.0199,-124.8817,WSGS84,300,CA,10
LD3-9-6-2017-20,2017-09-06,LD3,50.0199,-124.8817,WSGS84,300,CA,20
LD3-9-6-2017-5,2017-09-06,LD3,50.0199,-124.8817,WSGS84,300,CA,5
LD3-9-8-2016-0,2016-09-08,LD3,50.0201,-124.8816,WSGS84,300,CA,0
LD3-9-8-2016-10,2016-09-08,LD3,50.0201,-124.8816,WSGS84,300,CA,10
LD3-9-8-2016-20,2016-09-08,LD3,50.0201,-124.8816,WSGS84,300,CA,20
LD3-9-8-2016-5,2016-09-08,LD3,50.0201,-124.8816,WSGS84,300,CA,5
LD4-10-10-2018-0,2018-10-10,LD4,50.0783,-124.8683,WSGS84,300,CA,0
LD4-10-15-2017-0,2017-10-15,LD4,50.0783,-124.8686,WSGS84,300,CA,0
LD4-10-17-2016-0,2016-10-17,LD4,50.0783,-124.8685,WSGS84,300,CA,0
LD4-10-5-2015-0,2015-10-05,LD4,50.0783,-124.8684,WSGS84,300,CA,0
LD4-2-16-2015-0,2015-02-16,LD4,50.0782,-124.8684,WSGS84,300,CA,0
LD4-2-18-2016-0,2016-02-18,LD4,50.0783,-124.8683,WSGS84,300,CA,0
LD4-3-1-2017-0,2017-03-01,LD4,50.0784,-124.8683,WSGS84,300,CA,0
LD4-3-12-2015-0,2015-03-12,LD4,50.0802,-124.8704,WSGS84,300,CA,0
LD4-3-13-2018-0,2018-03-13,LD4,50.0783,-124.8683,WSGS84,300,CA,0
LD4-3-18-2016-0,2016-03-18,LD4,50.0783,-124.8684,WSGS84,300,CA,0
LD4-3-20-2017-0,2017-03-20,LD4,50.0784,-124.8683,WSGS84,300,CA,0
LD4-3-21-2015-0,2015-03-21,LD4,50.0786,-124.8676,WSGS84,300,CA,0
LD4-3-24-2018-0,2018-03-24,LD4,50.0783,-124.8683,WSGS84,300,CA,0
LD4-3-27-2015-0,2015-03-27,LD4,50.078,-124.8683,WSGS84,300,CA,0
LD4-3-29-2016-0,2016-03-29,LD4,50.0783,-124.8683,WSGS84,300,CA,0
LD4-3-8-2018-0,2018-03-08,LD4,50.0783,-124.8683,WSGS84,300,CA,0
LD4-3-9-2017-0,2017-03-09,LD4,50.0783,-124.8684,WSGS84,300,CA,0
LD4-4-13-2017-0,2017-04-13,LD4,50.0784,-124.8684,WSGS84,300,CA,0
LD4-4-18-2015-0,2015-04-18,LD4,50.0783,-124.8689,WSGS84,300,CA,0
LD4-4-18-2016-0,2016-04-18,LD4,50.0783,-124.8683,WSGS84,300,CA,0
LD4-4-19-2018-0,2018-04-19,LD4,50.0783,-124.8683,WSGS84,300,CA,0
LD4-4-2-2018-0,2018-04-02,LD4,50.0783,-124.8683,WSGS84,300,CA,0
LD4-4-24-2017-0,2017-04-24,LD4,50.0785,-124.8683,WSGS84,300,CA,0
LD4-4-26-2016-0,2016-04-26,LD4,50.0786,-124.8682,WSGS84,300,CA,0
LD4-4-26-2018-0,2018-04-26,LD4,50.0783,-124.8683,WSGS84,300,CA,0
LD4-4-4-2015-0,2015-04-04,LD4,50.0781,-124.8686,WSGS84,300,CA,0
LD4-4-6-2017-0,2017-04-06,LD4,50.0783,-124.8683,WSGS84,300,CA,0
LD4-4-9-2015-0,2015-04-09,LD4,50.0788,-124.8678,WSGS84,300,CA,0
LD4-5-11-2015-0,2015-05-11,LD4,50.0782,-124.8679,WSGS84,300,CA,0
LD4-5-11-2017-0,2017-05-11,LD4,50.0785,-124.8684,WSGS84,300,CA,0
LD4-5-16-2016-0,2016-05-16,LD4,50.0785,-124.8685,WSGS84,300,CA,0
LD4-5-16-2018-0,2018-05-16,LD4,50.0783,-124.8683,WSGS84,300,CA,0
LD4-5-18-2015-0,2015-05-18,LD4,50.0784,-124.8686,WSGS84,300,CA,0
LD4-5-22-2017-0,2017-05-22,LD4,50.0784,-124.8683,WSGS84,300,CA,0
LD4-5-24-2016-0,2016-05-24,LD4,50.0784,-124.8683,WSGS84,300,CA,0
LD4-5-25-2015-0,2015-05-25,LD4,50.0784,-124.8684,WSGS84,300,CA,0
LD4-5-30-2018-0,2018-05-30,LD4,50.0783,-124.8683,WSGS84,300,CA,0
LD4-5-4-2017-0,2017-05-04,LD4,50.0784,-124.8684,WSGS84,300,CA,0
LD4-5-8-2018-0,2018-05-08,LD4,50.0783,-124.8683,WSGS84,300,CA,0
LD4-5-9-2016-0,2016-05-09,LD4,50.0782,-124.8684,WSGS84,300,CA,0
LD4-6-13-2016-0,2016-06-13,LD4,50.0783,-124.8683,WSGS84,300,CA,0
LD4-6-13-2017-0,2017-06-13,LD4,50.0783,-124.8683,WSGS84,300,CA,0
LD4-6-13-2018-0,2018-06-13,LD4,50.0783,-124.8683,WSGS84,300,CA,0
LD4-6-19-2018-0,2018-06-19,LD4,50.0783,-124.8683,WSGS84,300,CA,0
LD4-6-22-2017-0,2017-06-22,LD4,50.0783,-124.8683,WSGS84,300,CA,0
LD4-6-28-2016-0,2016-06-28,LD4,50.0783,-124.8683,WSGS84,300,CA,0
LD4-6-6-2016-0,2016-06-06,LD4,50.0783,-124.8683,WSGS84,300,CA,0
LD4-6-6-2017-0,2017-06-06,LD4,50.0783,-124.8683,WSGS84,300,CA,0
LD4-6-6-2018-0,2018-06-06,LD4,50.0783,-124.8683,WSGS84,300,CA,0
LD4-6-9-2015-0,2015-06-09,LD4,50.0783,-124.8683,WSGS84,300,CA,0
LD4-7-1-2015-0,2015-07-01,LD4,50.0783,-124.8685,WSGS84,300,CA,0
LD4-7-12-2018-0,2018-07-12,LD4,50.0783,-124.8683,WSGS84,300,CA,0
LD4-7-15-2015-0,2015-07-15,LD4,50.0779,-124.8682,WSGS84,300,CA,0
LD4-7-17-2017-0,2017-07-17,LD4,50.0785,-124.8683,WSGS84,300,CA,0
LD4-7-20-2016-0,2016-07-20,LD4,50.0783,-124.8683,WSGS84,300,CA,0
LD4-7-24-2018-0,2018-07-24,LD4,50.0783,-124.8683,WSGS84,300,CA,0
LD4-7-25-2016-0,2016-07-25,LD4,50.0783,-124.8683,WSGS84,300,CA,0
LD4-7-29-2017-0,2017-07-29,LD4,50.0784,-124.8683,WSGS84,300,CA,0
LD4-7-4-2018-0,2018-07-04,LD4,50.0783,-124.8683,WSGS84,300,CA,0
LD4-7-5-2016-0,2016-07-05,LD4,50.0782,-124.8684,WSGS84,300,CA,0
LD4-7-7-2017-0,2017-07-07,LD4,50.0783,-124.8683,WSGS84,300,CA,0
LD4-8-14-2015-0,2015-08-14,LD4,50.0784,-124.8684,WSGS84,300,CA,0
LD4-8-14-2017-0,2017-08-14,LD4,50.0783,-124.8686,WSGS84,300,CA,0
LD4-8-14-2018-0,2018-08-14,LD4,50.0783,-124.8683,WSGS84,300,CA,0
LD4-8-22-2017-0,2017-08-22,LD4,50.0783,-124.8683,WSGS84,300,CA,0
LD4-8-23-2016-0,2016-08-23,LD4,50.0783,-124.8684,WSGS84,300,CA,0
LD4-8-23-2018-0,2018-08-23,LD4,50.0783,-124.8683,WSGS84,300,CA,0
LD4-8-6-2015-0,2015-08-06,LD4,50.0783,-124.8684,WSGS84,300,CA,0
LD4-8-9-2016-0,2016-08-09,LD4,50.0784,-124.8683,WSGS84,300,CA,0
LD4-8-9-2017-0,2017-08-09,LD4,50.0783,-124.8683,WSGS84,300,CA,0
LD4-9-21-2016-0,2016-09-21,LD4,50.0783,-124.8684,WSGS84,300,CA,0
LD4-9-24-2018-0,2018-09-24,LD4,50.0783,-124.8683,WSGS84,300,CA,0
LD4-9-26-2017-0,2017-09-26,LD4,50.0783,-124.8683,WSGS84,300,CA,0
LD4-9-5-2018-0,2018-09-05,LD4,50.0783,-124.8683,WSGS84,300,CA,0
LD4-9-6-2017-0,2017-09-06,LD4,50.0783,-124.8683,WSGS84,300,CA,0
LD4-9-8-2016-0,2016-09-08,LD4,50.0783,-124.8682,WSGS84,300,CA,0
LD5-10-10-2018-0,2018-10-10,LD5,50.1333,-124.8817,WSGS84,300,CA,0
LD5-10-15-2017-0,2017-10-15,LD5,50.1336,-124.8816,WSGS84,300,CA,0
LD5-10-17-2016-0,2016-10-17,LD5,50.1332,-124.8816,WSGS84,300,CA,0
LD5-10-5-2015-0,2015-10-05,LD5,50.1333,-124.8817,WSGS84,300,CA,0
LD5-2-16-2015-0,2015-02-16,LD5,50.1331,-124.8819,WSGS84,300,CA,0
LD5-2-18-2016-0,2016-02-18,LD5,50.1333,-124.8817,WSGS84,300,CA,0
LD5-3-1-2017-0,2017-03-01,LD5,50.1334,-124.8817,WSGS84,300,CA,0
LD5-3-12-2015-0,2015-03-12,LD5,50.1326,-124.8822,WSGS84,300,CA,0
LD5-3-13-2018-0,2018-03-13,LD5,50.1333,-124.8817,WSGS84,300,CA,0
LD5-3-18-2016-0,2016-03-18,LD5,50.1333,-124.8817,WSGS84,300,CA,0
LD5-3-20-2017-0,2017-03-20,LD5,50.1335,-124.8816,WSGS84,300,CA,0
LD5-3-21-2015-0,2015-03-21,LD5,50.1338,-124.882,WSGS84,300,CA,0
LD5-3-24-2018-0,2018-03-24,LD5,50.1333,-124.8817,WSGS84,300,CA,0
LD5-3-27-2015-0,2015-03-27,LD5,50.1332,-124.8819,WSGS84,300,CA,0
LD5-3-29-2016-0,2016-03-29,LD5,50.1333,-124.8819,WSGS84,300,CA,0
LD5-3-8-2018-0,2018-03-08,LD5,50.1333,-124.8817,WSGS84,300,CA,0
LD5-3-9-2017-0,2017-03-09,LD5,50.1333,-124.8817,WSGS84,300,CA,0
LD5-4-13-2017-0,2017-04-13,LD5,50.1333,-124.8817,WSGS84,300,CA,0
LD5-4-18-2015-0,2015-04-18,LD5,50.1334,-124.8818,WSGS84,300,CA,0
LD5-4-18-2016-0,2016-04-18,LD5,50.1333,-124.8817,WSGS84,300,CA,0
LD5-4-19-2018-0,2018-04-19,LD5,50.1333,-124.8817,WSGS84,300,CA,0
LD5-4-2-2018-0,2018-04-02,LD5,50.1333,-124.8817,WSGS84,300,CA,0
LD5-4-24-2017-0,2017-04-24,LD5,50.1333,-124.8818,WSGS84,300,CA,0
LD5-4-26-2016-0,2016-04-26,LD5,50.1334,-124.8815,WSGS84,300,CA,0
LD5-4-26-2018-0,2018-04-26,LD5,50.1333,-124.8817,WSGS84,300,CA,0
LD5-4-4-2015-0,2015-04-04,LD5,50.1334,-124.8817,WSGS84,300,CA,0
LD5-4-6-2017-0,2017-04-06,LD5,50.1333,-124.8817,WSGS84,300,CA,0
LD5-4-9-2015-0,2015-04-09,LD5,50.1334,-124.8816,WSGS84,300,CA,0
LD5-5-11-2015-0,2015-05-11,LD5,50.1336,-124.8813,WSGS84,300,CA,0
LD5-5-11-2017-0,2017-05-11,LD5,50.1333,-124.8817,WSGS84,300,CA,0
LD5-5-16-2016-0,2016-05-16,LD5,50.1333,-124.8818,WSGS84,300,CA,0
LD5-5-16-2018-0,2018-05-16,LD5,50.1333,-124.8817,WSGS84,300,CA,0
LD5-5-22-2017-0,2017-05-22,LD5,50.1334,-124.8817,WSGS84,300,CA,0
LD5-5-24-2016-0,2016-05-24,LD5,50.1333,-124.8818,WSGS84,300,CA,0
LD5-5-25-2015-0,2015-05-25,LD5,50.1333,-124.8818,WSGS84,300,CA,0
LD5-5-30-2018-0,2018-05-30,LD5,50.1333,-124.8817,WSGS84,300,CA,0
LD5-5-4-2017-0,2017-05-04,LD5,50.1333,-124.8819,WSGS84,300,CA,0
LD5-5-8-2018-0,2018-05-08,LD5,50.1333,-124.8817,WSGS84,300,CA,0
LD5-5-9-2016-0,2016-05-09,LD5,50.1333,-124.8816,WSGS84,300,CA,0
LD5-6-13-2016-0,2016-06-13,LD5,50.1333,-124.8817,WSGS84,300,CA,0
LD5-6-13-2017-0,2017-06-13,LD5,50.1333,-124.8817,WSGS84,300,CA,0
LD5-6-13-2018-0,2018-06-13,LD5,50.1333,-124.8817,WSGS84,300,CA,0
LD5-6-19-2018-0,2018-06-19,LD5,50.1333,-124.8817,WSGS84,300,CA,0
LD5-6-22-2017-0,2017-06-22,LD5,50.1333,-124.8817,WSGS84,300,CA,0
LD5-6-28-2016-0,2016-06-28,LD5,50.1333,-124.8816,WSGS84,300,CA,0
LD5-6-6-2016-0,2016-06-06,LD5,50.1333,-124.8817,WSGS84,300,CA,0
LD5-6-6-2017-0,2017-06-06,LD5,50.1335,-124.8817,WSGS84,300,CA,0
LD5-6-6-2018-0,2018-06-06,LD5,50.1333,-124.8817,WSGS84,300,CA,0
LD5-6-9-2015-0,2015-06-09,LD5,50.1333,-124.8815,WSGS84,300,CA,0
LD5-7-1-2015-0,2015-07-01,LD5,50.1333,-124.8816,WSGS84,300,CA,0
LD5-7-12-2018-0,2018-07-12,LD5,50.1333,-124.8817,WSGS84,300,CA,0
LD5-7-15-2015-0,2015-07-15,LD5,50.1334,-124.8817,WSGS84,300,CA,0
LD5-7-17-2017-0,2017-07-17,LD5,50.1332,-124.8816,WSGS84,300,CA,0
LD5-7-20-2016-0,2016-07-20,LD5,50.1334,-124.8814,WSGS84,300,CA,0
LD5-7-24-2018-0,2018-07-24,LD5,50.1333,-124.8817,WSGS84,300,CA,0
LD5-7-25-2016-0,2016-07-25,LD5,50.1333,-124.882,WSGS84,300,CA,0
LD5-7-29-2017-0,2017-07-29,LD5,50.1333,-124.8817,WSGS84,300,CA,0
LD5-7-4-2018-0,2018-07-04,LD5,50.1333,-124.8817,WSGS84,300,CA,0
LD5-7-5-2016-0,2016-07-05,LD5,50.1334,-124.8816,WSGS84,300,CA,0
LD5-7-7-2017-0,2017-07-07,LD5,50.1333,-124.8817,WSGS84,300,CA,0
LD5-8-14-2015-0,2015-08-14,LD5,50.1333,-124.8817,WSGS84,300,CA,0
LD5-8-14-2017-0,2017-08-14,LD5,50.1332,-124.8816,WSGS84,300,CA,0
LD5-8-14-2018-0,2018-08-14,LD5,50.1333,-124.8817,WSGS84,300,CA,0
LD5-8-22-2017-0,2017-08-22,LD5,50.1334,-124.8817,WSGS84,300,CA,0
LD5-8-23-2016-0,2016-08-23,LD5,50.1332,-124.8818,WSGS84,300,CA,0
LD5-8-23-2018-0,2018-08-23,LD5,50.1333,-124.8817,WSGS84,300,CA,0
LD5-8-3-2016-0,2016-08-03,LD5,50.1332,-124.8817,WSGS84,300,CA,0
LD5-8-6-2015-0,2015-08-06,LD5,50.1333,-124.8817,WSGS84,300,CA,0
LD5-8-9-2016-0,2016-08-09,LD5,50.1334,-124.8818,WSGS84,300,CA,0
LD5-8-9-2017-0,2017-08-09,LD5,50.1333,-124.8816,WSGS84,300,CA,0
LD5-9-21-2016-0,2016-09-21,LD5,50.1333,-124.8817,WSGS84,300,CA,0
LD5-9-24-2018-0,2018-09-24,LD5,50.1333,-124.8817,WSGS84,300,CA,0
LD5-9-26-2017-0,2017-09-26,LD5,50.1333,-124.8817,WSGS84,300,CA,0
LD5-9-5-2018-0,2018-09-05,LD5,50.1333,-124.8817,WSGS84,300,CA,0
LD5-9-6-2017-0,2017-09-06,LD5,50.1333,-124.8817,WSGS84,300,CA,0
LD5-9-8-2016-0,2016-09-08,LD5,50.1333,-124.8817,WSGS84,300,CA,0
LD6-10-10-2018-0,2018-10-10,LD6,50.1167,-124.7867,WSGS84,300,CA,0
LD6-10-15-2017-0,2017-10-15,LD6,50.1164,-124.787,WSGS84,300,CA,0
LD6-10-17-2016-0,2016-10-17,LD6,50.1166,-124.7866,WSGS84,300,CA,0
LD6-10-5-2015-0,2015-10-05,LD6,50.1167,-124.7867,WSGS84,300,CA,0
LD6-2-16-2015-0,2015-02-16,LD6,50.1167,-124.7867,WSGS84,300,CA,0
LD6-2-18-2016-0,2016-02-18,LD6,50.1167,-124.7867,WSGS84,300,CA,0
LD6-3-1-2017-0,2017-03-01,LD6,50.1166,-124.7863,WSGS84,300,CA,0
LD6-3-12-2015-0,2015-03-12,LD6,50.1164,-124.7883,WSGS84,300,CA,0
LD6-3-13-2018-0,2018-03-13,LD6,50.1167,-124.7867,WSGS84,300,CA,0
LD6-3-18-2016-0,2016-03-18,LD6,50.1168,-124.7866,WSGS84,300,CA,0
LD6-3-20-2017-0,2017-03-20,LD6,50.1167,-124.7863,WSGS84,300,CA,0
LD6-3-21-2015-0,2015-03-21,LD6,50.1173,-124.7872,WSGS84,300,CA,0
LD6-3-24-2018-0,2018-03-24,LD6,50.1167,-124.7867,WSGS84,300,CA,0
LD6-3-27-2015-0,2015-03-27,LD6,50.1162,-124.7863,WSGS84,300,CA,0
LD6-3-29-2016-0,2016-03-29,LD6,50.1167,-124.7866,WSGS84,300,CA,0
LD6-3-8-2018-0,2018-03-08,LD6,50.1167,-124.7867,WSGS84,300,CA,0
LD6-3-9-2017-0,2017-03-09,LD6,50.1168,-124.7866,WSGS84,300,CA,0
LD6-4-13-2017-0,2017-04-13,LD6,50.1166,-124.7867,WSGS84,300,CA,0
LD6-4-18-2015-0,2015-04-18,LD6,50.1165,-124.7864,WSGS84,300,CA,0
LD6-4-18-2016-0,2016-04-18,LD6,50.1167,-124.7868,WSGS84,300,CA,0
LD6-4-19-2018-0,2018-04-19,LD6,50.1167,-124.7867,WSGS84,300,CA,0
LD6-4-2-2018-0,2018-04-02,LD6,50.1167,-124.7867,WSGS84,300,CA,0
LD6-4-24-2017-0,2017-04-24,LD6,50.1166,-124.7867,WSGS84,300,CA,0
LD6-4-26-2016-0,2016-04-26,LD6,50.1166,-124.7867,WSGS84,300,CA,0
LD6-4-26-2018-0,2018-04-26,LD6,50.1167,-124.7867,WSGS84,300,CA,0
LD6-4-4-2015-0,2015-04-04,LD6,50.1167,-124.7867,WSGS84,300,CA,0
LD6-4-6-2017-0,2017-04-06,LD6,50.1167,-124.7867,WSGS84,300,CA,0
LD6-4-9-2015-0,2015-04-09,LD6,50.1165,-124.7864,WSGS84,300,CA,0
LD6-5-11-2015-0,2015-05-11,LD6,50.1168,-124.7868,WSGS84,300,CA,0
LD6-5-11-2017-0,2017-05-11,LD6,50.1163,-124.7869,WSGS84,300,CA,0
LD6-5-16-2016-0,2016-05-16,LD6,50.1169,-124.7868,WSGS84,300,CA,0
LD6-5-16-2018-0,2018-05-16,LD6,50.1167,-124.7867,WSGS84,300,CA,0
LD6-5-18-2015-0,2015-05-18,LD6,50.1165,-124.7867,WSGS84,300,CA,0
LD6-5-22-2017-0,2017-05-22,LD6,50.1167,-124.7867,WSGS84,300,CA,0
LD6-5-24-2016-0,2016-05-24,LD6,50.1167,-124.7867,WSGS84,300,CA,0
LD6-5-25-2015-0,2015-05-25,LD6,50.1167,-124.7869,WSGS84,300,CA,0
LD6-5-30-2018-0,2018-05-30,LD6,50.1167,-124.7867,WSGS84,300,CA,0
LD6-5-4-2017-0,2017-05-04,LD6,50.1167,-124.7866,WSGS84,300,CA,0
LD6-5-8-2018-0,2018-05-08,LD6,50.1167,-124.7867,WSGS84,300,CA,0
LD6-5-9-2016-0,2016-05-09,LD6,50.1167,-124.7867,WSGS84,300,CA,0
LD6-6-13-2016-0,2016-06-13,LD6,50.1167,-124.7867,WSGS84,300,CA,0
LD6-6-13-2017-0,2017-06-13,LD6,50.1167,-124.7867,WSGS84,300,CA,0
LD6-6-13-2018-0,2018-06-13,LD6,50.1167,-124.7867,WSGS84,300,CA,0
LD6-6-19-2018-0,2018-06-19,LD6,50.1167,-124.7867,WSGS84,300,CA,0
LD6-6-22-2017-0,2017-06-22,LD6,50.1168,-124.7868,WSGS84,300,CA,0
LD6-6-28-2016-0,2016-06-28,LD6,50.1165,-124.7868,WSGS84,300,CA,0
LD6-6-6-2016-0,2016-06-06,LD6,50.1167,-124.7867,WSGS84,300,CA,0
LD6-6-6-2017-0,2017-06-06,LD6,50.1167,-124.7867,WSGS84,300,CA,0
LD6-6-6-2018-0,2018-06-06,LD6,50.1167,-124.7867,WSGS84,300,CA,0
LD6-6-9-2015-0,2015-06-09,LD6,50.1165,-124.7869,WSGS84,300,CA,0
LD6-7-1-2015-0,2015-07-01,LD6,50.1167,-124.7867,WSGS84,300,CA,0
LD6-7-12-2018-0,2018-07-12,LD6,50.1167,-124.7867,WSGS84,300,CA,0
LD6-7-15-2015-0,2015-07-15,LD6,50.1166,-124.7866,WSGS84,300,CA,0
LD6-7-17-2017-0,2017-07-17,LD6,50.1164,-124.7869,WSGS84,300,CA,0
LD6-7-20-2016-0,2016-07-20,LD6,50.1165,-124.7872,WSGS84,300,CA,0
LD6-7-24-2018-0,2018-07-24,LD6,50.1167,-124.7867,WSGS84,300,CA,0
LD6-7-25-2016-0,2016-07-25,LD6,50.1167,-124.7867,WSGS84,300,CA,0
LD6-7-29-2017-0,2017-07-29,LD6,50.1166,-124.7866,WSGS84,300,CA,0
LD6-7-4-2018-0,2018-07-04,LD6,50.1167,-124.7867,WSGS84,300,CA,0
LD6-7-5-2016-0,2016-07-05,LD6,50.1165,-124.787,WSGS84,300,CA,0
LD6-7-7-2017-0,2017-07-07,LD6,50.1166,-124.7865,WSGS84,300,CA,0
LD6-8-14-2015-0,2015-08-14,LD6,50.1167,-124.7867,WSGS84,300,CA,0
LD6-8-14-2017-0,2017-08-14,LD6,50.1164,-124.7867,WSGS84,300,CA,0
LD6-8-14-2018-0,2018-08-14,LD6,50.1167,-124.7867,WSGS84,300,CA,0
LD6-8-22-2017-0,2017-08-22,LD6,50.1167,-124.7866,WSGS84,300,CA,0
LD6-8-23-2016-0,2016-08-23,LD6,50.1166,-124.7866,WSGS84,300,CA,0
LD6-8-23-2018-0,2018-08-23,LD6,50.1167,-124.7867,WSGS84,300,CA,0
LD6-8-3-2016-0,2016-08-03,LD6,50.1166,-124.7867,WSGS84,300,CA,0
LD6-8-6-2015-0,2015-08-06,LD6,50.1167,-124.7866,WSGS84,300,CA,0
LD6-8-9-2016-0,2016-08-09,LD6,50.1165,-124.7866,WSGS84,300,CA,0
LD6-8-9-2017-0,2017-08-09,LD6,50.1165,-124.7868,WSGS84,300,CA,0
LD6-9-21-2016-0,2016-09-21,LD6,50.1167,-124.7867,WSGS84,300,CA,0
LD6-9-24-2018-0,2018-09-24,LD6,50.1167,-124.7867,WSGS84,300,CA,0
LD6-9-26-2017-0,2017-09-26,LD6,50.1167,-124.7867,WSGS84,300,CA,0
LD6-9-5-2018-0,2018-09-05,LD6,50.1167,-124.7867,WSGS84,300,CA,0
LD6-9-6-2017-0,2017-09-06,LD6,50.1167,-124.7867,WSGS84,300,CA,0
LD6-9-8-2016-0,2016-09-08,LD6,50.1167,-124.7866,WSGS84,300,CA,0
LD7-10-10-2018-0,2018-10-10,LD7,50.1,-124.74,WSGS84,300,CA,0
LD7-10-15-2017-0,2017-10-15,LD7,50.0999,-124.7401,WSGS84,300,CA,0
LD7-10-17-2016-0,2016-10-17,LD7,50.1001,-124.74,WSGS84,300,CA,0
LD7-10-5-2015-0,2015-10-05,LD7,50.1,-124.7401,WSGS84,300,CA,0
LD7-2-16-2015-0,2015-02-16,LD7,50.1002,-124.7397,WSGS84,300,CA,0
LD7-2-18-2016-0,2016-02-18,LD7,50.1,-124.74,WSGS84,300,CA,0
LD7-3-1-2017-0,2017-03-01,LD7,50.1,-124.7402,WSGS84,300,CA,0
LD7-3-12-2015-0,2015-03-12,LD7,50.0998,-124.7403,WSGS84,300,CA,0
LD7-3-13-2018-0,2018-03-13,LD7,50.1,-124.74,WSGS84,300,CA,0
LD7-3-18-2016-0,2016-03-18,LD7,50.1001,-124.74,WSGS84,300,CA,0
LD7-3-20-2017-0,2017-03-20,LD7,50.1,-124.74,WSGS84,300,CA,0
LD7-3-21-2015-0,2015-03-21,LD7,50.0999,-124.7398,WSGS84,300,CA,0
LD7-3-24-2018-0,2018-03-24,LD7,50.1,-124.74,WSGS84,300,CA,0
LD7-3-27-2015-0,2015-03-27,LD7,50.1001,-124.741,WSGS84,300,CA,0
LD7-3-29-2016-0,2016-03-29,LD7,50.0998,-124.7401,WSGS84,300,CA,0
LD7-3-8-2018-0,2018-03-08,LD7,50.1,-124.74,WSGS84,300,CA,0
LD7-3-9-2017-0,2017-03-09,LD7,50.1,-124.7399,WSGS84,300,CA,0
LD7-4-13-2017-0,2017-04-13,LD7,50.1,-124.74,WSGS84,300,CA,0
LD7-4-18-2015-0,2015-04-18,LD7,50.1,-124.7399,WSGS84,300,CA,0
LD7-4-18-2016-0,2016-04-18,LD7,50.1,-124.74,WSGS84,300,CA,0
LD7-4-19-2018-0,2018-04-19,LD7,50.1,-124.74,WSGS84,300,CA,0
LD7-4-2-2018-0,2018-04-02,LD7,50.1,-124.74,WSGS84,300,CA,0
LD7-4-24-2017-0,2017-04-24,LD7,50.1,-124.7399,WSGS84,300,CA,0
LD7-4-26-2016-0,2016-04-26,LD7,50.1,-124.74,WSGS84,300,CA,0
LD7-4-26-2018-0,2018-04-26,LD7,50.1,-124.74,WSGS84,300,CA,0
LD7-4-4-2015-0,2015-04-04,LD7,50.1,-124.7399,WSGS84,300,CA,0
LD7-4-6-2017-0,2017-04-06,LD7,50.1,-124.74,WSGS84,300,CA,0
LD7-4-9-2015-0,2015-04-09,LD7,50.0998,-124.74,WSGS84,300,CA,0
LD7-5-11-2015-0,2015-05-11,LD7,50.0998,-124.7399,WSGS84,300,CA,0
LD7-5-11-2017-0,2017-05-11,LD7,50.0995,-124.74,WSGS84,300,CA,0
LD7-5-16-2016-0,2016-05-16,LD7,50.1002,-124.74,WSGS84,300,CA,0
LD7-5-16-2018-0,2018-05-16,LD7,50.1,-124.74,WSGS84,300,CA,0
LD7-5-18-2015-0,2015-05-18,LD7,50.0999,-124.7398,WSGS84,300,CA,0
LD7-5-22-2017-0,2017-05-22,LD7,50.1,-124.7401,WSGS84,300,CA,0
LD7-5-24-2016-0,2016-05-24,LD7,50.1,-124.74,WSGS84,300,CA,0
LD7-5-25-2015-0,2015-05-25,LD7,50.1,-124.7402,WSGS84,300,CA,0
LD7-5-30-2018-0,2018-05-30,LD7,50.1,-124.74,WSGS84,300,CA,0
LD7-5-4-2017-0,2017-05-04,LD7,50.1,-124.7399,WSGS84,300,CA,0
LD7-5-8-2018-0,2018-05-08,LD7,50.1,-124.74,WSGS84,300,CA,0
LD7-5-9-2016-0,2016-05-09,LD7,50.1,-124.7401,WSGS84,300,CA,0
LD7-6-13-2016-0,2016-06-13,LD7,50.1,-124.74,WSGS84,300,CA,0
LD7-6-13-2017-0,2017-06-13,LD7,50.1,-124.74,WSGS84,300,CA,0
LD7-6-13-2018-0,2018-06-13,LD7,50.1,-124.74,WSGS84,300,CA,0
LD7-6-22-2017-0,2017-06-22,LD7,50.1,-124.7397,WSGS84,300,CA,0
LD7-6-28-2016-0,2016-06-28,LD7,50.1,-124.7402,WSGS84,300,CA,0
LD7-6-6-2016-0,2016-06-06,LD7,50.1,-124.74,WSGS84,300,CA,0
LD7-6-6-2017-0,2017-06-06,LD7,50.1,-124.7398,WSGS84,300,CA,0
LD7-6-6-2018-0,2018-06-06,LD7,50.1,-124.74,WSGS84,300,CA,0
LD7-6-9-2015-0,2015-06-09,LD7,50.1,-124.7401,WSGS84,300,CA,0
LD7-7-1-2015-0,2015-07-01,LD7,50.0999,-124.7401,WSGS84,300,CA,0
LD7-7-12-2018-0,2018-07-12,LD7,50.1,-124.74,WSGS84,300,CA,0
LD7-7-15-2015-0,2015-07-15,LD7,50.1,-124.74,WSGS84,300,CA,0
LD7-7-17-2017-0,2017-07-17,LD7,50.1,-124.7401,WSGS84,300,CA,0
LD7-7-20-2016-0,2016-07-20,LD7,50.0999,-124.74,WSGS84,300,CA,0
LD7-7-24-2018-0,2018-07-24,LD7,50.1,-124.74,WSGS84,300,CA,0
LD7-7-25-2016-0,2016-07-25,LD7,50.1,-124.74,WSGS84,300,CA,0
LD7-7-29-2017-0,2017-07-29,LD7,50.0999,-124.74,WSGS84,300,CA,0
LD7-7-4-2018-0,2018-07-04,LD7,50.1,-124.74,WSGS84,300,CA,0
LD7-7-5-2016-0,2016-07-05,LD7,50.0999,-124.7399,WSGS84,300,CA,0
LD7-7-7-2017-0,2017-07-07,LD7,50.0999,-124.7397,WSGS84,300,CA,0
LD7-8-14-2015-0,2015-08-14,LD7,50.1,-124.7402,WSGS84,300,CA,0
LD7-8-14-2017-0,2017-08-14,LD7,50.1,-124.74,WSGS84,300,CA,0
LD7-8-14-2018-0,2018-08-14,LD7,50.1,-124.74,WSGS84,300,CA,0
LD7-8-22-2017-0,2017-08-22,LD7,50.1,-124.7401,WSGS84,300,CA,0
LD7-8-23-2016-0,2016-08-23,LD7,50.1,-124.74,WSGS84,300,CA,0
LD7-8-23-2018-0,2018-08-23,LD7,50.1,-124.74,WSGS84,300,CA,0
LD7-8-3-2016-0,2016-08-03,LD7,50.1,-124.7402,WSGS84,300,CA,0
LD7-8-6-2015-0,2015-08-06,LD7,50.0999,-124.7401,WSGS84,300,CA,0
LD7-8-9-2016-0,2016-08-09,LD7,50.1,-124.74,WSGS84,300,CA,0
LD7-8-9-2017-0,2017-08-09,LD7,50.1,-124.74,WSGS84,300,CA,0
LD7-9-21-2016-0,2016-09-21,LD7,50.1,-124.7403,WSGS84,300,CA,0
LD7-9-24-2018-0,2018-09-24,LD7,50.1,-124.74,WSGS84,300,CA,0
LD7-9-26-2017-0,2017-09-26,LD7,50.1,-124.74,WSGS84,300,CA,0
LD7-9-5-2018-0,2018-09-05,LD7,50.1,-124.74,WSGS84,300,CA,0
LD7-9-6-2017-0,2017-09-06,LD7,50.1001,-124.7401,WSGS84,300,CA,0
LD7-9-8-2016-0,2016-09-08,LD7,50.1,-124.74,WSGS84,300,CA,0
LD8-10-10-2018-0,2018-10-10,LD8,50.0833,-124.79,WSGS84,300,CA,0
LD8-10-15-2017-0,2017-10-15,LD8,50.0833,-124.7901,WSGS84,300,CA,0
LD8-10-17-2016-0,2016-10-17,LD8,50.0834,-124.7901,WSGS84,300,CA,0
LD8-10-5-2015-0,2015-10-05,LD8,50.0833,-124.79,WSGS84,300,CA,0
LD8-2-16-2015-0,2015-02-16,LD8,50.0833,-124.7898,WSGS84,300,CA,0
LD8-2-18-2016-0,2016-02-18,LD8,50.0833,-124.79,WSGS84,300,CA,0
LD8-3-1-2017-0,2017-03-01,LD8,50.0833,-124.7901,WSGS84,300,CA,0
LD8-3-12-2015-0,2015-03-12,LD8,50.0838,-124.7899,WSGS84,300,CA,0
LD8-3-13-2018-0,2018-03-13,LD8,50.0833,-124.79,WSGS84,300,CA,0
LD8-3-18-2016-0,2016-03-18,LD8,50.0833,-124.7899,WSGS84,300,CA,0
LD8-3-20-2017-0,2017-03-20,LD8,50.0833,-124.79,WSGS84,300,CA,0
LD8-3-21-2015-0,2015-03-21,LD8,50.0836,-124.79,WSGS84,300,CA,0
LD8-3-24-2018-0,2018-03-24,LD8,50.0833,-124.79,WSGS84,300,CA,0
LD8-3-27-2015-0,2015-03-27,LD8,50.0827,-124.7934,WSGS84,300,CA,0
LD8-3-29-2016-0,2016-03-29,LD8,50.0834,-124.7899,WSGS84,300,CA,0
LD8-3-8-2018-0,2018-03-08,LD8,50.0833,-124.79,WSGS84,300,CA,0
LD8-3-9-2017-0,2017-03-09,LD8,50.0834,-124.7899,WSGS84,300,CA,0
LD8-4-13-2017-0,2017-04-13,LD8,50.0832,-124.7903,WSGS84,300,CA,0
LD8-4-18-2015-0,2015-04-18,LD8,50.0833,-124.79,WSGS84,300,CA,0
LD8-4-18-2016-0,2016-04-18,LD8,50.0833,-124.79,WSGS84,300,CA,0
LD8-4-19-2018-0,2018-04-19,LD8,50.0833,-124.79,WSGS84,300,CA,0
LD8-4-2-2018-0,2018-04-02,LD8,50.0833,-124.79,WSGS84,300,CA,0
LD8-4-24-2017-0,2017-04-24,LD8,50.0833,-124.79,WSGS84,300,CA,0
LD8-4-26-2016-0,2016-04-26,LD8,50.0833,-124.79,WSGS84,300,CA,0
LD8-4-26-2018-0,2018-04-26,LD8,50.0833,-124.79,WSGS84,300,CA,0
LD8-4-4-2015-0,2015-04-04,LD8,50.0833,-124.7903,WSGS84,300,CA,0
LD8-4-6-2017-0,2017-04-06,LD8,50.0833,-124.79,WSGS84,300,CA,0
LD8-4-9-2015-0,2015-04-09,LD8,50.0833,-124.79,WSGS84,300,CA,0
LD8-5-11-2015-0,2015-05-11,LD8,50.0831,-124.7901,WSGS84,300,CA,0
LD8-5-11-2017-0,2017-05-11,LD8,50.0833,-124.79,WSGS84,300,CA,0
LD8-5-16-2016-0,2016-05-16,LD8,50.0834,-124.7901,WSGS84,300,CA,0
LD8-5-16-2018-0,2018-05-16,LD8,50.0833,-124.79,WSGS84,300,CA,0
LD8-5-18-2015-0,2015-05-18,LD8,50.0832,-124.7897,WSGS84,300,CA,0
LD8-5-22-2017-0,2017-05-22,LD8,50.0833,-124.79,WSGS84,300,CA,0
LD8-5-24-2016-0,2016-05-24,LD8,50.0833,-124.7899,WSGS84,300,CA,0
LD8-5-25-2015-0,2015-05-25,LD8,50.0833,-124.7899,WSGS84,300,CA,0
LD8-5-30-2018-0,2018-05-30,LD8,50.0833,-124.79,WSGS84,300,CA,0
LD8-5-4-2017-0,2017-05-04,LD8,50.0834,-124.7899,WSGS84,300,CA,0
LD8-5-8-2018-0,2018-05-08,LD8,50.0833,-124.79,WSGS84,300,CA,0
LD8-5-9-2016-0,2016-05-09,LD8,50.0833,-124.7899,WSGS84,300,CA,0
LD8-6-13-2016-0,2016-06-13,LD8,50.0833,-124.79,WSGS84,300,CA,0
LD8-6-13-2017-0,2017-06-13,LD8,50.0833,-124.79,WSGS84,300,CA,0
LD8-6-13-2018-0,2018-06-13,LD8,50.0833,-124.79,WSGS84,300,CA,0
LD8-6-19-2018-0,2018-06-19,LD8,50.0833,-124.79,WSGS84,300,CA,0
LD8-6-22-2017-0,2017-06-22,LD8,50.0834,-124.7899,WSGS84,300,CA,0
LD8-6-28-2016-0,2016-06-28,LD8,50.0834,-124.7901,WSGS84,300,CA,0
LD8-6-6-2016-0,2016-06-06,LD8,50.0833,-124.79,WSGS84,300,CA,0
LD8-6-6-2017-0,2017-06-06,LD8,50.0831,-124.79,WSGS84,300,CA,0
LD8-6-6-2018-0,2018-06-06,LD8,50.0833,-124.79,WSGS84,300,CA,0
LD8-6-9-2015-0,2015-06-09,LD8,50.0829,-124.7904,WSGS84,300,CA,0
LD8-7-1-2015-0,2015-07-01,LD8,50.0832,-124.79,WSGS84,300,CA,0
LD8-7-12-2018-0,2018-07-12,LD8,50.0833,-124.79,WSGS84,300,CA,0
LD8-7-15-2015-0,2015-07-15,LD8,50.0835,-124.7902,WSGS84,300,CA,0
LD8-7-17-2017-0,2017-07-17,LD8,50.0833,-124.79,WSGS84,300,CA,0
LD8-7-20-2016-0,2016-07-20,LD8,50.0833,-124.79,WSGS84,300,CA,0
LD8-7-24-2018-0,2018-07-24,LD8,50.0833,-124.79,WSGS84,300,CA,0
LD8-7-25-2016-0,2016-07-25,LD8,50.0834,-124.7902,WSGS84,300,CA,0
LD8-7-29-2017-0,2017-07-29,LD8,50.0833,-124.79,WSGS84,300,CA,0
LD8-7-4-2018-0,2018-07-04,LD8,50.0833,-124.79,WSGS84,300,CA,0
LD8-7-5-2016-0,2016-07-05,LD8,50.0833,-124.7898,WSGS84,300,CA,0
LD8-7-7-2017-0,2017-07-07,LD8,50.0833,-124.79,WSGS84,300,CA,0
LD8-8-14-2015-0,2015-08-14,LD8,50.0833,-124.7899,WSGS84,300,CA,0
LD8-8-14-2017-0,2017-08-14,LD8,50.0833,-124.79,WSGS84,300,CA,0
LD8-8-14-2018-0,2018-08-14,LD8,50.0833,-124.79,WSGS84,300,CA,0
LD8-8-22-2017-0,2017-08-22,LD8,50.0833,-124.79,WSGS84,300,CA,0
LD8-8-23-2016-0,2016-08-23,LD8,50.0833,-124.79,WSGS84,300,CA,0
LD8-8-23-2018-0,2018-08-23,LD8,50.0833,-124.79,WSGS84,300,CA,0
LD8-8-3-2016-0,2016-08-03,LD8,50.0832,-124.7899,WSGS84,300,CA,0
LD8-8-6-2015-0,2015-08-06,LD8,50.0834,-124.7902,WSGS84,300,CA,0
LD8-8-9-2016-0,2016-08-09,LD8,50.0833,-124.7896,WSGS84,300,CA,0
LD8-8-9-2017-0,2017-08-09,LD8,50.0833,-124.7901,WSGS84,300,CA,0
LD8-9-21-2016-0,2016-09-21,LD8,50.0834,-124.7902,WSGS84,300,CA,0
LD8-9-24-2018-0,2018-09-24,LD8,50.0833,-124.79,WSGS84,300,CA,0
LD8-9-26-2017-0,2017-09-26,LD8,50.0833,-124.79,WSGS84,300,CA,0
LD8-9-5-2018-0,2018-09-05,LD8,50.0833,-124.79,WSGS84,300,CA,0
LD8-9-6-2017-0,2017-09-06,LD8,50.0833,-124.79,WSGS84,300,CA,0
LD8-9-8-2016-0,2016-09-08,LD8,50.0832,-124.79,WSGS84,300,CA,0
LD7-6-19-2018-0,2018-06-19,LD7,50.1,-124.74,WSGS84,300,CA,0
LS1-3-10-2017-0,2017-03-10,LS1,49.0033,-123.8167,WSGS84,300,CA,0
LS1-3-17-2016-0,2016-03-17,LS1,49.0033,-123.8167,WSGS84,300,CA,0
LS1-3-31-2016-0,2016-03-31,LS1,49.0033,-123.8167,WSGS84,300,CA,0
LS1-4-17-2018-0,2018-04-17,LS1,49.0033,-123.8167,WSGS84,300,CA,0
LS1-4-18-2016-0,2016-04-18,LS1,49.0033,-123.8167,WSGS84,300,CA,0
LS1-4-20-2016-0,2016-04-20,LS1,48.9733,-123.8167,WSGS84,300,CA,0
LS1-4-27-2016-0,2016-04-27,LS1,49.0033,-123.8167,WSGS84,300,CA,0
LS1-4-5-2018-0,2018-04-05,LS1,49.0033,-123.8167,WSGS84,300,CA,0
LS1-5-18-2018-0,2018-05-18,LS1,49.0033,-123.8167,WSGS84,300,CA,0
LS1-5-20-2015-0,2015-05-20,LS1,49.0033,-123.8167,WSGS84,300,CA,0
LS1-5-27-2016-0,2016-05-27,LS1,49.0033,-123.8167,WSGS84,300,CA,0
LS1-5-4-2017-0,2017-05-04,LS1,49.0033,-123.8167,WSGS84,300,CA,0
LS1-6-17-2015-0,2015-06-17,LS1,49.0033,-123.8167,WSGS84,300,CA,0
LS1-6-25-2015-0,2015-06-25,LS1,49.0033,-123.8167,WSGS84,300,CA,0
LS1-6-5-2017-0,2017-06-05,LS1,49.0033,-123.8167,WSGS84,300,CA,0
LS1-6-6-2016-0,2016-06-06,LS1,49.0033,-123.8167,WSGS84,300,CA,0
LS1-7-2-2015-0,2015-07-02,LS1,49.0033,-123.8167,WSGS84,300,CA,0
LS1-7-31-2017-0,2017-07-31,LS1,49.0033,-123.8167,WSGS84,300,CA,0
LS1-8-10-2016-0,2016-08-10,LS1,49.0033,-123.8167,WSGS84,300,CA,0
LS1-9-14-2015-0,2015-09-14,LS1,49.0033,-123.8167,WSGS84,300,CA,0
LS2-3-10-2017-0,2017-03-10,LS2,48.9734,-123.7657,WSGS84,300,CA,0
LS2-3-10-2017-10,2017-03-10,LS2,48.9734,-123.7657,WSGS84,300,CA,10
LS2-3-10-2017-20,2017-03-10,LS2,48.9734,-123.7657,WSGS84,300,CA,20
LS2-3-10-2017-5,2017-03-10,LS2,48.9734,-123.7657,WSGS84,300,CA,5
LS2-3-17-2016-0,2016-03-17,LS2,48.9738,-123.7663,WSGS84,300,CA,0
LS2-3-17-2016-10,2016-03-17,LS2,48.9738,-123.7663,WSGS84,300,CA,10
LS2-3-17-2016-20,2016-03-17,LS2,48.9738,-123.7663,WSGS84,300,CA,20
LS2-3-17-2016-5,2016-03-17,LS2,48.9738,-123.7663,WSGS84,300,CA,5
LS2-3-31-2016-0,2016-03-31,LS2,48.9736,-123.7667,WSGS84,300,CA,0
LS2-3-31-2016-10,2016-03-31,LS2,48.9736,-123.7667,WSGS84,300,CA,10
LS2-3-31-2016-20,2016-03-31,LS2,48.9736,-123.7667,WSGS84,300,CA,20
LS2-3-31-2016-5,2016-03-31,LS2,48.9736,-123.7667,WSGS84,300,CA,5
LS2-4-17-2018-0,2018-04-17,LS2,48.9733,-123.7667,WSGS84,300,CA,0
LS2-4-17-2018-10,2018-04-17,LS2,48.9733,-123.7667,WSGS84,300,CA,10
LS2-4-17-2018-20,2018-04-17,LS2,48.9733,-123.7667,WSGS84,300,CA,20
LS2-4-17-2018-5,2018-04-17,LS2,48.9733,-123.7667,WSGS84,300,CA,5
LS2-4-18-2016-0,2016-04-18,LS2,48.9733,-123.7667,WSGS84,300,CA,0
LS2-4-18-2016-10,2016-04-18,LS2,48.9733,-123.7667,WSGS84,300,CA,10
LS2-4-18-2016-20,2016-04-18,LS2,48.9733,-123.7667,WSGS84,300,CA,20
LS2-4-18-2016-5,2016-04-18,LS2,48.9733,-123.7667,WSGS84,300,CA,5
LS2-4-20-2016-0,2016-04-20,LS2,48.9733,-123.7667,WSGS84,300,CA,0
LS2-4-20-2016-10,2016-04-20,LS2,48.9733,-123.7667,WSGS84,300,CA,10
LS2-4-20-2016-20,2016-04-20,LS2,48.9733,-123.7667,WSGS84,300,CA,20
LS2-4-20-2016-5,2016-04-20,LS2,48.9733,-123.7667,WSGS84,300,CA,5
LS2-4-27-2016-0,2016-04-27,LS2,48.9733,-123.7667,WSGS84,300,CA,0
LS2-4-27-2016-10,2016-04-27,LS2,48.9733,-123.7667,WSGS84,300,CA,10
LS2-4-27-2016-20,2016-04-27,LS2,48.9733,-123.7667,WSGS84,300,CA,20
LS2-4-27-2016-5,2016-04-27,LS2,48.9733,-123.7667,WSGS84,300,CA,5
LS2-4-5-2018-0,2018-04-05,LS2,48.9733,-123.7667,WSGS84,300,CA,0
LS2-4-5-2018-10,2018-04-05,LS2,48.9733,-123.7667,WSGS84,300,CA,10
LS2-4-5-2018-20,2018-04-05,LS2,48.9733,-123.7667,WSGS84,300,CA,20
LS2-4-5-2018-5,2018-04-05,LS2,48.9733,-123.7667,WSGS84,300,CA,5
LS2-5-13-2015-0,2015-05-13,LS2,48.9733,-123.7667,WSGS84,300,CA,0
LS2-5-13-2015-10,2015-05-13,LS2,48.9733,-123.7667,WSGS84,300,CA,10
LS2-5-18-2018-0,2018-05-18,LS2,48.9733,-123.7667,WSGS84,300,CA,0
LS2-5-18-2018-10,2018-05-18,LS2,48.9733,-123.7667,WSGS84,300,CA,10
LS2-5-18-2018-20,2018-05-18,LS2,48.9733,-123.7667,WSGS84,300,CA,20
LS2-5-18-2018-5,2018-05-18,LS2,48.9733,-123.7667,WSGS84,300,CA,5
LS2-5-20-2015-0,2015-05-20,LS2,48.9733,-123.7667,WSGS84,300,CA,0
LS2-5-27-2015-0,2015-05-27,LS2,48.9733,-123.7667,WSGS84,300,CA,0
LS2-5-27-2015-10,2015-05-27,LS2,48.9733,-123.7667,WSGS84,300,CA,10
LS2-5-27-2015-20,2015-05-27,LS2,48.9733,-123.7667,WSGS84,300,CA,20
LS2-5-27-2015-5,2015-05-27,LS2,48.9733,-123.7667,WSGS84,300,CA,5
LS2-5-27-2016-0,2016-05-27,LS2,48.9745,-123.766,WSGS84,300,CA,0
LS2-5-27-2016-10,2016-05-27,LS2,48.9745,-123.766,WSGS84,300,CA,10
LS2-5-27-2016-20,2016-05-27,LS2,48.9745,-123.766,WSGS84,300,CA,20
LS2-5-27-2016-5,2016-05-27,LS2,48.9745,-123.766,WSGS84,300,CA,5
LS2-5-4-2017-0,2017-05-04,LS2,48.9727,-123.7677,WSGS84,300,CA,0
LS2-6-17-2015-0,2015-06-17,LS2,48.9733,-123.7667,WSGS84,300,CA,0
LS2-6-25-2015-0,2015-06-25,LS2,48.9733,-123.7667,WSGS84,300,CA,0
LS2-6-25-2015-10,2015-06-25,LS2,48.9733,-123.7667,WSGS84,300,CA,10
LS2-6-25-2015-20,2015-06-25,LS2,48.9733,-123.7667,WSGS84,300,CA,20
LS2-6-25-2015-5,2015-06-25,LS2,48.9733,-123.7667,WSGS84,300,CA,5
LS2-6-5-2017-0,2017-06-05,LS2,48.9728,-123.7669,WSGS84,300,CA,0
LS2-6-5-2017-10,2017-06-05,LS2,48.9728,-123.7669,WSGS84,300,CA,10
LS2-6-5-2017-20,2017-06-05,LS2,48.9728,-123.7669,WSGS84,300,CA,20
LS2-6-5-2017-5,2017-06-05,LS2,48.9728,-123.7669,WSGS84,300,CA,5
LS2-6-6-2016-0,2016-06-06,LS2,48.9746,-123.7671,WSGS84,300,CA,0
LS2-6-6-2016-10,2016-06-06,LS2,48.9746,-123.7671,WSGS84,300,CA,10
LS2-6-6-2016-20,2016-06-06,LS2,48.9746,-123.7671,WSGS84,300,CA,20
LS2-6-6-2016-5,2016-06-06,LS2,48.9746,-123.7671,WSGS84,300,CA,5
LS2-7-2-2015-0,2015-07-02,LS2,48.9733,-123.7667,WSGS84,300,CA,0
LS2-7-2-2015-10,2015-07-02,LS2,48.9733,-123.7667,WSGS84,300,CA,10
LS2-7-2-2015-20,2015-07-02,LS2,48.9733,-123.7667,WSGS84,300,CA,20
LS2-7-2-2015-5,2015-07-02,LS2,48.9733,-123.7667,WSGS84,300,CA,5
LS2-7-31-2017-0,2017-07-31,LS2,48.9733,-123.7667,WSGS84,300,CA,0
LS2-7-31-2017-10,2017-07-31,LS2,48.9733,-123.7667,WSGS84,300,CA,10
LS2-7-31-2017-20,2017-07-31,LS2,48.9733,-123.7667,WSGS84,300,CA,20
LS2-7-31-2017-5,2017-07-31,LS2,48.9733,-123.7667,WSGS84,300,CA,5
LS2-8-10-2016-0,2016-08-10,LS2,48.973,-123.767,WSGS84,300,CA,0
LS2-8-10-2016-10,2016-08-10,LS2,48.973,-123.767,WSGS84,300,CA,10
LS2-8-10-2016-20,2016-08-10,LS2,48.973,-123.767,WSGS84,300,CA,20
LS2-8-10-2016-5,2016-08-10,LS2,48.973,-123.767,WSGS84,300,CA,5
LS2-9-14-2015-0,2015-09-14,LS2,48.9733,-123.7667,WSGS84,300,CA,0
LS3-3-17-2016-0,2016-03-17,LS3,49.0248,-123.7381,WSGS84,300,CA,0
LS3-3-31-2016-0,2016-03-31,LS3,49.0246,-123.7383,WSGS84,300,CA,0
LS3-4-17-2018-0,2018-04-17,LS3,49.025,-123.7383,WSGS84,300,CA,0
LS3-4-18-2016-0,2016-04-18,LS3,49.025,-123.7383,WSGS84,300,CA,0
LS3-4-20-2016-0,2016-04-20,LS3,49.025,-123.7383,WSGS84,300,CA,0
LS3-4-27-2016-0,2016-04-27,LS3,49.025,-123.7383,WSGS84,300,CA,0
LS3-4-5-2018-0,2018-04-05,LS3,49.025,-123.7383,WSGS84,300,CA,0
LS3-5-18-2018-0,2018-05-18,LS3,49.025,-123.7383,WSGS84,300,CA,0
LS3-5-20-2015-0,2015-05-20,LS3,49.025,-123.7383,WSGS84,300,CA,0
LS3-5-27-2015-20,2015-05-27,LS3,49.025,-123.7383,WSGS84,300,CA,20
LS3-5-27-2015-5,2015-05-27,LS3,49.025,-123.7383,WSGS84,300,CA,5
LS3-5-27-2016-0,2016-05-27,LS3,49.0242,-123.7381,WSGS84,300,CA,0
LS3-5-4-2017-0,2017-05-04,LS3,49.0248,-123.7386,WSGS84,300,CA,0
LS3-6-17-2015-0,2015-06-17,LS3,49.025,-123.7383,WSGS84,300,CA,0
LS3-6-17-2015-10,2015-06-17,LS3,49.025,-123.7383,WSGS84,300,CA,10
LS3-6-17-2015-20,2015-06-17,LS3,49.025,-123.7383,WSGS84,300,CA,20
LS3-6-17-2015-5,2015-06-17,LS3,49.025,-123.7383,WSGS84,300,CA,5
LS3-6-25-2015-0,2015-06-25,LS3,49.025,-123.7383,WSGS84,300,CA,0
LS3-6-5-2017-0,2017-06-05,LS3,49.0254,-123.7386,WSGS84,300,CA,0
LS3-6-6-2016-0,2016-06-06,LS3,49.0248,-123.7381,WSGS84,300,CA,0
LS3-7-2-2015-0,2015-07-02,LS3,49.025,-123.7383,WSGS84,300,CA,0
LS3-7-31-2017-0,2017-07-31,LS3,49.025,-123.7383,WSGS84,300,CA,0
LS3-8-10-2016-0,2016-08-10,LS3,49.025,-123.7384,WSGS84,300,CA,0
LS3-9-14-2015-0,2015-09-14,LS3,49.025,-123.7383,WSGS84,300,CA,0
LS4-3-10-2017-0,2017-03-10,LS4,48.9453,-123.6913,WSGS84,300,CA,0
LS4-3-17-2016-0,2016-03-17,LS4,48.9468,-123.6916,WSGS84,300,CA,0
LS4-3-31-2016-0,2016-03-31,LS4,48.9465,-123.6912,WSGS84,300,CA,0
LS4-4-17-2018-0,2018-04-17,LS4,48.9467,-123.6917,WSGS84,300,CA,0
LS4-4-18-2016-0,2016-04-18,LS4,48.9467,-123.6917,WSGS84,300,CA,0
LS4-4-20-2016-0,2016-04-20,LS4,48.9467,-123.6917,WSGS84,300,CA,0
LS4-4-27-2016-0,2016-04-27,LS4,48.9467,-123.6917,WSGS84,300,CA,0
LS4-4-5-2018-0,2018-04-05,LS4,48.9467,-123.6917,WSGS84,300,CA,0
LS4-5-18-2018-0,2018-05-18,LS4,48.9467,-123.6917,WSGS84,300,CA,0
LS4-5-20-2015-0,2015-05-20,LS4,48.9467,-123.6917,WSGS84,300,CA,0
LS4-5-27-2016-0,2016-05-27,LS4,48.9454,-123.6906,WSGS84,300,CA,0
LS4-5-4-2017-0,2017-05-04,LS4,48.947,-123.6922,WSGS84,300,CA,0
LS4-6-17-2015-0,2015-06-17,LS4,48.9467,-123.6917,WSGS84,300,CA,0
LS4-6-25-2015-0,2015-06-25,LS4,48.9467,-123.6917,WSGS84,300,CA,0
LS4-6-5-2017-0,2017-06-05,LS4,48.9467,-123.6919,WSGS84,300,CA,0
LS4-6-6-2016-0,2016-06-06,LS4,48.9463,-123.6907,WSGS84,300,CA,0
LS4-7-2-2015-0,2015-07-02,LS4,48.9467,-123.6917,WSGS84,300,CA,0
LS4-7-31-2017-0,2017-07-31,LS4,48.9467,-123.6917,WSGS84,300,CA,0
LS4-8-10-2016-0,2016-08-10,LS4,48.9464,-123.6918,WSGS84,300,CA,0
LS4-9-14-2015-0,2015-09-14,LS4,48.9467,-123.6917,WSGS84,300,CA,0
LS5-3-10-2017-0,2017-03-10,LS5,48.8825,-123.6132,WSGS84,300,CA,0
LS5-3-17-2016-0,2016-03-17,LS5,48.8833,-123.61,WSGS84,300,CA,0
LS5-3-31-2016-0,2016-03-31,LS5,48.8831,-123.6103,WSGS84,300,CA,0
LS5-4-17-2018-0,2018-04-17,LS5,48.8833,-123.61,WSGS84,300,CA,0
LS5-4-18-2016-0,2016-04-18,LS5,48.8833,-123.61,WSGS84,300,CA,0
LS5-4-20-2016-0,2016-04-20,LS5,48.8833,-123.61,WSGS84,300,CA,0
LS5-4-27-2016-0,2016-04-27,LS5,48.8833,-123.61,WSGS84,300,CA,0
LS5-4-5-2018-0,2018-04-05,LS5,48.8833,-123.61,WSGS84,300,CA,0
LS5-5-18-2018-0,2018-05-18,LS5,48.8833,-123.61,WSGS84,300,CA,0
LS5-5-20-2015-0,2015-05-20,LS5,48.8833,-123.61,WSGS84,300,CA,0
LS5-5-27-2015-5,2015-05-27,LS5,48.8833,-123.61,WSGS84,300,CA,5
LS5-5-4-2017-0,2017-05-04,LS5,48.8833,-123.61,WSGS84,300,CA,0
LS5-6-17-2015-0,2015-06-17,LS5,48.8833,-123.61,WSGS84,300,CA,0
LS5-6-25-2015-0,2015-06-25,LS5,48.8833,-123.61,WSGS84,300,CA,0
LS5-6-5-2017-0,2017-06-05,LS5,48.8833,-123.61,WSGS84,300,CA,0
LS5-6-6-2016-0,2016-06-06,LS5,48.883,-123.6095,WSGS84,300,CA,0
LS5-7-2-2015-0,2015-07-02,LS5,48.8833,-123.61,WSGS84,300,CA,0
LS5-7-31-2017-0,2017-07-31,LS5,48.8833,-123.61,WSGS84,300,CA,0
LS5-8-10-2016-0,2016-08-10,LS5,48.8832,-123.61,WSGS84,300,CA,0
LS5-9-14-2015-0,2015-09-14,LS5,48.8833,-123.61,WSGS84,300,CA,0
MAL1-1-24-2019-0,2019-01-24,MAL1,49.7317,-124.26,WSGS84,300,CA,0
MAL1-10-11-2018-0,2018-10-11,MAL1,49.7317,-124.26,WSGS84,300,CA,0
MAL1-10-29-2018-0,2018-10-29,MAL1,49.7317,-124.26,WSGS84,300,CA,0
MAL1-3-10-2017-0,2017-03-10,MAL1,49.7317,-124.26,WSGS84,300,CA,0
MAL1-3-13-2018-0,2018-03-13,MAL1,49.7317,-124.26,WSGS84,300,CA,0
MAL1-3-21-2017-0,2017-03-21,MAL1,49.7316,-124.26,WSGS84,300,CA,0
MAL1-3-24-2018-0,2018-03-24,MAL1,49.7317,-124.26,WSGS84,300,CA,0
MAL1-3-3-2017-0,2017-03-03,MAL1,49.7317,-124.26,WSGS84,300,CA,0
MAL1-3-30-2019-0,2019-03-30,MAL1,49.7317,-124.26,WSGS84,300,CA,0
MAL1-3-8-2018-0,2018-03-08,MAL1,49.7317,-124.26,WSGS84,300,CA,0
MAL1-4-18-2018-0,2018-04-18,MAL1,49.7317,-124.26,WSGS84,300,CA,0
MAL1-4-20-2017-0,2017-04-20,MAL1,49.7317,-124.26,WSGS84,300,CA,0
MAL1-4-25-2018-0,2018-04-25,MAL1,49.7317,-124.26,WSGS84,300,CA,0
MAL1-4-3-2018-0,2018-04-03,MAL1,49.7317,-124.26,WSGS84,300,CA,0
MAL1-4-7-2017-0,2017-04-07,MAL1,49.7315,-124.2598,WSGS84,300,CA,0
MAL1-5-16-2018-0,2018-05-16,MAL1,49.7317,-124.26,WSGS84,300,CA,0
MAL1-5-17-2016-0,2016-05-17,MAL1,49.7317,-124.26,WSGS84,300,CA,0
MAL1-5-22-2017-0,2017-05-22,MAL1,49.7317,-124.26,WSGS84,300,CA,0
MAL1-5-25-2016-0,2016-05-25,MAL1,49.7316,-124.26,WSGS84,300,CA,0
MAL1-5-31-2018-0,2018-05-31,MAL1,49.7317,-124.26,WSGS84,300,CA,0
MAL1-5-6-2017-0,2017-05-06,MAL1,49.7316,-124.26,WSGS84,300,CA,0
MAL1-5-8-2018-0,2018-05-08,MAL1,49.7317,-124.26,WSGS84,300,CA,0
MAL1-6-12-2017-0,2017-06-12,MAL1,49.7315,-124.2601,WSGS84,300,CA,0
MAL1-6-13-2016-0,2016-06-13,MAL1,49.7317,-124.26,WSGS84,300,CA,0
MAL1-6-14-2018-0,2018-06-14,MAL1,49.7317,-124.26,WSGS84,300,CA,0
MAL1-6-20-2018-0,2018-06-20,MAL1,49.7317,-124.26,WSGS84,300,CA,0
MAL1-6-22-2017-0,2017-06-22,MAL1,49.7317,-124.26,WSGS84,300,CA,0
MAL1-6-29-2016-0,2016-06-29,MAL1,49.7317,-124.26,WSGS84,300,CA,0
MAL1-6-5-2017-0,2017-06-05,MAL1,49.7317,-124.26,WSGS84,300,CA,0
MAL1-6-6-2016-0,2016-06-06,MAL1,49.7317,-124.26,WSGS84,300,CA,0
MAL1-6-6-2018-0,2018-06-06,MAL1,49.7317,-124.26,WSGS84,300,CA,0
MAL1-7-11-2018-0,2018-07-11,MAL1,49.7317,-124.26,WSGS84,300,CA,0
MAL1-7-18-2017-0,2017-07-18,MAL1,49.7314,-124.2601,WSGS84,300,CA,0
MAL1-7-21-2016-0,2016-07-21,MAL1,49.7317,-124.2601,WSGS84,300,CA,0
MAL1-7-25-2018-0,2018-07-25,MAL1,49.7317,-124.26,WSGS84,300,CA,0
MAL1-7-26-2016-0,2016-07-26,MAL1,49.7316,-124.2601,WSGS84,300,CA,0
MAL1-7-30-2017-0,2017-07-30,MAL1,49.7318,-124.2599,WSGS84,300,CA,0
MAL1-7-4-2016-0,2016-07-04,MAL1,49.7317,-124.26,WSGS84,300,CA,0
MAL1-7-5-2018-0,2018-07-05,MAL1,49.7317,-124.26,WSGS84,300,CA,0
MAL1-7-7-2017-0,2017-07-07,MAL1,49.7318,-124.26,WSGS84,300,CA,0
MAL1-8-10-2016-0,2016-08-10,MAL1,49.7316,-124.2601,WSGS84,300,CA,0
MAL1-8-14-2017-0,2017-08-14,MAL1,49.7317,-124.2599,WSGS84,300,CA,0
MAL1-8-15-2018-0,2018-08-15,MAL1,49.7317,-124.26,WSGS84,300,CA,0
MAL1-8-22-2016-0,2016-08-22,MAL1,49.7315,-124.2601,WSGS84,300,CA,0
MAL1-8-22-2017-0,2017-08-22,MAL1,49.7316,-124.26,WSGS84,300,CA,0
MAL1-8-23-2018-0,2018-08-23,MAL1,49.7317,-124.26,WSGS84,300,CA,0
MAL1-8-3-2016-0,2016-08-03,MAL1,49.7318,-124.2601,WSGS84,300,CA,0
MAL1-8-8-2017-0,2017-08-08,MAL1,49.7317,-124.26,WSGS84,300,CA,0
MAL1-9-22-2016-0,2016-09-22,MAL1,49.7316,-124.2603,WSGS84,300,CA,0
MAL1-9-24-2018-0,2018-09-24,MAL1,49.7317,-124.26,WSGS84,300,CA,0
MAL1-9-26-2017-0,2017-09-26,MAL1,49.7317,-124.26,WSGS84,300,CA,0
MAL1-9-5-2017-0,2017-09-05,MAL1,49.7317,-124.2598,WSGS84,300,CA,0
MAL1-9-5-2018-0,2018-09-05,MAL1,49.7317,-124.26,WSGS84,300,CA,0
MAL1-9-7-2016-0,2016-09-07,MAL1,49.7316,-124.2599,WSGS84,300,CA,0
MAL2-1-24-2019-0,2019-01-24,MAL2,49.7117,-124.3517,WSGS84,300,CA,0
MAL2-10-11-2018-0,2018-10-11,MAL2,49.7117,-124.3517,WSGS84,300,CA,0
MAL2-10-29-2018-0,2018-10-29,MAL2,49.7167,-124.3333,WSGS84,300,CA,0
MAL2-3-10-2017-0,2017-03-10,MAL2,49.7117,-124.3517,WSGS84,300,CA,0
MAL2-3-13-2018-0,2018-03-13,MAL2,49.7117,-124.3517,WSGS84,300,CA,0
MAL2-3-21-2017-0,2017-03-21,MAL2,49.7167,-124.3335,WSGS84,300,CA,0
MAL2-3-24-2018-0,2018-03-24,MAL2,49.7117,-124.3517,WSGS84,300,CA,0
MAL2-3-3-2017-0,2017-03-03,MAL2,49.7169,-124.3333,WSGS84,300,CA,0
MAL2-3-30-2019-0,2019-03-30,MAL2,49.7117,-124.3517,WSGS84,300,CA,0
MAL2-3-8-2018-0,2018-03-08,MAL2,49.7117,-124.3517,WSGS84,300,CA,0
MAL2-4-18-2018-0,2018-04-18,MAL2,49.7117,-124.3517,WSGS84,300,CA,0
MAL2-4-25-2018-0,2018-04-25,MAL2,49.7117,-124.3517,WSGS84,300,CA,0
MAL2-4-3-2018-0,2018-04-03,MAL2,49.7117,-124.3517,WSGS84,300,CA,0
MAL2-4-7-2017-0,2017-04-07,MAL2,49.7165,-124.3334,WSGS84,300,CA,0
MAL2-5-16-2018-0,2018-05-16,MAL2,49.7117,-124.3517,WSGS84,300,CA,0
MAL2-5-17-2016-0,2016-05-17,MAL2,49.7167,-124.3333,WSGS84,300,CA,0
MAL2-5-22-2017-0,2017-05-22,MAL2,49.7167,-124.3333,WSGS84,300,CA,0
MAL2-5-25-2016-0,2016-05-25,MAL2,49.7167,-124.3334,WSGS84,300,CA,0
MAL2-5-31-2018-0,2018-05-31,MAL2,49.7117,-124.3517,WSGS84,300,CA,0
MAL2-5-6-2017-0,2017-05-06,MAL2,49.7167,-124.3333,WSGS84,300,CA,0
MAL2-5-8-2018-0,2018-05-08,MAL2,49.7117,-124.3517,WSGS84,300,CA,0
MAL2-6-12-2017-0,2017-06-12,MAL2,49.7164,-124.3332,WSGS84,300,CA,0
MAL2-6-13-2016-0,2016-06-13,MAL2,49.7167,-124.3333,WSGS84,300,CA,0
MAL2-6-14-2018-0,2018-06-14,MAL2,49.7117,-124.3517,WSGS84,300,CA,0
MAL2-6-22-2017-0,2017-06-22,MAL2,49.7117,-124.3517,WSGS84,300,CA,0
MAL2-6-29-2016-0,2016-06-29,MAL2,49.7167,-124.3333,WSGS84,300,CA,0
MAL2-6-5-2017-0,2017-06-05,MAL2,49.7169,-124.3333,WSGS84,300,CA,0
MAL2-6-6-2016-0,2016-06-06,MAL2,49.7167,-124.3333,WSGS84,300,CA,0
MAL2-7-11-2018-0,2018-07-11,MAL2,49.7117,-124.3517,WSGS84,300,CA,0
MAL2-7-18-2017-0,2017-07-18,MAL2,49.7167,-124.3334,WSGS84,300,CA,0
MAL2-7-21-2016-0,2016-07-21,MAL2,49.7166,-124.335,WSGS84,300,CA,0
MAL2-7-25-2018-0,2018-07-25,MAL2,49.7117,-124.3517,WSGS84,300,CA,0
MAL2-7-26-2016-0,2016-07-26,MAL2,49.7167,-124.3332,WSGS84,300,CA,0
MAL2-7-30-2017-0,2017-07-30,MAL2,49.7168,-124.3334,WSGS84,300,CA,0
MAL2-7-4-2016-0,2016-07-04,MAL2,49.7167,-124.3333,WSGS84,300,CA,0
MAL2-7-5-2018-0,2018-07-05,MAL2,49.7117,-124.3517,WSGS84,300,CA,0
MAL2-7-7-2017-0,2017-07-07,MAL2,49.7167,-124.3334,WSGS84,300,CA,0
MAL2-8-10-2016-0,2016-08-10,MAL2,49.7166,-124.3331,WSGS84,300,CA,0
MAL2-8-14-2017-0,2017-08-14,MAL2,49.7166,-124.333,WSGS84,300,CA,0
MAL2-8-15-2018-0,2018-08-15,MAL2,49.7117,-124.3517,WSGS84,300,CA,0
MAL2-8-22-2016-0,2016-08-22,MAL2,49.7164,-124.3328,WSGS84,300,CA,0
MAL2-8-22-2017-0,2017-08-22,MAL2,49.7168,-124.3333,WSGS84,300,CA,0
MAL2-8-23-2018-0,2018-08-23,MAL2,49.7117,-124.3517,WSGS84,300,CA,0
MAL2-8-3-2016-0,2016-08-03,MAL2,49.7168,-124.3334,WSGS84,300,CA,0
MAL2-8-8-2017-0,2017-08-08,MAL2,49.7167,-124.3333,WSGS84,300,CA,0
MAL2-9-22-2016-0,2016-09-22,MAL2,49.7167,-124.3334,WSGS84,300,CA,0
MAL2-9-24-2018-0,2018-09-24,MAL2,49.7117,-124.3517,WSGS84,300,CA,0
MAL2-9-26-2017-0,2017-09-26,MAL2,49.7167,-124.3333,WSGS84,300,CA,0
MAL2-9-5-2017-0,2017-09-05,MAL2,49.7166,-124.3329,WSGS84,300,CA,0
MAL2-9-5-2018-0,2018-09-05,MAL2,49.7117,-124.3517,WSGS84,300,CA,0
MAL2-9-7-2016-0,2016-09-07,MAL2,49.7165,-124.3334,WSGS84,300,CA,0
MAL3-1-13-2021-0,2021-01-13,MAL3,49.7483,-124.4833,WSGS84,300,CA,0
MAL3-1-15-2022-0,2022-01-15,MAL3,49.7483,-124.4833,WSGS84,300,CA,0
MAL3-1-24-2019-0,2019-01-24,MAL3,49.75,-124.4983,WSGS84,300,CA,0
MAL3-10-1-2020-0,2020-10-01,MAL3,49.7834,-124.4834,WSGS84,300,CA,0
MAL3-10-11-2018-0,2018-10-11,MAL3,49.75,-124.4983,WSGS84,300,CA,0
MAL3-10-13-2023-0,2023-10-13,MAL3,49.7483,-124.4833,WSGS84,300,CA,0
MAL3-10-18-2021-0,2021-10-18,MAL3,49.7501,-124.4835,WSGS84,300,CA,0
MAL3-10-29-2018-0,2018-10-29,MAL3,49.7483,-124.4833,WSGS84,300,CA,0
MAL3-10-7-2022-0,2022-10-07,MAL3,49.7483,-124.4833,WSGS84,300,CA,0
MAL3-10-9-2019-0,2019-10-09,MAL3,49.75,-124.4983,WSGS84,300,CA,0
MAL3-11-13-2019-0,2019-11-13,MAL3,49.75,-124.4983,WSGS84,300,CA,0
MAL3-12-9-2020-0,2020-12-09,MAL3,49.75,-124.4833,WSGS84,300,CA,0
MAL3-12-9-2021-0,2021-12-09,MAL3,49.7483,-124.4833,WSGS84,300,CA,0
MAL3-2-24-2021-0,2021-02-24,MAL3,49.7501,-124.4835,WSGS84,300,CA,0
MAL3-2-24-2022-0,2022-02-24,MAL3,49.7483,-124.4833,WSGS84,300,CA,0
MAL3-2-26-2020-0,2020-02-26,MAL3,49.7484,-124.4999,WSGS84,300,CA,0
MAL3-2-27-2023-0,2023-02-27,MAL3,49.7483,-124.4833,WSGS84,300,CA,0
MAL3-3-10-2017-0,2017-03-10,MAL3,49.75,-124.4833,WSGS84,300,CA,0
MAL3-3-11-2021-0,2021-03-11,MAL3,49.7495,-124.4825,WSGS84,300,CA,0
MAL3-3-13-2018-0,2018-03-13,MAL3,49.75,-124.4983,WSGS84,300,CA,0
MAL3-3-15-2023-0,2023-03-15,MAL3,49.7483,-124.4833,WSGS84,300,CA,0
MAL3-3-16-2020-0,2020-03-16,MAL3,49.7483,-124.4833,WSGS84,300,CA,0
MAL3-3-17-2019-0,2019-03-17,MAL3,49.75,-124.4983,WSGS84,300,CA,0
MAL3-3-21-2017-0,2017-03-21,MAL3,49.7484,-124.4832,WSGS84,300,CA,0
MAL3-3-22-2021-0,2021-03-22,MAL3,49.7499,-124.4833,WSGS84,300,CA,0
MAL3-3-24-2018-0,2018-03-24,MAL3,49.75,-124.4983,WSGS84,300,CA,0
MAL3-3-24-2022-0,2022-03-24,MAL3,49.7483,-124.4833,WSGS84,300,CA,0
MAL3-3-29-2023-0,2023-03-29,MAL3,49.7483,-124.4833,WSGS84,300,CA,0
MAL3-3-3-2017-0,2017-03-03,MAL3,49.7486,-124.4833,WSGS84,300,CA,0
MAL3-3-30-2021-0,2021-03-30,MAL3,49.7484,-124.4834,WSGS84,300,CA,0
MAL3-3-5-2023-0,2023-03-05,MAL3,49.7483,-124.4833,WSGS84,300,CA,0
MAL3-3-8-2018-0,2018-03-08,MAL3,49.75,-124.4983,WSGS84,300,CA,0
MAL3-3-8-2019-0,2019-03-08,MAL3,49.75,-124.4983,WSGS84,300,CA,0
MAL3-3-9-2020-0,2020-03-09,MAL3,49.7483,-124.4833,WSGS84,300,CA,0
MAL3-3-9-2022-0,2022-03-09,MAL3,49.7483,-124.4833,WSGS84,300,CA,0
MAL3-4-1-2020-0,2020-04-01,MAL3,49.7499,-124.4833,WSGS84,300,CA,0
MAL3-4-13-2023-0,2023-04-13,MAL3,49.7483,-124.4833,WSGS84,300,CA,0
MAL3-4-14-2022-0,2022-04-14,MAL3,49.7483,-124.4833,WSGS84,300,CA,0
MAL3-4-18-2018-0,2018-04-18,MAL3,49.75,-124.4983,WSGS84,300,CA,0
MAL3-4-2-2023-0,2023-04-02,MAL3,49.7483,-124.4833,WSGS84,300,CA,0
MAL3-4-20-2017-0,2017-04-20,MAL3,49.7483,-124.4833,WSGS84,300,CA,0
MAL3-4-20-2021-0,2021-04-20,MAL3,49.7498,-124.4828,WSGS84,300,CA,0
MAL3-4-22-2022-0,2022-04-22,MAL3,49.7483,-124.4833,WSGS84,300,CA,0
MAL3-4-23-2020-0,2020-04-23,MAL3,49.7498,-124.4832,WSGS84,300,CA,0
MAL3-4-25-2018-0,2018-04-25,MAL3,49.75,-124.4983,WSGS84,300,CA,0
MAL3-4-25-2023-0,2023-04-25,MAL3,49.7483,-124.4833,WSGS84,300,CA,0
MAL3-4-29-2020-0,2020-04-29,MAL3,49.7502,-124.4835,WSGS84,300,CA,0
MAL3-4-3-2018-0,2018-04-03,MAL3,49.75,-124.4983,WSGS84,300,CA,0
MAL3-4-6-2021-0,2021-04-06,MAL3,49.7503,-124.4837,WSGS84,300,CA,0
MAL3-4-7-2017-0,2017-04-07,MAL3,49.7484,-124.4834,WSGS84,300,CA,0
MAL3-4-7-2022-0,2022-04-07,MAL3,49.7483,-124.4833,WSGS84,300,CA,0
MAL3-5-11-2021-0,2021-05-11,MAL3,49.7483,-124.4833,WSGS84,300,CA,0
MAL3-5-14-2020-0,2020-05-14,MAL3,49.7485,-124.4835,WSGS84,300,CA,0
MAL3-5-14-2022-0,2022-05-14,MAL3,49.7483,-124.4833,WSGS84,300,CA,0
MAL3-5-16-2018-0,2018-05-16,MAL3,49.75,-124.4983,WSGS84,300,CA,0
MAL3-5-17-2016-0,2016-05-17,MAL3,49.7483,-124.4833,WSGS84,300,CA,0
MAL3-5-22-2017-0,2017-05-22,MAL3,49.7483,-124.4833,WSGS84,300,CA,0
MAL3-5-22-2022-0,2022-05-22,MAL3,49.7483,-124.4833,WSGS84,300,CA,0
MAL3-5-25-2016-0,2016-05-25,MAL3,49.7482,-124.4833,WSGS84,300,CA,0
MAL3-5-26-2023-0,2023-05-26,MAL3,49.7483,-124.4833,WSGS84,300,CA,0
MAL3-5-31-2018-0,2018-05-31,MAL3,49.75,-124.4983,WSGS84,300,CA,0
MAL3-5-4-2023-0,2023-05-04,MAL3,49.7483,-124.4833,WSGS84,300,CA,0
MAL3-5-6-2017-0,2017-05-06,MAL3,49.7483,-124.4833,WSGS84,300,CA,0
MAL3-5-7-2020-0,2020-05-07,MAL3,49.75,-124.4833,WSGS84,300,CA,0
MAL3-5-8-2018-0,2018-05-08,MAL3,49.75,-124.4983,WSGS84,300,CA,0
MAL3-6-10-2021-0,2021-06-10,MAL3,49.7483,-124.4833,WSGS84,300,CA,0
MAL3-6-12-2017-0,2017-06-12,MAL3,49.7482,-124.4833,WSGS84,300,CA,0
MAL3-6-13-2016-0,2016-06-13,MAL3,49.7483,-124.4833,WSGS84,300,CA,0
MAL3-6-13-2022-0,2022-06-13,MAL3,49.7483,-124.4833,WSGS84,300,CA,0
MAL3-6-14-2018-0,2018-06-14,MAL3,49.75,-124.4983,WSGS84,300,CA,0
MAL3-6-15-2021-0,2021-06-15,MAL3,49.75,-124.4837,WSGS84,300,CA,0
MAL3-6-15-2023-0,2023-06-15,MAL3,49.7483,-124.4833,WSGS84,300,CA,0
MAL3-6-21-2019-0,2019-06-21,MAL3,49.75,-124.4983,WSGS84,300,CA,0
MAL3-6-22-2017-0,2017-06-22,MAL3,49.7483,-124.4833,WSGS84,300,CA,0
MAL3-6-23-2023-0,2023-06-23,MAL3,49.7483,-124.4833,WSGS84,300,CA,0
MAL3-6-26-2020-0,2020-06-26,MAL3,49.7333,-124.4833,WSGS84,300,CA,0
MAL3-6-29-2016-0,2016-06-29,MAL3,49.7483,-124.4833,WSGS84,300,CA,0
MAL3-6-5-2017-0,2017-06-05,MAL3,49.7482,-124.4833,WSGS84,300,CA,0
MAL3-6-5-2020-0,2020-06-05,MAL3,49.7501,-124.4833,WSGS84,300,CA,0
MAL3-6-6-2016-0,2016-06-06,MAL3,49.7483,-124.4833,WSGS84,300,CA,0
MAL3-6-6-2018-0,2018-06-06,MAL3,49.75,-124.4983,WSGS84,300,CA,0
MAL3-7-11-2018-0,2018-07-11,MAL3,49.75,-124.4983,WSGS84,300,CA,0
MAL3-7-11-2022-0,2022-07-11,MAL3,49.7483,-124.4833,WSGS84,300,CA,0
MAL3-7-16-2023-0,2023-07-16,MAL3,49.7483,-124.4833,WSGS84,300,CA,0
MAL3-7-18-2017-0,2017-07-18,MAL3,49.7483,-124.4834,WSGS84,300,CA,0
MAL3-7-21-2016-0,2016-07-21,MAL3,49.7483,-124.4835,WSGS84,300,CA,0
MAL3-7-22-2020-0,2020-07-22,MAL3,49.75,-124.4834,WSGS84,300,CA,0
MAL3-7-23-2019-0,2019-07-23,MAL3,49.75,-124.4983,WSGS84,300,CA,0
MAL3-7-25-2018-0,2018-07-25,MAL3,49.75,-124.4983,WSGS84,300,CA,0
MAL3-7-26-2016-0,2016-07-26,MAL3,49.7483,-124.4833,WSGS84,300,CA,0
MAL3-7-26-2023-0,2023-07-26,MAL3,49.7483,-124.4833,WSGS84,300,CA,0
MAL3-7-30-2017-0,2017-07-30,MAL3,49.7483,-124.4835,WSGS84,300,CA,0
MAL3-7-4-2016-0,2016-07-04,MAL3,49.7483,-124.4833,WSGS84,300,CA,0
MAL3-7-5-2018-0,2018-07-05,MAL3,49.75,-124.4983,WSGS84,300,CA,0
MAL3-7-6-2020-0,2020-07-06,MAL3,49.7833,-124.4838,WSGS84,300,CA,0
MAL3-7-7-2017-0,2017-07-07,MAL3,49.7483,-124.4834,WSGS84,300,CA,0
MAL3-7-8-2019-0,2019-07-08,MAL3,49.75,-124.4983,WSGS84,300,CA,0
MAL3-7-8-2021-0,2021-07-08,MAL3,49.7504,-124.4838,WSGS84,300,CA,0
MAL3-8-10-2016-0,2016-08-10,MAL3,49.7482,-124.4835,WSGS84,300,CA,0
MAL3-8-14-2017-0,2017-08-14,MAL3,49.7482,-124.4833,WSGS84,300,CA,0
MAL3-8-15-2018-0,2018-08-15,MAL3,49.75,-124.4983,WSGS84,300,CA,0
MAL3-8-16-2023-0,2023-08-16,MAL3,49.7483,-124.4833,WSGS84,300,CA,0
MAL3-8-18-2022-0,2022-08-18,MAL3,49.7483,-124.4833,WSGS84,300,CA,0
MAL3-8-20-2019-0,2019-08-20,MAL3,49.75,-124.4983,WSGS84,300,CA,0
MAL3-8-22-2016-0,2016-08-22,MAL3,49.7483,-124.4833,WSGS84,300,CA,0
MAL3-8-22-2017-0,2017-08-22,MAL3,49.7483,-124.4833,WSGS84,300,CA,0
MAL3-8-23-2018-0,2018-08-23,MAL3,49.75,-124.4983,WSGS84,300,CA,0
MAL3-8-23-2023-0,2023-08-23,MAL3,49.7483,-124.4833,WSGS84,300,CA,0
MAL3-8-25-2020-0,2020-08-25,MAL3,49.75,-124.4833,WSGS84,300,CA,0
MAL3-8-28-2021-0,2021-08-28,MAL3,49.7498,-124.484,WSGS84,300,CA,0
MAL3-8-3-2016-0,2016-08-03,MAL3,49.7484,-124.4833,WSGS84,300,CA,0
MAL3-8-4-2020-0,2020-08-04,MAL3,49.7483,-124.4832,WSGS84,300,CA,0
MAL3-8-7-2019-0,2019-08-07,MAL3,49.7483,-124.4833,WSGS84,300,CA,0
MAL3-8-8-2017-0,2017-08-08,MAL3,49.7483,-124.4834,WSGS84,300,CA,0
MAL3-8-8-2021-0,2021-08-08,MAL3,49.7479,-124.4831,WSGS84,300,CA,0
MAL3-9-10-2022-0,2022-09-10,MAL3,49.7483,-124.4833,WSGS84,300,CA,0
MAL3-9-13-2023-0,2023-09-13,MAL3,49.7483,-124.4833,WSGS84,300,CA,0
MAL3-9-17-2020-0,2020-09-17,MAL3,49.75,-124.4835,WSGS84,300,CA,0
MAL3-9-17-2022-0,2022-09-17,MAL3,49.7483,-124.4833,WSGS84,300,CA,0
MAL3-9-19-2019-0,2019-09-19,MAL3,49.75,-124.4983,WSGS84,300,CA,0
MAL3-9-22-2016-0,2016-09-22,MAL3,49.7484,-124.4833,WSGS84,300,CA,0
MAL3-9-22-2023-0,2023-09-22,MAL3,49.7483,-124.4833,WSGS84,300,CA,0
MAL3-9-24-2018-0,2018-09-24,MAL3,49.75,-124.4983,WSGS84,300,CA,0
MAL3-9-24-2021-0,2021-09-24,MAL3,49.7482,-124.4831,WSGS84,300,CA,0
MAL3-9-26-2017-0,2017-09-26,MAL3,49.7483,-124.4833,WSGS84,300,CA,0
MAL3-9-4-2019-0,2019-09-04,MAL3,49.75,-124.4983,WSGS84,300,CA,0
MAL3-9-5-2017-0,2017-09-05,MAL3,49.7483,-124.4831,WSGS84,300,CA,0
MAL3-9-5-2018-0,2018-09-05,MAL3,49.75,-124.4983,WSGS84,300,CA,0
MAL3-9-7-2016-0,2016-09-07,MAL3,49.7484,-124.4833,WSGS84,300,CA,0
MAL4-1-13-2021-0,2021-01-13,MAL4,49.7833,-124.4833,WSGS84,300,CA,0
MAL4-1-15-2022-0,2022-01-15,MAL4,49.7833,-124.4833,WSGS84,300,CA,0
MAL4-1-24-2019-0,2019-01-24,MAL4,49.7833,-124.4917,WSGS84,300,CA,0
MAL4-10-1-2020-0,2020-10-01,MAL4,49.7499,-124.4833,WSGS84,300,CA,0
MAL4-10-11-2018-0,2018-10-11,MAL4,49.7833,-124.4917,WSGS84,300,CA,0
MAL4-10-13-2023-0,2023-10-13,MAL4,49.7833,-124.4833,WSGS84,300,CA,0
MAL4-10-18-2021-0,2021-10-18,MAL4,49.7835,-124.4837,WSGS84,300,CA,0
MAL4-10-29-2018-0,2018-10-29,MAL4,49.7833,-124.4833,WSGS84,300,CA,0
MAL4-10-7-2022-0,2022-10-07,MAL4,49.7833,-124.4833,WSGS84,300,CA,0
MAL4-10-9-2019-0,2019-10-09,MAL4,49.7833,-124.4917,WSGS84,300,CA,0
MAL4-11-13-2019-0,2019-11-13,MAL4,49.7833,-124.4917,WSGS84,300,CA,0
MAL4-12-9-2020-0,2020-12-09,MAL4,49.7834,-124.4835,WSGS84,300,CA,0
MAL4-12-9-2021-0,2021-12-09,MAL4,49.7833,-124.4833,WSGS84,300,CA,0
MAL4-2-24-2021-0,2021-02-24,MAL4,49.7831,-124.4838,WSGS84,300,CA,0
MAL4-2-24-2022-0,2022-02-24,MAL4,49.7833,-124.4833,WSGS84,300,CA,0
MAL4-2-26-2020-0,2020-02-26,MAL4,49.7833,-124.4831,WSGS84,300,CA,0
MAL4-2-27-2023-0,2023-02-27,MAL4,49.7833,-124.4833,WSGS84,300,CA,0
MAL4-3-10-2017-0,2017-03-10,MAL4,49.7833,-124.4917,WSGS84,300,CA,0
MAL4-3-11-2021-0,2021-03-11,MAL4,49.7833,-124.4831,WSGS84,300,CA,0
MAL4-3-13-2018-0,2018-03-13,MAL4,49.7833,-124.4917,WSGS84,300,CA,0
MAL4-3-15-2023-0,2023-03-15,MAL4,49.7833,-124.4833,WSGS84,300,CA,0
MAL4-3-16-2020-0,2020-03-16,MAL4,49.7833,-124.4833,WSGS84,300,CA,0
MAL4-3-16-2022-0,2022-03-16,MAL4,49.7833,-124.4833,WSGS84,300,CA,0
MAL4-3-17-2019-0,2019-03-17,MAL4,49.7833,-124.4917,WSGS84,300,CA,0
MAL4-3-21-2017-0,2017-03-21,MAL4,49.7835,-124.4836,WSGS84,300,CA,0
MAL4-3-22-2021-0,2021-03-22,MAL4,49.7831,-124.483,WSGS84,300,CA,0
MAL4-3-24-2018-0,2018-03-24,MAL4,49.7833,-124.4917,WSGS84,300,CA,0
MAL4-3-24-2022-0,2022-03-24,MAL4,49.7833,-124.4833,WSGS84,300,CA,0
MAL4-3-29-2023-0,2023-03-29,MAL4,49.7833,-124.4833,WSGS84,300,CA,0
MAL4-3-3-2017-0,2017-03-03,MAL4,49.7835,-124.4836,WSGS84,300,CA,0
MAL4-3-30-2021-0,2021-03-30,MAL4,49.7833,-124.4836,WSGS84,300,CA,0
MAL4-3-5-2023-0,2023-03-05,MAL4,49.7833,-124.4833,WSGS84,300,CA,0
MAL4-3-8-2018-0,2018-03-08,MAL4,49.7833,-124.4917,WSGS84,300,CA,0
MAL4-3-8-2019-0,2019-03-08,MAL4,49.7833,-124.4917,WSGS84,300,CA,0
MAL4-3-9-2020-0,2020-03-09,MAL4,49.7833,-124.4833,WSGS84,300,CA,0
MAL4-3-9-2022-0,2022-03-09,MAL4,49.7833,-124.4833,WSGS84,300,CA,0
MAL4-4-1-2020-0,2020-04-01,MAL4,49.7834,-124.4914,WSGS84,300,CA,0
MAL4-4-13-2023-0,2023-04-13,MAL4,49.7833,-124.4833,WSGS84,300,CA,0
MAL4-4-14-2022-0,2022-04-14,MAL4,49.7833,-124.4833,WSGS84,300,CA,0
MAL4-4-18-2018-0,2018-04-18,MAL4,49.7833,-124.4917,WSGS84,300,CA,0
MAL4-4-2-2023-0,2023-04-02,MAL4,49.7833,-124.4833,WSGS84,300,CA,0
MAL4-4-20-2017-0,2017-04-20,MAL4,49.7833,-124.4833,WSGS84,300,CA,0
MAL4-4-20-2021-0,2021-04-20,MAL4,49.7834,-124.483,WSGS84,300,CA,0
MAL4-4-22-2022-0,2022-04-22,MAL4,49.7833,-124.4833,WSGS84,300,CA,0
MAL4-4-23-2020-0,2020-04-23,MAL4,49.7832,-124.4917,WSGS84,300,CA,0
MAL4-4-24-2019-0,2019-04-24,MAL4,49.7833,-124.4917,WSGS84,300,CA,0
MAL4-4-25-2018-0,2018-04-25,MAL4,49.7833,-124.4917,WSGS84,300,CA,0
MAL4-4-25-2023-0,2023-04-25,MAL4,49.7833,-124.4833,WSGS84,300,CA,0
MAL4-4-29-2020-0,2020-04-29,MAL4,49.7835,-124.4835,WSGS84,300,CA,0
MAL4-4-3-2018-0,2018-04-03,MAL4,49.7833,-124.4917,WSGS84,300,CA,0
MAL4-4-6-2021-0,2021-04-06,MAL4,49.7838,-124.4839,WSGS84,300,CA,0
MAL4-4-7-2017-0,2017-04-07,MAL4,49.7833,-124.4834,WSGS84,300,CA,0
MAL4-4-7-2022-0,2022-04-07,MAL4,49.7833,-124.4833,WSGS84,300,CA,0
MAL4-4-8-2019-0,2019-04-08,MAL4,49.7833,-124.4917,WSGS84,300,CA,0
MAL4-5-11-2021-0,2021-05-11,MAL4,49.7833,-124.4833,WSGS84,300,CA,0
MAL4-5-14-2020-0,2020-05-14,MAL4,49.7833,-124.4835,WSGS84,300,CA,0
MAL4-5-14-2022-0,2022-05-14,MAL4,49.7833,-124.4833,WSGS84,300,CA,0
MAL4-5-16-2018-0,2018-05-16,MAL4,49.7833,-124.4917,WSGS84,300,CA,0
MAL4-5-17-2016-0,2016-05-17,MAL4,49.7833,-124.4833,WSGS84,300,CA,0
MAL4-5-22-2017-0,2017-05-22,MAL4,49.7833,-124.4833,WSGS84,300,CA,0
MAL4-5-22-2022-0,2022-05-22,MAL4,49.7833,-124.4833,WSGS84,300,CA,0
MAL4-5-25-2016-0,2016-05-25,MAL4,49.7834,-124.4835,WSGS84,300,CA,0
MAL4-5-26-2023-0,2023-05-26,MAL4,49.7833,-124.4833,WSGS84,300,CA,0
MAL4-5-31-2018-0,2018-05-31,MAL4,49.7833,-124.4917,WSGS84,300,CA,0
MAL4-5-4-2023-0,2023-05-04,MAL4,49.7833,-124.4833,WSGS84,300,CA,0
MAL4-5-6-2017-0,2017-05-06,MAL4,49.7833,-124.4833,WSGS84,300,CA,0
MAL4-5-7-2020-0,2020-05-07,MAL4,49.7833,-124.4835,WSGS84,300,CA,0
MAL4-5-8-2018-0,2018-05-08,MAL4,49.7833,-124.4917,WSGS84,300,CA,0
MAL4-6-10-2021-0,2021-06-10,MAL4,49.7833,-124.4833,WSGS84,300,CA,0
MAL4-6-12-2017-0,2017-06-12,MAL4,49.7833,-124.4831,WSGS84,300,CA,0
MAL4-6-13-2016-0,2016-06-13,MAL4,49.7833,-124.4833,WSGS84,300,CA,0
MAL4-6-13-2016-10,2016-06-13,MAL4,49.7833,-124.4833,WSGS84,300,CA,10
MAL4-6-13-2016-20,2016-06-13,MAL4,49.7833,-124.4833,WSGS84,300,CA,20
MAL4-6-13-2016-5,2016-06-13,MAL4,49.7833,-124.4833,WSGS84,300,CA,5
MAL4-6-13-2022-0,2022-06-13,MAL4,49.7833,-124.4833,WSGS84,300,CA,0
MAL4-6-14-2018-0,2018-06-14,MAL4,49.7833,-124.4833,WSGS84,300,CA,0
MAL4-6-15-2021-0,2021-06-15,MAL4,49.7834,-124.4834,WSGS84,300,CA,0
MAL4-6-15-2023-0,2023-06-15,MAL4,49.7833,-124.4833,WSGS84,300,CA,0
MAL4-6-21-2019-0,2019-06-21,MAL4,49.7833,-124.4917,WSGS84,300,CA,0
MAL4-6-22-2017-0,2017-06-22,MAL4,49.7833,-124.4917,WSGS84,300,CA,0
MAL4-6-23-2023-0,2023-06-23,MAL4,49.7833,-124.4833,WSGS84,300,CA,0
MAL4-6-26-2020-0,2020-06-26,MAL4,49.7833,-124.4833,WSGS84,300,CA,0
MAL4-6-29-2016-0,2016-06-29,MAL4,49.7833,-124.4833,WSGS84,300,CA,0
MAL4-6-29-2016-10,2016-06-29,MAL4,49.7833,-124.4833,WSGS84,300,CA,10
MAL4-6-29-2016-20,2016-06-29,MAL4,49.7833,-124.4833,WSGS84,300,CA,20
MAL4-6-29-2016-5,2016-06-29,MAL4,49.7833,-124.4833,WSGS84,300,CA,5
MAL4-6-4-2019-0,2019-06-04,MAL4,49.7833,-124.4917,WSGS84,300,CA,0
MAL4-6-5-2017-0,2017-06-05,MAL4,49.7834,-124.4833,WSGS84,300,CA,0
MAL4-6-5-2020-0,2020-06-05,MAL4,49.7834,-124.4833,WSGS84,300,CA,0
MAL4-6-6-2016-0,2016-06-06,MAL4,49.7833,-124.4833,WSGS84,300,CA,0
MAL4-6-6-2016-10,2016-06-06,MAL4,49.7833,-124.4833,WSGS84,300,CA,10
MAL4-6-6-2016-20,2016-06-06,MAL4,49.7833,-124.4833,WSGS84,300,CA,20
MAL4-6-6-2016-5,2016-06-06,MAL4,49.7833,-124.4833,WSGS84,300,CA,5
MAL4-6-6-2018-0,2018-06-06,MAL4,49.7833,-124.4917,WSGS84,300,CA,0
MAL4-7-11-2018-0,2018-07-11,MAL4,49.7833,-124.4917,WSGS84,300,CA,0
MAL4-7-11-2022-0,2022-07-11,MAL4,49.7833,-124.4833,WSGS84,300,CA,0
MAL4-7-16-2023-0,2023-07-16,MAL4,49.7833,-124.4833,WSGS84,300,CA,0
MAL4-7-18-2017-0,2017-07-18,MAL4,49.7832,-124.483,WSGS84,300,CA,0
MAL4-7-21-2016-0,2016-07-21,MAL4,49.7833,-124.4833,WSGS84,300,CA,0
MAL4-7-21-2016-10,2016-07-21,MAL4,49.7833,-124.4833,WSGS84,300,CA,10
MAL4-7-21-2016-20,2016-07-21,MAL4,49.7833,-124.4833,WSGS84,300,CA,20
MAL4-7-21-2016-5,2016-07-21,MAL4,49.7833,-124.4833,WSGS84,300,CA,5
MAL4-7-22-2020-0,2020-07-22,MAL4,49.7783,-124.4832,WSGS84,300,CA,0
MAL4-7-23-2019-0,2019-07-23,MAL4,49.7833,-124.4917,WSGS84,300,CA,0
MAL4-7-25-2018-0,2018-07-25,MAL4,49.7833,-124.4917,WSGS84,300,CA,0
MAL4-7-26-2016-0,2016-07-26,MAL4,49.7833,-124.4831,WSGS84,300,CA,0
MAL4-7-26-2016-10,2016-07-26,MAL4,49.7833,-124.4833,WSGS84,300,CA,10
MAL4-7-26-2016-20,2016-07-26,MAL4,49.7833,-124.4833,WSGS84,300,CA,20
MAL4-7-26-2016-5,2016-07-26,MAL4,49.7833,-124.4833,WSGS84,300,CA,5
MAL4-7-26-2023-0,2023-07-26,MAL4,49.7833,-124.4833,WSGS84,300,CA,0
MAL4-7-30-2017-0,2017-07-30,MAL4,49.7833,-124.4832,WSGS84,300,CA,0
MAL4-7-4-2016-0,2016-07-04,MAL4,49.7833,-124.4833,WSGS84,300,CA,0
MAL4-7-4-2016-10,2016-07-04,MAL4,49.7833,-124.4833,WSGS84,300,CA,10
MAL4-7-4-2016-20,2016-07-04,MAL4,49.7833,-124.4833,WSGS84,300,CA,20
MAL4-7-4-2016-5,2016-07-04,MAL4,49.7833,-124.4833,WSGS84,300,CA,5
MAL4-7-5-2018-0,2018-07-05,MAL4,49.7833,-124.4917,WSGS84,300,CA,0
MAL4-7-6-2020-0,2020-07-06,MAL4,49.765,-124.4835,WSGS84,300,CA,0
MAL4-7-7-2017-0,2017-07-07,MAL4,49.7834,-124.4836,WSGS84,300,CA,0
MAL4-7-8-2019-0,2019-07-08,MAL4,49.7833,-124.4917,WSGS84,300,CA,0
MAL4-7-8-2021-0,2021-07-08,MAL4,49.7836,-124.4838,WSGS84,300,CA,0
MAL4-8-10-2016-0,2016-08-10,MAL4,49.7832,-124.4831,WSGS84,300,CA,0
MAL4-8-10-2016-10,2016-08-10,MAL4,49.7833,-124.4833,WSGS84,300,CA,10
MAL4-8-10-2016-20,2016-08-10,MAL4,49.7833,-124.4833,WSGS84,300,CA,20
MAL4-8-10-2016-5,2016-08-10,MAL4,49.7833,-124.4833,WSGS84,300,CA,5
MAL4-8-14-2017-0,2017-08-14,MAL4,49.7833,-124.4833,WSGS84,300,CA,0
MAL4-8-15-2018-0,2018-08-15,MAL4,49.7833,-124.4917,WSGS84,300,CA,0
MAL4-8-16-2023-0,2023-08-16,MAL4,49.7833,-124.4833,WSGS84,300,CA,0
MAL4-8-18-2022-0,2022-08-18,MAL4,49.7833,-124.4833,WSGS84,300,CA,0
MAL4-8-20-2019-0,2019-08-20,MAL4,49.7833,-124.4917,WSGS84,300,CA,0
MAL4-8-22-2016-0,2016-08-22,MAL4,49.7833,-124.4833,WSGS84,300,CA,0
MAL4-8-22-2016-10,2016-08-22,MAL4,49.7833,-124.4833,WSGS84,300,CA,10
MAL4-8-22-2016-20,2016-08-22,MAL4,49.7833,-124.4833,WSGS84,300,CA,20
MAL4-8-22-2016-5,2016-08-22,MAL4,49.7833,-124.4833,WSGS84,300,CA,5
MAL4-8-22-2017-0,2017-08-22,MAL4,49.7835,-124.4835,WSGS84,300,CA,0
MAL4-8-23-2018-0,2018-08-23,MAL4,49.7833,-124.4917,WSGS84,300,CA,0
MAL4-8-23-2023-0,2023-08-23,MAL4,49.7833,-124.4833,WSGS84,300,CA,0
MAL4-8-25-2020-0,2020-08-25,MAL4,49.7833,-124.4833,WSGS84,300,CA,0
MAL4-8-28-2021-0,2021-08-28,MAL4,49.7835,-124.4839,WSGS84,300,CA,0
MAL4-8-3-2016-0,2016-08-03,MAL4,49.7833,-124.4833,WSGS84,300,CA,0
MAL4-8-3-2016-10,2016-08-03,MAL4,49.7833,-124.4833,WSGS84,300,CA,10
MAL4-8-3-2016-20,2016-08-03,MAL4,49.7833,-124.4833,WSGS84,300,CA,20
MAL4-8-3-2016-5,2016-08-03,MAL4,49.7833,-124.4833,WSGS84,300,CA,5
MAL4-8-4-2020-0,2020-08-04,MAL4,49.7832,-124.4836,WSGS84,300,CA,0
MAL4-8-7-2019-0,2019-08-07,MAL4,49.7833,-124.4833,WSGS84,300,CA,0
MAL4-8-8-2017-0,2017-08-08,MAL4,49.7833,-124.4833,WSGS84,300,CA,0
MAL4-8-8-2021-0,2021-08-08,MAL4,49.7832,-124.4832,WSGS84,300,CA,0
MAL4-9-10-2022-0,2022-09-10,MAL4,49.7833,-124.4833,WSGS84,300,CA,0
MAL4-9-13-2023-0,2023-09-13,MAL4,49.7833,-124.4833,WSGS84,300,CA,0
MAL4-9-17-2020-0,2020-09-17,MAL4,49.7834,-124.4834,WSGS84,300,CA,0
MAL4-9-17-2022-0,2022-09-17,MAL4,49.7833,-124.4833,WSGS84,300,CA,0
MAL4-9-19-2019-0,2019-09-19,MAL4,49.7833,-124.4917,WSGS84,300,CA,0
MAL4-9-22-2016-0,2016-09-22,MAL4,49.7834,-124.4833,WSGS84,300,CA,0
MAL4-9-22-2016-10,2016-09-22,MAL4,49.7833,-124.4833,WSGS84,300,CA,10
MAL4-9-22-2016-20,2016-09-22,MAL4,49.7833,-124.4833,WSGS84,300,CA,20
MAL4-9-22-2016-5,2016-09-22,MAL4,49.7833,-124.4833,WSGS84,300,CA,5
MAL4-9-22-2023-0,2023-09-22,MAL4,49.7833,-124.4833,WSGS84,300,CA,0
MAL4-9-24-2018-0,2018-09-24,MAL4,49.7833,-124.4917,WSGS84,300,CA,0
MAL4-9-24-2021-0,2021-09-24,MAL4,49.7834,-124.4828,WSGS84,300,CA,0
MAL4-9-26-2017-0,2017-09-26,MAL4,49.7833,-124.4833,WSGS84,300,CA,0
MAL4-9-4-2019-0,2019-09-04,MAL4,49.7833,-124.4917,WSGS84,300,CA,0
MAL4-9-5-2017-0,2017-09-05,MAL4,49.7832,-124.4832,WSGS84,300,CA,0
MAL4-9-5-2018-0,2018-09-05,MAL4,49.7833,-124.4917,WSGS84,300,CA,0
MAL4-9-7-2016-0,2016-09-07,MAL4,49.7831,-124.4832,WSGS84,300,CA,0
MAL4-9-7-2016-10,2016-09-07,MAL4,49.7833,-124.4833,WSGS84,300,CA,10
MAL4-9-7-2016-20,2016-09-07,MAL4,49.7833,-124.4833,WSGS84,300,CA,20
MAL4-9-7-2016-5,2016-09-07,MAL4,49.7833,-124.4833,WSGS84,300,CA,5
moor1-1-27-2015-0,2015-01-27,moor1,48.7067,-123.4733,WSGS84,300,CA,0
moor1-10-17-2016-0,2016-10-17,moor1,48.7067,-123.4733,WSGS84,300,CA,0
moor1-10-17-2017-0,2017-10-17,moor1,48.7067,-123.4733,WSGS84,300,CA,0
moor1-2-19-2015-0,2015-02-19,moor1,48.7067,-123.4733,WSGS84,300,CA,0
moor1-3-12-2015-0,2015-03-12,moor1,48.7067,-123.4733,WSGS84,300,CA,0
moor1-3-19-2015-0,2015-03-19,moor1,48.7067,-123.4733,WSGS84,300,CA,0
moor1-3-21-2016-0,2016-03-21,moor1,48.7067,-123.4733,WSGS84,300,CA,0
moor1-3-21-2017-0,2017-03-21,moor1,48.7067,-123.4733,WSGS84,300,CA,0
moor1-3-26-2015-0,2015-03-26,moor1,48.7067,-123.4733,WSGS84,300,CA,0
moor1-3-26-2018-0,2018-03-26,moor1,48.7067,-123.4733,WSGS84,300,CA,0
moor1-3-3-2016-0,2016-03-03,moor1,48.7067,-123.4733,WSGS84,300,CA,0
moor1-3-3-2017-0,2017-03-03,moor1,48.7067,-123.4733,WSGS84,300,CA,0
moor1-3-30-2016-0,2016-03-30,moor1,48.7067,-123.4733,WSGS84,300,CA,0
moor1-3-8-2017-0,2017-03-08,moor1,48.7067,-123.4733,WSGS84,300,CA,0
moor1-3-9-2018-0,2018-03-09,moor1,48.7067,-123.4733,WSGS84,300,CA,0
moor1-4-14-2017-0,2017-04-14,moor1,48.7067,-123.4733,WSGS84,300,CA,0
moor1-4-19-2016-0,2016-04-19,moor1,48.7067,-123.4733,WSGS84,300,CA,0
moor1-4-20-2018-0,2018-04-20,moor1,48.7067,-123.4733,WSGS84,300,CA,0
moor1-4-24-2017-0,2017-04-24,moor1,48.7067,-123.4733,WSGS84,300,CA,0
moor1-4-25-2018-0,2018-04-25,moor1,48.7067,-123.4733,WSGS84,300,CA,0
moor1-4-27-2016-0,2016-04-27,moor1,48.7067,-123.4733,WSGS84,300,CA,0
moor1-4-3-2018-0,2018-04-03,moor1,48.7067,-123.4733,WSGS84,300,CA,0
moor1-4-4-2015-0,2015-04-04,moor1,48.7067,-123.4733,WSGS84,300,CA,0
moor1-4-6-2017-0,2017-04-06,moor1,48.7067,-123.4733,WSGS84,300,CA,0
moor1-5-10-2016-0,2016-05-10,moor1,48.7067,-123.4733,WSGS84,300,CA,0
moor1-5-11-2017-0,2017-05-11,moor1,48.7067,-123.4733,WSGS84,300,CA,0
moor1-5-17-2016-0,2016-05-17,moor1,48.7067,-123.4733,WSGS84,300,CA,0
moor1-5-19-2018-0,2018-05-19,moor1,48.7067,-123.4733,WSGS84,300,CA,0
moor1-5-23-2017-0,2017-05-23,moor1,48.7067,-123.4733,WSGS84,300,CA,0
moor1-5-24-2016-0,2016-05-24,moor1,48.7067,-123.4733,WSGS84,300,CA,0
moor1-5-26-2015-0,2015-05-26,moor1,48.7067,-123.4733,WSGS84,300,CA,0
moor1-5-30-2018-0,2018-05-30,moor1,48.7067,-123.4733,WSGS84,300,CA,0
moor1-5-5-2017-0,2017-05-05,moor1,48.7067,-123.4733,WSGS84,300,CA,0
moor1-5-9-2018-0,2018-05-09,moor1,48.7067,-123.4733,WSGS84,300,CA,0
moor1-6-10-2015-0,2015-06-10,moor1,48.7067,-123.4733,WSGS84,300,CA,0
moor1-6-12-2017-0,2017-06-12,moor1,48.7067,-123.4733,WSGS84,300,CA,0
moor1-6-15-2016-0,2016-06-15,moor1,48.7067,-123.4733,WSGS84,300,CA,0
moor1-6-15-2018-0,2018-06-15,moor1,48.7067,-123.4733,WSGS84,300,CA,0
moor1-6-21-2018-0,2018-06-21,moor1,48.7067,-123.4733,WSGS84,300,CA,0
moor1-6-23-2017-0,2017-06-23,moor1,48.7067,-123.4733,WSGS84,300,CA,0
moor1-6-28-2016-0,2016-06-28,moor1,48.7067,-123.4733,WSGS84,300,CA,0
moor1-6-6-2018-0,2018-06-06,moor1,48.7067,-123.4733,WSGS84,300,CA,0
moor1-6-7-2016-0,2016-06-07,moor1,48.7067,-123.4733,WSGS84,300,CA,0
moor1-6-7-2017-0,2017-06-07,moor1,48.7067,-123.4733,WSGS84,300,CA,0
moor1-7-12-2018-0,2018-07-12,moor1,48.7067,-123.4733,WSGS84,300,CA,0
moor1-7-16-2015-0,2015-07-16,moor1,48.7067,-123.4733,WSGS84,300,CA,0
moor1-7-18-2017-0,2017-07-18,moor1,48.7067,-123.4733,WSGS84,300,CA,0
moor1-7-20-2016-0,2016-07-20,moor1,48.7067,-123.4733,WSGS84,300,CA,0
moor1-7-26-2016-0,2016-07-26,moor1,48.7067,-123.4733,WSGS84,300,CA,0
moor1-7-26-2018-0,2018-07-26,moor1,48.7067,-123.4733,WSGS84,300,CA,0
moor1-7-3-2015-0,2015-07-03,moor1,48.7067,-123.4733,WSGS84,300,CA,0
moor1-7-31-2017-0,2017-07-31,moor1,48.7067,-123.4733,WSGS84,300,CA,0
moor1-7-4-2018-0,2018-07-04,moor1,48.7067,-123.4733,WSGS84,300,CA,0
moor1-7-6-2016-0,2016-07-06,moor1,48.7067,-123.4733,WSGS84,300,CA,0
moor1-7-7-2017-0,2017-07-07,moor1,48.7067,-123.4733,WSGS84,300,CA,0
moor1-8-15-2017-0,2017-08-15,moor1,48.7067,-123.4733,WSGS84,300,CA,0
moor1-8-15-2018-0,2018-08-15,moor1,48.7067,-123.4733,WSGS84,300,CA,0
moor1-8-2-2018-0,2018-08-02,moor1,48.7067,-123.4733,WSGS84,300,CA,0
moor1-8-22-2016-0,2016-08-22,moor1,48.7067,-123.4733,WSGS84,300,CA,0
moor1-8-22-2017-0,2017-08-22,moor1,48.7067,-123.4733,WSGS84,300,CA,0
moor1-8-22-2018-0,2018-08-22,moor1,48.7067,-123.4733,WSGS84,300,CA,0
moor1-8-6-2015-0,2015-08-06,moor1,48.7067,-123.4733,WSGS84,300,CA,0
moor1-8-7-2017-0,2017-08-07,moor1,48.7067,-123.4733,WSGS84,300,CA,0
moor1-8-9-2016-0,2016-08-09,moor1,48.7067,-123.4733,WSGS84,300,CA,0
moor1-9-16-2015-0,2015-09-16,moor1,48.7067,-123.4733,WSGS84,300,CA,0
moor1-9-21-2016-0,2016-09-21,moor1,48.7067,-123.4733,WSGS84,300,CA,0
moor1-9-26-2017-0,2017-09-26,moor1,48.7067,-123.4733,WSGS84,300,CA,0
moor1-9-26-2018-0,2018-09-26,moor1,48.7067,-123.4733,WSGS84,300,CA,0
moor1-9-7-2017-0,2017-09-07,moor1,48.7067,-123.4733,WSGS84,300,CA,0
moor1-9-7-2018-0,2018-09-07,moor1,48.7067,-123.4733,WSGS84,300,CA,0
moor1-9-8-2016-0,2016-09-08,moor1,48.7067,-123.4733,WSGS84,300,CA,0
NQ1-1-13-2021-0,2021-01-13,NQ1,49.3883,-124.3583,WSGS84,300,CA,0
NQ1-1-13-2021-10,2021-01-13,NQ1,49.3883,-124.3583,WSGS84,300,CA,10
NQ1-1-13-2021-20,2021-01-13,NQ1,49.3883,-124.3583,WSGS84,300,CA,20
NQ1-1-13-2021-5,2021-01-13,NQ1,49.3883,-124.3583,WSGS84,300,CA,5
NQ1-1-15-2022-0,2022-01-15,NQ1,49.3883,-124.3583,WSGS84,300,CA,0
NQ1-1-15-2022-10,2022-01-15,NQ1,49.3883,-124.3583,WSGS84,300,CA,10
NQ1-1-15-2022-20,2022-01-15,NQ1,49.3883,-124.3583,WSGS84,300,CA,20
NQ1-1-15-2022-5,2022-01-15,NQ1,49.3883,-124.3583,WSGS84,300,CA,5
NQ1-1-26-2019-0,2019-01-26,NQ1,49.3883,-124.3583,WSGS84,300,CA,0
NQ1-1-26-2019-10,2019-01-26,NQ1,49.3883,-124.3583,WSGS84,300,CA,10
NQ1-1-26-2019-20,2019-01-26,NQ1,49.3883,-124.3583,WSGS84,300,CA,20
NQ1-1-26-2019-5,2019-01-26,NQ1,49.3883,-124.3583,WSGS84,300,CA,5
NQ1-1-28-2020-0,2020-01-28,NQ1,49.3883,-124.3583,WSGS84,300,CA,0
NQ1-1-28-2020-10,2020-01-28,NQ1,49.3883,-124.3583,WSGS84,300,CA,10
NQ1-1-28-2020-20,2020-01-28,NQ1,49.3883,-124.3583,WSGS84,300,CA,20
NQ1-1-28-2020-5,2020-01-28,NQ1,49.3883,-124.3583,WSGS84,300,CA,5
NQ1-10-10-2019-0,2019-10-10,NQ1,49.3883,-124.3583,WSGS84,300,CA,0
NQ1-10-10-2019-10,2019-10-10,NQ1,49.3883,-124.3583,WSGS84,300,CA,10
NQ1-10-10-2019-20,2019-10-10,NQ1,49.3883,-124.3583,WSGS84,300,CA,20
NQ1-10-10-2019-5,2019-10-10,NQ1,49.3883,-124.3583,WSGS84,300,CA,5
NQ1-10-13-2018-0,2018-10-13,NQ1,49.3883,-124.3583,WSGS84,300,CA,0
NQ1-10-13-2018-10,2018-10-13,NQ1,49.3883,-124.3583,WSGS84,300,CA,10
NQ1-10-13-2018-20,2018-10-13,NQ1,49.3883,-124.3583,WSGS84,300,CA,20
NQ1-10-13-2018-5,2018-10-13,NQ1,49.3883,-124.3583,WSGS84,300,CA,5
NQ1-10-18-2016-0,2016-10-18,NQ1,49.3883,-124.3583,WSGS84,300,CA,0
NQ1-10-18-2016-10,2016-10-18,NQ1,49.3883,-124.3583,WSGS84,300,CA,10
NQ1-10-18-2016-20,2016-10-18,NQ1,49.3883,-124.3583,WSGS84,300,CA,20
NQ1-10-18-2016-5,2016-10-18,NQ1,49.3883,-124.3583,WSGS84,300,CA,5
NQ1-10-5-2015-0,2015-10-05,NQ1,49.3883,-124.3583,WSGS84,300,CA,0
NQ1-10-5-2015-10,2015-10-05,NQ1,49.3883,-124.3583,WSGS84,300,CA,10
NQ1-10-5-2015-20,2015-10-05,NQ1,49.3883,-124.3583,WSGS84,300,CA,20
NQ1-10-5-2015-5,2015-10-05,NQ1,49.3883,-124.3583,WSGS84,300,CA,5
NQ1-11-15-2019-0,2019-11-15,NQ1,49.3883,-124.3583,WSGS84,300,CA,0
NQ1-11-15-2019-10,2019-11-15,NQ1,49.3883,-124.3583,WSGS84,300,CA,10
NQ1-11-15-2019-20,2019-11-15,NQ1,49.3883,-124.3583,WSGS84,300,CA,20
NQ1-11-15-2019-5,2019-11-15,NQ1,49.3883,-124.3583,WSGS84,300,CA,5
NQ1-12-8-2020-0,2020-12-08,NQ1,49.3888,-124.3583,WSGS84,300,CA,0
NQ1-12-8-2020-10,2020-12-08,NQ1,49.3888,-124.3583,WSGS84,300,CA,10
NQ1-12-8-2020-20,2020-12-08,NQ1,49.3888,-124.3583,WSGS84,300,CA,20
NQ1-12-8-2020-5,2020-12-08,NQ1,49.3888,-124.3583,WSGS84,300,CA,5
NQ1-2-20-2015-0,2015-02-20,NQ1,49.3584,-124.3167,WSGS84,300,CA,0
NQ1-2-26-2016-0,2016-02-26,NQ1,49.3883,-124.3583,WSGS84,300,CA,0
NQ1-2-26-2016-10,2016-02-26,NQ1,49.3883,-124.3583,WSGS84,300,CA,10
NQ1-2-26-2016-20,2016-02-26,NQ1,49.3883,-124.3583,WSGS84,300,CA,20
NQ1-2-26-2016-5,2016-02-26,NQ1,49.3883,-124.3583,WSGS84,300,CA,5
NQ1-3-1-2020-0,2020-03-01,NQ1,49.3905,-124.3596,WSGS84,300,CA,0
NQ1-3-1-2020-10,2020-03-01,NQ1,49.3905,-124.3596,WSGS84,300,CA,10
NQ1-3-1-2020-20,2020-03-01,NQ1,49.3905,-124.3596,WSGS84,300,CA,20
NQ1-3-1-2020-5,2020-03-01,NQ1,49.3905,-124.3596,WSGS84,300,CA,5
NQ1-3-10-2015-0,2015-03-10,NQ1,49.3884,-124.358,WSGS84,300,CA,0
NQ1-3-15-2018-0,2018-03-15,NQ1,49.3883,-124.3583,WSGS84,300,CA,0
NQ1-3-15-2018-10,2018-03-15,NQ1,49.3883,-124.3583,WSGS84,300,CA,10
NQ1-3-15-2018-20,2018-03-15,NQ1,49.3883,-124.3583,WSGS84,300,CA,20
NQ1-3-15-2018-5,2018-03-15,NQ1,49.3883,-124.3583,WSGS84,300,CA,5
NQ1-3-18-2015-0,2015-03-18,NQ1,49.3886,-124.3584,WSGS84,300,CA,0
NQ1-3-18-2016-0,2016-03-18,NQ1,49.3886,-124.3588,WSGS84,300,CA,0
NQ1-3-18-2016-10,2016-03-18,NQ1,49.3886,-124.3588,WSGS84,300,CA,10
NQ1-3-18-2016-20,2016-03-18,NQ1,49.3886,-124.3588,WSGS84,300,CA,20
NQ1-3-18-2016-5,2016-03-18,NQ1,49.3886,-124.3588,WSGS84,300,CA,5
NQ1-3-18-2019-0,2019-03-18,NQ1,49.3883,-124.3583,WSGS84,300,CA,0
NQ1-3-18-2019-10,2019-03-18,NQ1,49.3883,-124.3583,WSGS84,300,CA,10
NQ1-3-18-2019-20,2019-03-18,NQ1,49.3883,-124.3583,WSGS84,300,CA,20
NQ1-3-18-2019-5,2019-03-18,NQ1,49.3883,-124.3583,WSGS84,300,CA,5
NQ1-3-19-2017-0,2017-03-19,NQ1,49.389,-124.3598,WSGS84,300,CA,0
NQ1-3-19-2017-10,2017-03-19,NQ1,49.389,-124.3598,WSGS84,300,CA,10
NQ1-3-19-2017-20,2017-03-19,NQ1,49.389,-124.3598,WSGS84,300,CA,20
NQ1-3-19-2017-5,2017-03-19,NQ1,49.389,-124.3598,WSGS84,300,CA,5
NQ1-3-22-2021-0,2021-03-22,NQ1,49.3883,-124.3583,WSGS84,300,CA,0
NQ1-3-24-2022-0,2022-03-24,NQ1,49.3883,-124.3583,WSGS84,300,CA,0
NQ1-3-24-2022-10,2022-03-24,NQ1,49.3883,-124.3583,WSGS84,300,CA,10
NQ1-3-24-2022-20,2022-03-24,NQ1,49.3883,-124.3583,WSGS84,300,CA,20
NQ1-3-24-2022-5,2022-03-24,NQ1,49.3883,-124.3583,WSGS84,300,CA,5
NQ1-3-25-2018-0,2018-03-25,NQ1,49.3883,-124.3583,WSGS84,300,CA,0
NQ1-3-25-2018-10,2018-03-25,NQ1,49.3883,-124.3583,WSGS84,300,CA,10
NQ1-3-25-2018-20,2018-03-25,NQ1,49.3883,-124.3583,WSGS84,300,CA,20
NQ1-3-25-2018-5,2018-03-25,NQ1,49.3883,-124.3583,WSGS84,300,CA,5
NQ1-3-25-2020-0,2020-03-25,NQ1,49.4874,-124.3585,WSGS84,300,CA,0
NQ1-3-25-2020-10,2020-03-25,NQ1,49.4874,-124.3585,WSGS84,300,CA,10
NQ1-3-25-2020-20,2020-03-25,NQ1,49.4874,-124.3585,WSGS84,300,CA,20
NQ1-3-25-2020-5,2020-03-25,NQ1,49.4874,-124.3585,WSGS84,300,CA,5
NQ1-3-26-2021-0,2021-03-26,NQ1,49.3876,-124.3582,WSGS84,300,CA,0
NQ1-3-26-2021-10,2021-03-26,NQ1,49.3876,-124.3582,WSGS84,300,CA,10
NQ1-3-26-2021-20,2021-03-26,NQ1,49.3876,-124.3582,WSGS84,300,CA,20
NQ1-3-26-2021-5,2021-03-26,NQ1,49.3876,-124.3582,WSGS84,300,CA,5
NQ1-3-30-2016-0,2016-03-30,NQ1,49.3883,-124.3583,WSGS84,300,CA,0
NQ1-3-30-2016-10,2016-03-30,NQ1,49.3883,-124.3583,WSGS84,300,CA,10
NQ1-3-30-2016-20,2016-03-30,NQ1,49.3883,-124.3583,WSGS84,300,CA,20
NQ1-3-30-2016-5,2016-03-30,NQ1,49.3883,-124.3583,WSGS84,300,CA,5
NQ1-3-30-2019-0,2019-03-30,NQ1,49.3883,-124.3583,WSGS84,300,CA,0
NQ1-3-30-2019-10,2019-03-30,NQ1,49.3883,-124.3583,WSGS84,300,CA,10
NQ1-3-30-2019-20,2019-03-30,NQ1,49.3883,-124.3583,WSGS84,300,CA,20
NQ1-3-30-2019-5,2019-03-30,NQ1,49.3883,-124.3583,WSGS84,300,CA,5
NQ1-3-8-2018-0,2018-03-08,NQ1,49.3883,-124.3583,WSGS84,300,CA,0
NQ1-3-8-2018-10,2018-03-08,NQ1,49.3883,-124.3583,WSGS84,300,CA,10
NQ1-3-8-2018-20,2018-03-08,NQ1,49.3883,-124.3583,WSGS84,300,CA,20
NQ1-3-8-2018-5,2018-03-08,NQ1,49.3883,-124.3583,WSGS84,300,CA,5
NQ1-3-8-2019-0,2019-03-08,NQ1,49.3883,-124.3583,WSGS84,300,CA,0
NQ1-3-8-2019-10,2019-03-08,NQ1,49.3883,-124.3583,WSGS84,300,CA,10
NQ1-3-8-2019-20,2019-03-08,NQ1,49.3883,-124.3583,WSGS84,300,CA,20
NQ1-3-8-2019-5,2019-03-08,NQ1,49.3883,-124.3583,WSGS84,300,CA,5
NQ1-4-10-2022-0,2022-04-10,NQ1,49.3883,-124.3583,WSGS84,300,CA,0
NQ1-4-10-2022-10,2022-04-10,NQ1,49.3883,-124.3583,WSGS84,300,CA,10
NQ1-4-10-2022-20,2022-04-10,NQ1,49.3883,-124.3583,WSGS84,300,CA,20
NQ1-4-10-2022-5,2022-04-10,NQ1,49.3883,-124.3583,WSGS84,300,CA,5
NQ1-4-12-2021-0,2021-04-12,NQ1,49.3886,-124.358,WSGS84,300,CA,0
NQ1-4-12-2021-10,2021-04-12,NQ1,49.3886,-124.358,WSGS84,300,CA,10
NQ1-4-12-2021-20,2021-04-12,NQ1,49.3886,-124.358,WSGS84,300,CA,20
NQ1-4-12-2021-5,2021-04-12,NQ1,49.3886,-124.358,WSGS84,300,CA,5
NQ1-4-15-2017-0,2017-04-15,NQ1,49.3884,-124.3576,WSGS84,300,CA,0
NQ1-4-15-2017-10,2017-04-15,NQ1,49.3884,-124.3576,WSGS84,300,CA,10
NQ1-4-15-2017-20,2017-04-15,NQ1,49.3884,-124.3576,WSGS84,300,CA,20
NQ1-4-15-2017-5,2017-04-15,NQ1,49.3884,-124.3576,WSGS84,300,CA,5
NQ1-4-16-2019-0,2019-04-16,NQ1,49.3883,-124.3583,WSGS84,300,CA,0
NQ1-4-16-2019-10,2019-04-16,NQ1,49.3883,-124.3583,WSGS84,300,CA,10
NQ1-4-16-2019-20,2019-04-16,NQ1,49.3883,-124.3583,WSGS84,300,CA,20
NQ1-4-16-2019-5,2019-04-16,NQ1,49.3883,-124.3583,WSGS84,300,CA,5
NQ1-4-17-2015-0,2015-04-17,NQ1,49.3882,-124.3592,WSGS84,300,CA,0
NQ1-4-18-2018-0,2018-04-18,NQ1,49.3883,-124.3583,WSGS84,300,CA,0
NQ1-4-18-2018-10,2018-04-18,NQ1,49.3883,-124.3583,WSGS84,300,CA,10
NQ1-4-18-2018-20,2018-04-18,NQ1,49.3883,-124.3583,WSGS84,300,CA,20
NQ1-4-18-2018-5,2018-04-18,NQ1,49.3883,-124.3583,WSGS84,300,CA,5
NQ1-4-2-2018-0,2018-04-02,NQ1,49.3883,-124.3583,WSGS84,300,CA,0
NQ1-4-2-2018-10,2018-04-02,NQ1,49.3883,-124.3583,WSGS84,300,CA,10
NQ1-4-2-2018-20,2018-04-02,NQ1,49.3883,-124.3583,WSGS84,300,CA,20
NQ1-4-2-2018-5,2018-04-02,NQ1,49.3883,-124.3583,WSGS84,300,CA,5
NQ1-4-2-2020-0,2020-04-02,NQ1,49.3877,-124.3559,WSGS84,300,CA,0
NQ1-4-2-2020-10,2020-04-02,NQ1,49.3877,-124.3559,WSGS84,300,CA,10
NQ1-4-2-2020-20,2020-04-02,NQ1,49.3877,-124.3559,WSGS84,300,CA,20
NQ1-4-2-2020-5,2020-04-02,NQ1,49.3877,-124.3559,WSGS84,300,CA,5
NQ1-4-21-2016-0,2016-04-21,NQ1,49.3884,-124.3587,WSGS84,300,CA,0
NQ1-4-21-2016-10,2016-04-21,NQ1,49.3883,-124.3583,WSGS84,300,CA,10
NQ1-4-21-2016-20,2016-04-21,NQ1,49.3883,-124.3583,WSGS84,300,CA,20
NQ1-4-21-2016-5,2016-04-21,NQ1,49.3883,-124.3583,WSGS84,300,CA,5
NQ1-4-21-2020-0,2020-04-21,NQ1,49.3877,-124.3563,WSGS84,300,CA,0
NQ1-4-21-2020-10,2020-04-21,NQ1,49.3877,-124.3563,WSGS84,300,CA,10
NQ1-4-21-2020-20,2020-04-21,NQ1,49.3877,-124.3563,WSGS84,300,CA,20
NQ1-4-21-2020-5,2020-04-21,NQ1,49.3877,-124.3563,WSGS84,300,CA,5
NQ1-4-22-2022-0,2022-04-22,NQ1,49.3883,-124.3583,WSGS84,300,CA,0
NQ1-4-22-2022-10,2022-04-22,NQ1,49.3883,-124.3583,WSGS84,300,CA,10
NQ1-4-22-2022-20,2022-04-22,NQ1,49.3883,-124.3583,WSGS84,300,CA,20
NQ1-4-22-2022-5,2022-04-22,NQ1,49.3883,-124.3583,WSGS84,300,CA,5
NQ1-4-23-2016-0,2016-04-23,NQ1,49.3881,-124.3582,WSGS84,300,CA,0
NQ1-4-23-2016-10,2016-04-23,NQ1,49.3883,-124.3583,WSGS84,300,CA,10
NQ1-4-23-2016-20,2016-04-23,NQ1,49.3883,-124.3583,WSGS84,300,CA,20
NQ1-4-23-2016-5,2016-04-23,NQ1,49.3883,-124.3583,WSGS84,300,CA,5
NQ1-4-23-2017-0,2017-04-23,NQ1,49.3883,-124.3583,WSGS84,300,CA,0
NQ1-4-23-2017-10,2017-04-23,NQ1,49.3883,-124.3583,WSGS84,300,CA,10
NQ1-4-23-2017-20,2017-04-23,NQ1,49.3883,-124.3583,WSGS84,300,CA,20
NQ1-4-23-2017-5,2017-04-23,NQ1,49.3883,-124.3583,WSGS84,300,CA,5
NQ1-4-25-2018-0,2018-04-25,NQ1,49.3883,-124.3583,WSGS84,300,CA,0
NQ1-4-25-2018-10,2018-04-25,NQ1,49.3883,-124.3583,WSGS84,300,CA,10
NQ1-4-25-2018-20,2018-04-25,NQ1,49.3883,-124.3583,WSGS84,300,CA,20
NQ1-4-25-2018-5,2018-04-25,NQ1,49.3883,-124.3583,WSGS84,300,CA,5
NQ1-4-30-2020-0,2020-04-30,NQ1,49.3877,-124.353,WSGS84,300,CA,0
NQ1-4-30-2020-10,2020-04-30,NQ1,49.3877,-124.353,WSGS84,300,CA,10
NQ1-4-30-2020-20,2020-04-30,NQ1,49.3877,-124.353,WSGS84,300,CA,20
NQ1-4-30-2020-5,2020-04-30,NQ1,49.3877,-124.353,WSGS84,300,CA,5
NQ1-4-5-2021-0,2021-04-05,NQ1,49.3885,-124.3577,WSGS84,300,CA,0
NQ1-4-5-2021-10,2021-04-05,NQ1,49.3885,-124.3577,WSGS84,300,CA,10
NQ1-4-5-2021-20,2021-04-05,NQ1,49.3885,-124.3577,WSGS84,300,CA,20
NQ1-4-5-2021-5,2021-04-05,NQ1,49.3885,-124.3577,WSGS84,300,CA,5
NQ1-4-8-2017-0,2017-04-08,NQ1,49.3883,-124.3584,WSGS84,300,CA,0
NQ1-4-8-2017-10,2017-04-08,NQ1,49.3883,-124.3584,WSGS84,300,CA,10
NQ1-4-8-2017-20,2017-04-08,NQ1,49.3883,-124.3584,WSGS84,300,CA,20
NQ1-4-8-2017-5,2017-04-08,NQ1,49.3883,-124.3584,WSGS84,300,CA,5
NQ1-4-8-2019-0,2019-04-08,NQ1,49.3883,-124.3583,WSGS84,300,CA,0
NQ1-4-8-2019-10,2019-04-08,NQ1,49.3883,-124.3583,WSGS84,300,CA,10
NQ1-4-8-2019-20,2019-04-08,NQ1,49.3883,-124.3583,WSGS84,300,CA,20
NQ1-4-8-2019-5,2019-04-08,NQ1,49.3883,-124.3583,WSGS84,300,CA,5
NQ1-5-10-2015-0,2015-05-10,NQ1,49.3885,-124.3584,WSGS84,300,CA,0
NQ1-5-10-2015-10,2015-05-10,NQ1,49.3885,-124.3584,WSGS84,300,CA,10
NQ1-5-10-2015-20,2015-05-10,NQ1,49.3885,-124.3584,WSGS84,300,CA,20
NQ1-5-10-2015-5,2015-05-10,NQ1,49.3885,-124.3584,WSGS84,300,CA,5
NQ1-5-10-2018-0,2018-05-10,NQ1,49.3883,-124.3583,WSGS84,300,CA,0
NQ1-5-10-2018-10,2018-05-10,NQ1,49.3883,-124.3583,WSGS84,300,CA,10
NQ1-5-10-2018-20,2018-05-10,NQ1,49.3883,-124.3583,WSGS84,300,CA,20
NQ1-5-10-2018-5,2018-05-10,NQ1,49.3883,-124.3583,WSGS84,300,CA,5
NQ1-5-11-2016-0,2016-05-11,NQ1,49.3883,-124.3584,WSGS84,300,CA,0
NQ1-5-12-2017-0,2017-05-12,NQ1,49.3886,-124.3585,WSGS84,300,CA,0
NQ1-5-12-2017-10,2017-05-12,NQ1,49.3886,-124.3585,WSGS84,300,CA,10
NQ1-5-12-2017-20,2017-05-12,NQ1,49.3886,-124.3585,WSGS84,300,CA,20
NQ1-5-12-2017-5,2017-05-12,NQ1,49.3886,-124.3585,WSGS84,300,CA,5
NQ1-5-13-2021-0,2021-05-13,NQ1,49.3879,-124.3581,WSGS84,300,CA,0
NQ1-5-13-2021-10,2021-05-13,NQ1,49.3879,-124.3581,WSGS84,300,CA,10
NQ1-5-13-2021-20,2021-05-13,NQ1,49.3879,-124.3581,WSGS84,300,CA,20
NQ1-5-13-2021-5,2021-05-13,NQ1,49.3879,-124.3581,WSGS84,300,CA,5
NQ1-5-15-2016-0,2016-05-15,NQ1,49.3883,-124.3583,WSGS84,300,CA,0
NQ1-5-15-2016-10,2016-05-15,NQ1,49.3883,-124.3583,WSGS84,300,CA,10
NQ1-5-15-2016-20,2016-05-15,NQ1,49.3883,-124.3583,WSGS84,300,CA,20
NQ1-5-15-2016-5,2016-05-15,NQ1,49.3883,-124.3583,WSGS84,300,CA,5
NQ1-5-15-2018-0,2018-05-15,NQ1,49.3883,-124.3583,WSGS84,300,CA,0
NQ1-5-15-2018-10,2018-05-15,NQ1,49.3883,-124.3583,WSGS84,300,CA,10
NQ1-5-15-2018-20,2018-05-15,NQ1,49.3883,-124.3583,WSGS84,300,CA,20
NQ1-5-15-2018-5,2018-05-15,NQ1,49.3883,-124.3583,WSGS84,300,CA,5
NQ1-5-17-2020-0,2020-05-17,NQ1,49.3883,-124.3577,WSGS84,300,CA,0
NQ1-5-17-2020-10,2020-05-17,NQ1,49.3883,-124.3577,WSGS84,300,CA,10
NQ1-5-17-2020-20,2020-05-17,NQ1,49.3883,-124.3577,WSGS84,300,CA,20
NQ1-5-17-2020-5,2020-05-17,NQ1,49.3883,-124.3577,WSGS84,300,CA,5
NQ1-5-17-2021-0,2021-05-17,NQ1,49.3884,-124.358,WSGS84,300,CA,0
NQ1-5-17-2021-10,2021-05-17,NQ1,49.3884,-124.358,WSGS84,300,CA,10
NQ1-5-17-2021-20,2021-05-17,NQ1,49.3884,-124.358,WSGS84,300,CA,20
NQ1-5-17-2021-5,2021-05-17,NQ1,49.3884,-124.358,WSGS84,300,CA,5
NQ1-5-18-2015-0,2015-05-18,NQ1,49.3883,-124.3581,WSGS84,300,CA,0
NQ1-5-18-2015-10,2015-05-18,NQ1,49.3883,-124.3583,WSGS84,300,CA,10
NQ1-5-18-2015-20,2015-05-18,NQ1,49.3883,-124.3583,WSGS84,300,CA,20
NQ1-5-18-2015-5,2015-05-18,NQ1,49.3883,-124.3583,WSGS84,300,CA,5
NQ1-5-20-2019-0,2019-05-20,NQ1,49.3883,-124.3583,WSGS84,300,CA,0
NQ1-5-20-2019-10,2019-05-20,NQ1,49.3883,-124.3583,WSGS84,300,CA,10
NQ1-5-20-2019-20,2019-05-20,NQ1,49.3883,-124.3583,WSGS84,300,CA,20
NQ1-5-20-2019-5,2019-05-20,NQ1,49.3883,-124.3583,WSGS84,300,CA,5
NQ1-5-22-2016-0,2016-05-22,NQ1,49.3886,-124.3594,WSGS84,300,CA,0
NQ1-5-22-2016-10,2016-05-22,NQ1,49.3886,-124.3594,WSGS84,300,CA,10
NQ1-5-22-2016-20,2016-05-22,NQ1,49.3886,-124.3594,WSGS84,300,CA,20
NQ1-5-22-2016-5,2016-05-22,NQ1,49.3886,-124.3594,WSGS84,300,CA,5
NQ1-5-22-2017-0,2017-05-22,NQ1,49.3879,-124.3586,WSGS84,300,CA,0
NQ1-5-22-2017-10,2017-05-22,NQ1,49.3879,-124.3586,WSGS84,300,CA,10
NQ1-5-22-2017-20,2017-05-22,NQ1,49.3879,-124.3586,WSGS84,300,CA,20
NQ1-5-22-2017-5,2017-05-22,NQ1,49.3879,-124.3586,WSGS84,300,CA,5
NQ1-5-23-2015-0,2015-05-23,NQ1,49.3884,-124.3581,WSGS84,300,CA,0
NQ1-5-23-2015-10,2015-05-23,NQ1,49.3883,-124.3583,WSGS84,300,CA,10
NQ1-5-23-2015-20,2015-05-23,NQ1,49.3883,-124.3583,WSGS84,300,CA,20
NQ1-5-23-2015-5,2015-05-23,NQ1,49.3883,-124.3583,WSGS84,300,CA,5
NQ1-5-3-2017-0,2017-05-03,NQ1,49.3883,-124.3583,WSGS84,300,CA,0
NQ1-5-7-2020-0,2020-05-07,NQ1,49.388,-124.3572,WSGS84,300,CA,0
NQ1-5-7-2020-10,2020-05-07,NQ1,49.388,-124.3572,WSGS84,300,CA,10
NQ1-5-7-2020-20,2020-05-07,NQ1,49.388,-124.3572,WSGS84,300,CA,20
NQ1-5-7-2020-5,2020-05-07,NQ1,49.388,-124.3572,WSGS84,300,CA,5
NQ1-5-9-2019-0,2019-05-09,NQ1,49.3883,-124.3583,WSGS84,300,CA,0
NQ1-5-9-2019-10,2019-05-09,NQ1,49.3883,-124.3583,WSGS84,300,CA,10
NQ1-5-9-2019-20,2019-05-09,NQ1,49.3883,-124.3583,WSGS84,300,CA,20
NQ1-5-9-2019-5,2019-05-09,NQ1,49.3883,-124.3583,WSGS84,300,CA,5
NQ1-6-10-2017-0,2017-06-10,NQ1,49.3885,-124.3585,WSGS84,300,CA,0
NQ1-6-10-2017-10,2017-06-10,NQ1,49.3883,-124.3583,WSGS84,300,CA,10
NQ1-6-10-2017-20,2017-06-10,NQ1,49.3883,-124.3583,WSGS84,300,CA,20
NQ1-6-10-2017-5,2017-06-10,NQ1,49.3883,-124.3583,WSGS84,300,CA,5
NQ1-6-14-2015-0,2015-06-14,NQ1,49.3883,-124.3583,WSGS84,300,CA,0
NQ1-6-14-2015-10,2015-06-14,NQ1,49.3883,-124.3583,WSGS84,300,CA,10
NQ1-6-14-2015-20,2015-06-14,NQ1,49.3883,-124.3583,WSGS84,300,CA,20
NQ1-6-14-2015-5,2015-06-14,NQ1,49.3883,-124.3583,WSGS84,300,CA,5
NQ1-6-14-2018-0,2018-06-14,NQ1,49.3883,-124.3583,WSGS84,300,CA,0
NQ1-6-14-2018-10,2018-06-14,NQ1,49.3883,-124.3583,WSGS84,300,CA,10
NQ1-6-14-2018-20,2018-06-14,NQ1,49.3883,-124.3583,WSGS84,300,CA,20
NQ1-6-14-2018-5,2018-06-14,NQ1,49.3883,-124.3583,WSGS84,300,CA,5
NQ1-6-15-2022-0,2022-06-15,NQ1,49.3883,-124.3583,WSGS84,300,CA,0
NQ1-6-15-2022-10,2022-06-15,NQ1,49.3883,-124.3583,WSGS84,300,CA,10
NQ1-6-15-2022-20,2022-06-15,NQ1,49.3883,-124.3583,WSGS84,300,CA,20
NQ1-6-15-2022-5,2022-06-15,NQ1,49.3883,-124.3583,WSGS84,300,CA,5
NQ1-6-20-2021-0,2021-06-20,NQ1,49.3883,-124.3572,WSGS84,300,CA,0
NQ1-6-20-2021-10,2021-06-20,NQ1,49.3883,-124.3572,WSGS84,300,CA,10
NQ1-6-20-2021-20,2021-06-20,NQ1,49.3883,-124.3572,WSGS84,300,CA,20
NQ1-6-20-2021-5,2021-06-20,NQ1,49.3883,-124.3572,WSGS84,300,CA,5
NQ1-6-21-2019-0,2019-06-21,NQ1,49.3883,-124.3583,WSGS84,300,CA,0
NQ1-6-21-2019-10,2019-06-21,NQ1,49.3883,-124.3583,WSGS84,300,CA,10
NQ1-6-21-2019-20,2019-06-21,NQ1,49.3883,-124.3583,WSGS84,300,CA,20
NQ1-6-21-2019-5,2019-06-21,NQ1,49.3883,-124.3583,WSGS84,300,CA,5
NQ1-6-23-2018-0,2018-06-23,NQ1,49.3883,-124.3583,WSGS84,300,CA,0
NQ1-6-23-2018-10,2018-06-23,NQ1,49.3883,-124.3583,WSGS84,300,CA,10
NQ1-6-23-2018-20,2018-06-23,NQ1,49.3883,-124.3583,WSGS84,300,CA,20
NQ1-6-23-2018-5,2018-06-23,NQ1,49.3883,-124.3583,WSGS84,300,CA,5
NQ1-6-24-2015-0,2015-06-24,NQ1,49.3883,-124.3584,WSGS84,300,CA,0
NQ1-6-24-2015-10,2015-06-24,NQ1,49.3883,-124.3583,WSGS84,300,CA,10
NQ1-6-24-2015-20,2015-06-24,NQ1,49.3883,-124.3583,WSGS84,300,CA,20
NQ1-6-24-2015-5,2015-06-24,NQ1,49.3883,-124.3584,WSGS84,300,CA,5
NQ1-6-24-2017-0,2017-06-24,NQ1,49.3883,-124.3583,WSGS84,300,CA,0
NQ1-6-24-2017-10,2017-06-24,NQ1,49.3883,-124.3583,WSGS84,300,CA,10
NQ1-6-24-2017-20,2017-06-24,NQ1,49.3883,-124.3583,WSGS84,300,CA,20
NQ1-6-24-2017-5,2017-06-24,NQ1,49.3883,-124.3583,WSGS84,300,CA,5
NQ1-6-26-2020-0,2020-06-26,NQ1,49.3882,-124.358,WSGS84,300,CA,0
NQ1-6-26-2020-10,2020-06-26,NQ1,49.3882,-124.358,WSGS84,300,CA,10
NQ1-6-26-2020-20,2020-06-26,NQ1,49.3882,-124.358,WSGS84,300,CA,20
NQ1-6-26-2020-5,2020-06-26,NQ1,49.3882,-124.358,WSGS84,300,CA,5
NQ1-6-30-2016-0,2016-06-30,NQ1,49.3885,-124.3592,WSGS84,300,CA,0
NQ1-6-30-2016-10,2016-06-30,NQ1,49.3885,-124.3592,WSGS84,300,CA,10
NQ1-6-30-2016-20,2016-06-30,NQ1,49.3885,-124.3592,WSGS84,300,CA,20
NQ1-6-30-2016-5,2016-06-30,NQ1,49.3885,-124.3592,WSGS84,300,CA,5
NQ1-6-4-2020-0,2020-06-04,NQ1,49.3887,-124.3603,WSGS84,300,CA,0
NQ1-6-4-2020-20,2020-06-04,NQ1,49.3887,-124.3603,WSGS84,300,CA,20
NQ1-6-7-2015-0,2015-06-07,NQ1,49.3883,-124.3581,WSGS84,300,CA,0
NQ1-6-7-2015-10,2015-06-07,NQ1,49.3883,-124.3581,WSGS84,300,CA,10
NQ1-6-7-2015-20,2015-06-07,NQ1,49.3883,-124.3581,WSGS84,300,CA,20
NQ1-6-7-2015-5,2015-06-07,NQ1,49.3883,-124.3581,WSGS84,300,CA,5
NQ1-6-7-2017-0,2017-06-07,NQ1,49.3881,-124.3581,WSGS84,300,CA,0
NQ1-6-7-2017-10,2017-06-07,NQ1,49.3883,-124.3583,WSGS84,300,CA,10
NQ1-6-7-2017-20,2017-06-07,NQ1,49.3883,-124.3583,WSGS84,300,CA,20
NQ1-6-7-2017-5,2017-06-07,NQ1,49.3883,-124.3583,WSGS84,300,CA,5
NQ1-6-8-2021-0,2021-06-08,NQ1,49.3897,-124.3577,WSGS84,300,CA,0
NQ1-6-8-2021-10,2021-06-08,NQ1,49.3897,-124.3577,WSGS84,300,CA,10
NQ1-6-8-2021-20,2021-06-08,NQ1,49.3897,-124.3577,WSGS84,300,CA,20
NQ1-6-8-2021-5,2021-06-08,NQ1,49.3897,-124.3577,WSGS84,300,CA,5
NQ1-6-9-2018-0,2018-06-09,NQ1,49.3883,-124.3583,WSGS84,300,CA,0
NQ1-6-9-2018-10,2018-06-09,NQ1,49.3883,-124.3583,WSGS84,300,CA,10
NQ1-6-9-2018-20,2018-06-09,NQ1,49.3883,-124.3583,WSGS84,300,CA,20
NQ1-6-9-2018-5,2018-06-09,NQ1,49.3883,-124.3583,WSGS84,300,CA,5
NQ1-7-1-2015-0,2015-07-01,NQ1,49.3885,-124.3576,WSGS84,300,CA,0
NQ1-7-1-2015-10,2015-07-01,NQ1,49.3885,-124.3576,WSGS84,300,CA,10
NQ1-7-1-2015-20,2015-07-01,NQ1,49.3885,-124.3576,WSGS84,300,CA,20
NQ1-7-1-2015-5,2015-07-01,NQ1,49.3885,-124.3576,WSGS84,300,CA,5
NQ1-7-10-2019-0,2019-07-10,NQ1,49.3883,-124.3583,WSGS84,300,CA,0
NQ1-7-10-2019-10,2019-07-10,NQ1,49.3883,-124.3583,WSGS84,300,CA,10
NQ1-7-10-2019-20,2019-07-10,NQ1,49.3883,-124.3583,WSGS84,300,CA,20
NQ1-7-10-2019-5,2019-07-10,NQ1,49.3883,-124.3583,WSGS84,300,CA,5
NQ1-7-12-2016-0,2016-07-12,NQ1,49.3883,-124.3583,WSGS84,300,CA,0
NQ1-7-13-2022-0,2022-07-13,NQ1,49.3883,-124.3583,WSGS84,300,CA,0
NQ1-7-13-2022-10,2022-07-13,NQ1,49.3883,-124.3583,WSGS84,300,CA,10
NQ1-7-13-2022-20,2022-07-13,NQ1,49.3883,-124.3583,WSGS84,300,CA,20
NQ1-7-13-2022-5,2022-07-13,NQ1,49.3883,-124.3583,WSGS84,300,CA,5
NQ1-7-15-2015-0,2015-07-15,NQ1,49.3883,-124.3583,WSGS84,300,CA,0
NQ1-7-15-2015-10,2015-07-15,NQ1,49.3883,-124.3583,WSGS84,300,CA,10
NQ1-7-15-2015-20,2015-07-15,NQ1,49.3883,-124.3583,WSGS84,300,CA,20
NQ1-7-15-2015-5,2015-07-15,NQ1,49.3883,-124.3583,WSGS84,300,CA,5
NQ1-7-15-2017-0,2017-07-15,NQ1,49.3886,-124.3571,WSGS84,300,CA,0
NQ1-7-15-2017-10,2017-07-15,NQ1,49.3886,-124.3571,WSGS84,300,CA,10
NQ1-7-15-2017-20,2017-07-15,NQ1,49.3886,-124.3571,WSGS84,300,CA,20
NQ1-7-15-2017-5,2017-07-15,NQ1,49.3886,-124.3571,WSGS84,300,CA,5
NQ1-7-20-2018-0,2018-07-20,NQ1,49.3883,-124.3583,WSGS84,300,CA,0
NQ1-7-20-2018-10,2018-07-20,NQ1,49.3883,-124.3583,WSGS84,300,CA,10
NQ1-7-20-2018-20,2018-07-20,NQ1,49.3883,-124.3583,WSGS84,300,CA,20
NQ1-7-20-2018-5,2018-07-20,NQ1,49.3883,-124.3583,WSGS84,300,CA,5
NQ1-7-21-2022-0,2022-07-21,NQ1,49.3883,-124.3583,WSGS84,300,CA,0
NQ1-7-21-2022-10,2022-07-21,NQ1,49.3883,-124.3583,WSGS84,300,CA,10
NQ1-7-21-2022-20,2022-07-21,NQ1,49.3883,-124.3583,WSGS84,300,CA,20
NQ1-7-21-2022-5,2022-07-21,NQ1,49.3883,-124.3583,WSGS84,300,CA,5
NQ1-7-23-2016-0,2016-07-23,NQ1,49.3883,-124.3583,WSGS84,300,CA,0
NQ1-7-23-2016-10,2016-07-23,NQ1,49.3883,-124.3583,WSGS84,300,CA,10
NQ1-7-23-2016-20,2016-07-23,NQ1,49.3883,-124.3583,WSGS84,300,CA,20
NQ1-7-23-2016-5,2016-07-23,NQ1,49.3883,-124.3583,WSGS84,300,CA,5
NQ1-7-23-2019-0,2019-07-23,NQ1,49.3883,-124.3583,WSGS84,300,CA,0
NQ1-7-23-2019-10,2019-07-23,NQ1,49.3883,-124.3583,WSGS84,300,CA,10
NQ1-7-23-2019-20,2019-07-23,NQ1,49.3883,-124.3583,WSGS84,300,CA,20
NQ1-7-23-2019-5,2019-07-23,NQ1,49.3883,-124.3583,WSGS84,300,CA,5
NQ1-7-27-2016-0,2016-07-27,NQ1,49.3883,-124.3583,WSGS84,300,CA,0
NQ1-7-27-2016-10,2016-07-27,NQ1,49.3883,-124.3583,WSGS84,300,CA,10
NQ1-7-27-2016-20,2016-07-27,NQ1,49.3883,-124.3583,WSGS84,300,CA,20
NQ1-7-27-2016-5,2016-07-27,NQ1,49.3883,-124.3583,WSGS84,300,CA,5
NQ1-7-29-2017-0,2017-07-29,NQ1,49.3883,-124.358,WSGS84,300,CA,0
NQ1-7-29-2017-10,2017-07-29,NQ1,49.3883,-124.358,WSGS84,300,CA,10
NQ1-7-29-2017-20,2017-07-29,NQ1,49.3883,-124.358,WSGS84,300,CA,20
NQ1-7-29-2017-5,2017-07-29,NQ1,49.3883,-124.358,WSGS84,300,CA,5
NQ1-7-6-2016-0,2016-07-06,NQ1,49.3883,-124.3583,WSGS84,300,CA,0
NQ1-7-6-2016-10,2016-07-06,NQ1,49.3883,-124.3583,WSGS84,300,CA,10
NQ1-7-6-2016-20,2016-07-06,NQ1,49.3883,-124.3583,WSGS84,300,CA,20
NQ1-7-6-2016-5,2016-07-06,NQ1,49.3883,-124.3583,WSGS84,300,CA,5
NQ1-7-7-2016-0,2016-07-07,NQ1,49.3883,-124.3583,WSGS84,300,CA,0
NQ1-7-7-2016-10,2016-07-07,NQ1,49.3883,-124.3583,WSGS84,300,CA,10
NQ1-7-7-2016-20,2016-07-07,NQ1,49.3883,-124.3583,WSGS84,300,CA,20
NQ1-7-7-2016-5,2016-07-07,NQ1,49.3883,-124.3583,WSGS84,300,CA,5
NQ1-7-7-2018-0,2018-07-07,NQ1,49.3883,-124.3583,WSGS84,300,CA,0
NQ1-7-7-2018-10,2018-07-07,NQ1,49.3883,-124.3583,WSGS84,300,CA,10
NQ1-7-7-2018-20,2018-07-07,NQ1,49.3883,-124.3583,WSGS84,300,CA,20
NQ1-7-7-2018-5,2018-07-07,NQ1,49.3883,-124.3583,WSGS84,300,CA,5
NQ1-7-7-2020-0,2020-07-07,NQ1,49.3885,-124.36,WSGS84,300,CA,0
NQ1-7-7-2020-10,2020-07-07,NQ1,49.3885,-124.36,WSGS84,300,CA,10
NQ1-7-7-2020-20,2020-07-07,NQ1,49.3885,-124.36,WSGS84,300,CA,20
NQ1-7-7-2020-5,2020-07-07,NQ1,49.3885,-124.36,WSGS84,300,CA,5
NQ1-7-8-2017-0,2017-07-08,NQ1,49.3878,-124.358,WSGS84,300,CA,0
NQ1-7-8-2017-10,2017-07-08,NQ1,49.3878,-124.358,WSGS84,300,CA,10
NQ1-7-8-2017-20,2017-07-08,NQ1,49.3878,-124.358,WSGS84,300,CA,20
NQ1-7-8-2017-5,2017-07-08,NQ1,49.3878,-124.358,WSGS84,300,CA,5
NQ1-7-9-2021-0,2021-07-09,NQ1,49.3887,-124.3586,WSGS84,300,CA,0
NQ1-7-9-2021-10,2021-07-09,NQ1,49.3887,-124.3586,WSGS84,300,CA,10
NQ1-7-9-2021-20,2021-07-09,NQ1,49.3887,-124.3586,WSGS84,300,CA,20
NQ1-7-9-2021-5,2021-07-09,NQ1,49.3887,-124.3586,WSGS84,300,CA,5
NQ1-8-11-2022-0,2022-08-11,NQ1,49.3883,-124.3583,WSGS84,300,CA,0
NQ1-8-11-2022-10,2022-08-11,NQ1,49.3883,-124.3583,WSGS84,300,CA,10
NQ1-8-11-2022-20,2022-08-11,NQ1,49.3883,-124.3583,WSGS84,300,CA,20
NQ1-8-11-2022-5,2022-08-11,NQ1,49.3883,-124.3583,WSGS84,300,CA,5
NQ1-8-14-2015-0,2015-08-14,NQ1,49.3883,-124.3583,WSGS84,300,CA,0
NQ1-8-14-2015-10,2015-08-14,NQ1,49.3883,-124.3583,WSGS84,300,CA,10
NQ1-8-14-2015-20,2015-08-14,NQ1,49.3883,-124.3583,WSGS84,300,CA,20
NQ1-8-14-2015-5,2015-08-14,NQ1,49.3883,-124.3583,WSGS84,300,CA,5
NQ1-8-16-2017-0,2017-08-16,NQ1,49.3886,-124.3584,WSGS84,300,CA,0
NQ1-8-16-2017-10,2017-08-16,NQ1,49.3886,-124.3584,WSGS84,300,CA,10
NQ1-8-16-2017-20,2017-08-16,NQ1,49.3886,-124.3584,WSGS84,300,CA,20
NQ1-8-16-2017-5,2017-08-16,NQ1,49.3886,-124.3584,WSGS84,300,CA,5
NQ1-8-2-2020-0,2020-08-02,NQ1,49.3875,-124.3584,WSGS84,300,CA,0
NQ1-8-2-2020-10,2020-08-02,NQ1,49.3875,-124.3584,WSGS84,300,CA,10
NQ1-8-2-2020-20,2020-08-02,NQ1,49.3875,-124.3584,WSGS84,300,CA,20
NQ1-8-2-2020-5,2020-08-02,NQ1,49.3875,-124.3584,WSGS84,300,CA,5
NQ1-8-21-2018-0,2018-08-21,NQ1,49.3883,-124.3583,WSGS84,300,CA,0
NQ1-8-21-2018-10,2018-08-21,NQ1,49.3883,-124.3583,WSGS84,300,CA,10
NQ1-8-21-2018-20,2018-08-21,NQ1,49.3883,-124.3583,WSGS84,300,CA,20
NQ1-8-21-2018-5,2018-08-21,NQ1,49.3883,-124.3583,WSGS84,300,CA,5
NQ1-8-23-2016-0,2016-08-23,NQ1,49.388,-124.3577,WSGS84,300,CA,0
NQ1-8-23-2016-10,2016-08-23,NQ1,49.388,-124.3577,WSGS84,300,CA,10
NQ1-8-23-2016-20,2016-08-23,NQ1,49.388,-124.3577,WSGS84,300,CA,20
NQ1-8-23-2016-5,2016-08-23,NQ1,49.3883,-124.3583,WSGS84,300,CA,5
NQ1-8-23-2019-0,2019-08-23,NQ1,49.3883,-124.3583,WSGS84,300,CA,0
NQ1-8-23-2019-10,2019-08-23,NQ1,49.3883,-124.3583,WSGS84,300,CA,10
NQ1-8-23-2019-20,2019-08-23,NQ1,49.3883,-124.3583,WSGS84,300,CA,20
NQ1-8-23-2019-5,2019-08-23,NQ1,49.3883,-124.3583,WSGS84,300,CA,5
NQ1-8-24-2017-0,2017-08-24,NQ1,49.3882,-124.358,WSGS84,300,CA,0
NQ1-8-24-2017-10,2017-08-24,NQ1,49.3882,-124.358,WSGS84,300,CA,10
NQ1-8-24-2017-20,2017-08-24,NQ1,49.3882,-124.358,WSGS84,300,CA,20
NQ1-8-24-2017-5,2017-08-24,NQ1,49.3882,-124.358,WSGS84,300,CA,5
NQ1-8-27-2020-0,2020-08-27,NQ1,49.3884,-124.3593,WSGS84,300,CA,0
NQ1-8-27-2020-10,2020-08-27,NQ1,49.3884,-124.3593,WSGS84,300,CA,10
NQ1-8-27-2020-20,2020-08-27,NQ1,49.3884,-124.3593,WSGS84,300,CA,20
NQ1-8-27-2020-5,2020-08-27,NQ1,49.3884,-124.3593,WSGS84,300,CA,5
NQ1-8-31-2021-0,2021-08-31,NQ1,49.3882,-124.3587,WSGS84,300,CA,0
NQ1-8-31-2021-10,2021-08-31,NQ1,49.3882,-124.3587,WSGS84,300,CA,10
NQ1-8-31-2021-20,2021-08-31,NQ1,49.3882,-124.3587,WSGS84,300,CA,20
NQ1-8-31-2021-5,2021-08-31,NQ1,49.3882,-124.3587,WSGS84,300,CA,5
NQ1-8-5-2016-0,2016-08-05,NQ1,49.3877,-124.3584,WSGS84,300,CA,0
NQ1-8-5-2016-10,2016-08-05,NQ1,49.3877,-124.3584,WSGS84,300,CA,10
NQ1-8-5-2016-20,2016-08-05,NQ1,49.3877,-124.3584,WSGS84,300,CA,20
NQ1-8-5-2016-5,2016-08-05,NQ1,49.3877,-124.3584,WSGS84,300,CA,5
NQ1-8-6-2018-0,2018-08-06,NQ1,49.3883,-124.3583,WSGS84,300,CA,0
NQ1-8-6-2018-10,2018-08-06,NQ1,49.3883,-124.3583,WSGS84,300,CA,10
NQ1-8-6-2018-20,2018-08-06,NQ1,49.3883,-124.3583,WSGS84,300,CA,20
NQ1-8-6-2018-5,2018-08-06,NQ1,49.3883,-124.3583,WSGS84,300,CA,5
NQ1-8-7-2019-0,2019-08-07,NQ1,49.3883,-124.3583,WSGS84,300,CA,0
NQ1-8-7-2019-10,2019-08-07,NQ1,49.3883,-124.3583,WSGS84,300,CA,10
NQ1-8-7-2019-20,2019-08-07,NQ1,49.3883,-124.3583,WSGS84,300,CA,20
NQ1-8-7-2019-5,2019-08-07,NQ1,49.3883,-124.3583,WSGS84,300,CA,5
NQ1-8-8-2015-0,2015-08-08,NQ1,49.3882,-124.3579,WSGS84,300,CA,0
NQ1-8-8-2015-10,2015-08-08,NQ1,49.3883,-124.3583,WSGS84,300,CA,10
NQ1-8-8-2015-20,2015-08-08,NQ1,49.3883,-124.3583,WSGS84,300,CA,20
NQ1-8-8-2015-5,2015-08-08,NQ1,49.3883,-124.3583,WSGS84,300,CA,5
NQ1-8-8-2017-0,2017-08-08,NQ1,49.3883,-124.3583,WSGS84,300,CA,0
NQ1-8-8-2017-10,2017-08-08,NQ1,49.3883,-124.3583,WSGS84,300,CA,10
NQ1-8-8-2017-20,2017-08-08,NQ1,49.3883,-124.3583,WSGS84,300,CA,20
NQ1-8-8-2017-5,2017-08-08,NQ1,49.3883,-124.3583,WSGS84,300,CA,5
NQ1-8-9-2021-0,2021-08-09,NQ1,49.3885,-124.358,WSGS84,300,CA,0
NQ1-8-9-2021-10,2021-08-09,NQ1,49.3885,-124.358,WSGS84,300,CA,10
NQ1-8-9-2021-20,2021-08-09,NQ1,49.3885,-124.358,WSGS84,300,CA,20
NQ1-8-9-2021-5,2021-08-09,NQ1,49.3885,-124.358,WSGS84,300,CA,5
NQ1-9-10-2016-0,2016-09-10,NQ1,49.3883,-124.3583,WSGS84,300,CA,0
NQ1-9-10-2016-10,2016-09-10,NQ1,49.3883,-124.3582,WSGS84,300,CA,10
NQ1-9-10-2016-20,2016-09-10,NQ1,49.3883,-124.3583,WSGS84,300,CA,20
NQ1-9-10-2016-5,2016-09-10,NQ1,49.3883,-124.3583,WSGS84,300,CA,5
NQ1-9-14-2015-0,2015-09-14,NQ1,49.3878,-124.3578,WSGS84,300,CA,0
NQ1-9-14-2015-10,2015-09-14,NQ1,49.3878,-124.3578,WSGS84,300,CA,10
NQ1-9-14-2015-20,2015-09-14,NQ1,49.3878,-124.3578,WSGS84,300,CA,20
NQ1-9-14-2015-5,2015-09-14,NQ1,49.3878,-124.3578,WSGS84,300,CA,5
NQ1-9-17-2020-0,2020-09-17,NQ1,49.3884,-124.3593,WSGS84,300,CA,0
NQ1-9-17-2020-10,2020-09-17,NQ1,49.3884,-124.3593,WSGS84,300,CA,10
NQ1-9-17-2020-20,2020-09-17,NQ1,49.3884,-124.3593,WSGS84,300,CA,20
NQ1-9-17-2020-5,2020-09-17,NQ1,49.3884,-124.3593,WSGS84,300,CA,5
NQ1-9-20-2019-0,2019-09-20,NQ1,49.3883,-124.3583,WSGS84,300,CA,0
NQ1-9-20-2019-10,2019-09-20,NQ1,49.3883,-124.3583,WSGS84,300,CA,10
NQ1-9-20-2019-20,2019-09-20,NQ1,49.3883,-124.3583,WSGS84,300,CA,20
NQ1-9-20-2019-5,2019-09-20,NQ1,49.3883,-124.3583,WSGS84,300,CA,5
NQ1-9-24-2016-0,2016-09-24,NQ1,49.3883,-124.3583,WSGS84,300,CA,0
NQ1-9-24-2016-10,2016-09-24,NQ1,49.3883,-124.3583,WSGS84,300,CA,10
NQ1-9-24-2016-20,2016-09-24,NQ1,49.3883,-124.3583,WSGS84,300,CA,20
NQ1-9-24-2016-5,2016-09-24,NQ1,49.3883,-124.3583,WSGS84,300,CA,5
NQ1-9-24-2017-0,2017-09-24,NQ1,49.3883,-124.3583,WSGS84,300,CA,0
NQ1-9-24-2017-10,2017-09-24,NQ1,49.3883,-124.3583,WSGS84,300,CA,10
NQ1-9-24-2017-20,2017-09-24,NQ1,49.3883,-124.3583,WSGS84,300,CA,20
NQ1-9-24-2017-5,2017-09-24,NQ1,49.3883,-124.3583,WSGS84,300,CA,5
NQ1-9-24-2021-0,2021-09-24,NQ1,49.3887,-124.3583,WSGS84,300,CA,0
NQ1-9-24-2021-10,2021-09-24,NQ1,49.3887,-124.3583,WSGS84,300,CA,10
NQ1-9-24-2021-20,2021-09-24,NQ1,49.3887,-124.3583,WSGS84,300,CA,20
NQ1-9-24-2021-5,2021-09-24,NQ1,49.3887,-124.3583,WSGS84,300,CA,5
NQ1-9-3-2019-0,2019-09-03,NQ1,49.3883,-124.3583,WSGS84,300,CA,0
NQ1-9-3-2019-10,2019-09-03,NQ1,49.3883,-124.3583,WSGS84,300,CA,10
NQ1-9-3-2019-20,2019-09-03,NQ1,49.3883,-124.3583,WSGS84,300,CA,20
NQ1-9-3-2019-5,2019-09-03,NQ1,49.3883,-124.3583,WSGS84,300,CA,5
NQ2-1-13-2021-0,2021-01-13,NQ2,49.4817,-124.4167,WSGS84,300,CA,0
NQ2-1-15-2022-0,2022-01-15,NQ2,49.4817,-124.4167,WSGS84,300,CA,0
NQ2-1-26-2019-0,2019-01-26,NQ2,49.4817,-124.4167,WSGS84,300,CA,0
NQ2-1-28-2020-0,2020-01-28,NQ2,49.4817,-124.4167,WSGS84,300,CA,0
NQ2-10-10-2019-0,2019-10-10,NQ2,49.4817,-124.4167,WSGS84,300,CA,0
NQ2-10-10-2022-0,2022-10-10,NQ2,49.4817,-124.4167,WSGS84,300,CA,0
NQ2-10-13-2018-0,2018-10-13,NQ2,49.4817,-124.4167,WSGS84,300,CA,0
NQ2-10-18-2016-0,2016-10-18,NQ2,49.4817,-124.4167,WSGS84,300,CA,0
NQ2-10-5-2015-0,2015-10-05,NQ2,49.4817,-124.4167,WSGS84,300,CA,0
NQ2-11-15-2019-0,2019-11-15,NQ2,49.4817,-124.4167,WSGS84,300,CA,0
NQ2-12-8-2020-0,2020-12-08,NQ2,49.4812,-124.4167,WSGS84,300,CA,0
NQ2-2-20-2015-0,2015-02-20,NQ2,49.3917,-124.2332,WSGS84,300,CA,0
NQ2-2-26-2016-0,2016-02-26,NQ2,49.4817,-124.4167,WSGS84,300,CA,0
NQ2-3-10-2015-0,2015-03-10,NQ2,49.4826,-124.4205,WSGS84,300,CA,0
NQ2-3-13-2022-0,2022-03-13,NQ2,49.4817,-124.4167,WSGS84,300,CA,0
NQ2-3-15-2018-0,2018-03-15,NQ2,49.4817,-124.4167,WSGS84,300,CA,0
NQ2-3-18-2015-0,2015-03-18,NQ2,49.4831,-124.421,WSGS84,300,CA,0
NQ2-3-18-2016-0,2016-03-18,NQ2,49.4831,-124.4168,WSGS84,300,CA,0
NQ2-3-18-2019-0,2019-03-18,NQ2,49.4817,-124.4167,WSGS84,300,CA,0
NQ2-3-19-2017-0,2017-03-19,NQ2,49.4831,-124.4169,WSGS84,300,CA,0
NQ2-3-22-2021-0,2021-03-22,NQ2,49.4817,-124.4167,WSGS84,300,CA,0
NQ2-3-24-2022-0,2022-03-24,NQ2,49.4817,-124.4167,WSGS84,300,CA,0
NQ2-3-25-2018-0,2018-03-25,NQ2,49.4817,-124.4167,WSGS84,300,CA,0
NQ2-3-25-2020-0,2020-03-25,NQ2,49.4827,-124.4178,WSGS84,300,CA,0
NQ2-3-26-2021-0,2021-03-26,NQ2,49.4814,-124.4174,WSGS84,300,CA,0
NQ2-3-30-2016-0,2016-03-30,NQ2,49.4817,-124.4167,WSGS84,300,CA,0
NQ2-3-30-2019-0,2019-03-30,NQ2,49.4817,-124.4167,WSGS84,300,CA,0
NQ2-3-4-2017-0,2017-03-04,NQ2,49.483,-124.4179,WSGS84,300,CA,0
NQ2-3-8-2018-0,2018-03-08,NQ2,49.4817,-124.4167,WSGS84,300,CA,0
NQ2-3-8-2019-0,2019-03-08,NQ2,49.4817,-124.4167,WSGS84,300,CA,0
NQ2-3-9-2020-0,2020-03-09,NQ2,49.4817,-124.4167,WSGS84,300,CA,0
NQ2-4-10-2022-0,2022-04-10,NQ2,49.4817,-124.4167,WSGS84,300,CA,0
NQ2-4-12-2021-0,2021-04-12,NQ2,49.4815,-124.4172,WSGS84,300,CA,0
NQ2-4-15-2017-0,2017-04-15,NQ2,49.4834,-124.4167,WSGS84,300,CA,0
NQ2-4-16-2019-0,2019-04-16,NQ2,49.4817,-124.4167,WSGS84,300,CA,0
NQ2-4-17-2015-0,2015-04-17,NQ2,49.4835,-124.4206,WSGS84,300,CA,0
NQ2-4-18-2018-0,2018-04-18,NQ2,49.4817,-124.4167,WSGS84,300,CA,0
NQ2-4-19-2021-0,2021-04-19,NQ2,49.4813,-124.4168,WSGS84,300,CA,0
NQ2-4-2-2018-0,2018-04-02,NQ2,49.4817,-124.4167,WSGS84,300,CA,0
NQ2-4-2-2020-0,2020-04-02,NQ2,49.482,-124.4179,WSGS84,300,CA,0
NQ2-4-21-2016-0,2016-04-21,NQ2,49.4833,-124.4169,WSGS84,300,CA,0
NQ2-4-21-2020-0,2020-04-21,NQ2,49.4818,-124.4177,WSGS84,300,CA,0
NQ2-4-22-2022-0,2022-04-22,NQ2,49.4817,-124.4167,WSGS84,300,CA,0
NQ2-4-23-2016-0,2016-04-23,NQ2,49.483,-124.4171,WSGS84,300,CA,0
NQ2-4-23-2017-0,2017-04-23,NQ2,49.4834,-124.4182,WSGS84,300,CA,0
NQ2-4-25-2018-0,2018-04-25,NQ2,49.4817,-124.4167,WSGS84,300,CA,0
NQ2-4-30-2020-0,2020-04-30,NQ2,49.4817,-124.4173,WSGS84,300,CA,0
NQ2-4-5-2021-0,2021-04-05,NQ2,49.4799,-124.4156,WSGS84,300,CA,0
NQ2-4-8-2017-0,2017-04-08,NQ2,49.4834,-124.4173,WSGS84,300,CA,0
NQ2-4-8-2019-0,2019-04-08,NQ2,49.4817,-124.4167,WSGS84,300,CA,0
NQ2-5-10-2015-0,2015-05-10,NQ2,49.4831,-124.4172,WSGS84,300,CA,0
NQ2-5-10-2018-0,2018-05-10,NQ2,49.4817,-124.4167,WSGS84,300,CA,0
NQ2-5-11-2016-0,2016-05-11,NQ2,49.483,-124.4166,WSGS84,300,CA,0
NQ2-5-12-2017-0,2017-05-12,NQ2,49.4834,-124.417,WSGS84,300,CA,0
NQ2-5-12-2021-0,2021-05-12,NQ2,49.4813,-124.4169,WSGS84,300,CA,0
NQ2-5-15-2016-0,2016-05-15,NQ2,49.4817,-124.4167,WSGS84,300,CA,0
NQ2-5-15-2018-0,2018-05-15,NQ2,49.4817,-124.4167,WSGS84,300,CA,0
NQ2-5-16-2021-0,2021-05-16,NQ2,49.4817,-124.4161,WSGS84,300,CA,0
NQ2-5-17-2020-0,2020-05-17,NQ2,49.4814,-124.4166,WSGS84,300,CA,0
NQ2-5-18-2015-0,2015-05-18,NQ2,49.4817,-124.4167,WSGS84,300,CA,0
NQ2-5-22-2016-0,2016-05-22,NQ2,49.4843,-124.4154,WSGS84,300,CA,0
NQ2-5-22-2017-0,2017-05-22,NQ2,49.4823,-124.4164,WSGS84,300,CA,0
NQ2-5-23-2015-0,2015-05-23,NQ2,49.4833,-124.4169,WSGS84,300,CA,0
NQ2-5-3-2017-0,2017-05-03,NQ2,49.4838,-124.4179,WSGS84,300,CA,0
NQ2-5-7-2020-0,2020-05-07,NQ2,49.4824,-124.4177,WSGS84,300,CA,0
NQ2-5-9-2019-0,2019-05-09,NQ2,49.4817,-124.4167,WSGS84,300,CA,0
NQ2-6-10-2017-0,2017-06-10,NQ2,49.4832,-124.4169,WSGS84,300,CA,0
NQ2-6-14-2015-0,2015-06-14,NQ2,49.4831,-124.4163,WSGS84,300,CA,0
NQ2-6-14-2018-0,2018-06-14,NQ2,49.4817,-124.4167,WSGS84,300,CA,0
NQ2-6-15-2022-0,2022-06-15,NQ2,49.4817,-124.4167,WSGS84,300,CA,0
NQ2-6-19-2021-0,2021-06-19,NQ2,49.4806,-124.4165,WSGS84,300,CA,0
NQ2-6-19-2022-0,2022-06-19,NQ2,49.4817,-124.4167,WSGS84,300,CA,0
NQ2-6-23-2018-0,2018-06-23,NQ2,49.4817,-124.4167,WSGS84,300,CA,0
NQ2-6-24-2015-0,2015-06-24,NQ2,49.4832,-124.4165,WSGS84,300,CA,0
NQ2-6-24-2017-0,2017-06-24,NQ2,49.4817,-124.4167,WSGS84,300,CA,0
NQ2-6-26-2020-0,2020-06-26,NQ2,49.4822,-124.4175,WSGS84,300,CA,0
NQ2-6-30-2016-0,2016-06-30,NQ2,49.4817,-124.4167,WSGS84,300,CA,0
NQ2-6-4-2020-0,2020-06-04,NQ2,49.4819,-124.4166,WSGS84,300,CA,0
NQ2-6-7-2017-0,2017-06-07,NQ2,49.4832,-124.4171,WSGS84,300,CA,0
NQ2-6-9-2018-0,2018-06-09,NQ2,49.4817,-124.4167,WSGS84,300,CA,0
NQ2-7-1-2015-0,2015-07-01,NQ2,49.4829,-124.4164,WSGS84,300,CA,0
NQ2-7-10-2019-0,2019-07-10,NQ2,49.4817,-124.4167,WSGS84,300,CA,0
NQ2-7-12-2016-0,2016-07-12,NQ2,49.4817,-124.4167,WSGS84,300,CA,0
NQ2-7-13-2022-0,2022-07-13,NQ2,49.4817,-124.4167,WSGS84,300,CA,0
NQ2-7-15-2015-0,2015-07-15,NQ2,49.4817,-124.4167,WSGS84,300,CA,0
NQ2-7-15-2017-0,2017-07-15,NQ2,49.4835,-124.4166,WSGS84,300,CA,0
NQ2-7-20-2018-0,2018-07-20,NQ2,49.4817,-124.4167,WSGS84,300,CA,0
NQ2-7-21-2022-0,2022-07-21,NQ2,49.4817,-124.4167,WSGS84,300,CA,0
NQ2-7-23-2016-0,2016-07-23,NQ2,49.4817,-124.4167,WSGS84,300,CA,0
NQ2-7-23-2019-0,2019-07-23,NQ2,49.4817,-124.4167,WSGS84,300,CA,0
NQ2-7-27-2016-0,2016-07-27,NQ2,49.4817,-124.4167,WSGS84,300,CA,0
NQ2-7-27-2018-0,2018-07-27,NQ2,49.4817,-124.4167,WSGS84,300,CA,0
NQ2-7-29-2017-0,2017-07-29,NQ2,49.4834,-124.4166,WSGS84,300,CA,0
NQ2-7-6-2016-0,2016-07-06,NQ2,49.4817,-124.4167,WSGS84,300,CA,0
NQ2-7-7-2016-0,2016-07-07,NQ2,49.4817,-124.4167,WSGS84,300,CA,0
NQ2-7-7-2018-0,2018-07-07,NQ2,49.4817,-124.4167,WSGS84,300,CA,0
NQ2-7-7-2020-0,2020-07-07,NQ2,49.4822,-124.4175,WSGS84,300,CA,0
NQ2-7-8-2017-0,2017-07-08,NQ2,49.4832,-124.4171,WSGS84,300,CA,0
NQ2-7-9-2021-0,2021-07-09,NQ2,49.4825,-124.4169,WSGS84,300,CA,0
NQ2-8-11-2022-0,2022-08-11,NQ2,49.4817,-124.4167,WSGS84,300,CA,0
NQ2-8-14-2015-0,2015-08-14,NQ2,49.4817,-124.4167,WSGS84,300,CA,0
NQ2-8-16-2017-0,2017-08-16,NQ2,49.4832,-124.4171,WSGS84,300,CA,0
NQ2-8-16-2022-0,2022-08-16,NQ2,49.4817,-124.4167,WSGS84,300,CA,0
NQ2-8-2-2020-0,2020-08-02,NQ2,49.483,-124.4152,WSGS84,300,CA,0
NQ2-8-21-2018-0,2018-08-21,NQ2,49.4817,-124.4167,WSGS84,300,CA,0
NQ2-8-23-2019-0,2019-08-23,NQ2,49.4817,-124.4167,WSGS84,300,CA,0
NQ2-8-24-2017-0,2017-08-24,NQ2,49.4831,-124.4165,WSGS84,300,CA,0
NQ2-8-27-2020-0,2020-08-27,NQ2,49.4813,-124.4163,WSGS84,300,CA,0
NQ2-8-31-2021-0,2021-08-31,NQ2,49.4817,-124.4166,WSGS84,300,CA,0
NQ2-8-5-2016-0,2016-08-05,NQ2,49.4826,-124.4169,WSGS84,300,CA,0
NQ2-8-6-2018-0,2018-08-06,NQ2,49.4817,-124.4167,WSGS84,300,CA,0
NQ2-8-8-2015-0,2015-08-08,NQ2,49.4831,-124.417,WSGS84,300,CA,0
NQ2-8-8-2017-0,2017-08-08,NQ2,49.483,-124.417,WSGS84,300,CA,0
NQ2-8-9-2021-0,2021-08-09,NQ2,49.482,-124.4172,WSGS84,300,CA,0
NQ2-9-10-2016-0,2016-09-10,NQ2,49.4832,-124.4168,WSGS84,300,CA,0
NQ2-9-14-2015-0,2015-09-14,NQ2,49.4825,-124.4161,WSGS84,300,CA,0
NQ2-9-17-2020-0,2020-09-17,NQ2,49.4826,-124.4177,WSGS84,300,CA,0
NQ2-9-20-2019-0,2019-09-20,NQ2,49.4817,-124.4167,WSGS84,300,CA,0
NQ2-9-24-2016-0,2016-09-24,NQ2,49.4817,-124.4167,WSGS84,300,CA,0
NQ2-9-24-2017-0,2017-09-24,NQ2,49.4817,-124.4167,WSGS84,300,CA,0
NQ2-9-25-2021-0,2021-09-25,NQ2,49.4816,-124.4165,WSGS84,300,CA,0
NQ2-9-3-2019-0,2019-09-03,NQ2,49.4817,-124.4167,WSGS84,300,CA,0
NQ3-1-13-2021-0,2021-01-13,NQ3,49.5583,-124.3583,WSGS84,300,CA,0
NQ3-1-15-2022-0,2022-01-15,NQ3,49.5583,-124.3583,WSGS84,300,CA,0
NQ3-1-26-2019-0,2019-01-26,NQ3,49.5583,-124.3583,WSGS84,300,CA,0
NQ3-1-28-2020-0,2020-01-28,NQ3,49.5583,-124.3583,WSGS84,300,CA,0
NQ3-10-10-2019-0,2019-10-10,NQ3,49.5583,-124.3583,WSGS84,300,CA,0
NQ3-10-10-2022-0,2022-10-10,NQ3,49.5583,-124.3583,WSGS84,300,CA,0
NQ3-10-13-2018-0,2018-10-13,NQ3,49.5583,-124.3583,WSGS84,300,CA,0
NQ3-10-18-2016-0,2016-10-18,NQ3,49.5583,-124.3583,WSGS84,300,CA,0
NQ3-10-5-2015-0,2015-10-05,NQ3,49.5585,-124.3581,WSGS84,300,CA,0
NQ3-11-15-2019-0,2019-11-15,NQ3,49.5583,-124.3583,WSGS84,300,CA,0
NQ3-12-8-2020-0,2020-12-08,NQ3,49.5586,-124.3581,WSGS84,300,CA,0
NQ3-2-20-2015-0,2015-02-20,NQ3,49.425,-124.1423,WSGS84,300,CA,0
NQ3-2-26-2016-0,2016-02-26,NQ3,49.5583,-124.3583,WSGS84,300,CA,0
NQ3-3-1-2020-0,2020-03-01,NQ3,49.558,-124.359,WSGS84,300,CA,0
NQ3-3-10-2015-0,2015-03-10,NQ3,49.5583,-124.359,WSGS84,300,CA,0
NQ3-3-13-2022-0,2022-03-13,NQ3,49.5583,-124.3583,WSGS84,300,CA,0
NQ3-3-15-2018-0,2018-03-15,NQ3,49.5583,-124.3583,WSGS84,300,CA,0
NQ3-3-18-2015-0,2015-03-18,NQ3,49.559,-124.3582,WSGS84,300,CA,0
NQ3-3-18-2016-0,2016-03-18,NQ3,49.5583,-124.3583,WSGS84,300,CA,0
NQ3-3-18-2019-0,2019-03-18,NQ3,49.5583,-124.3583,WSGS84,300,CA,0
NQ3-3-19-2017-0,2017-03-19,NQ3,49.5584,-124.3581,WSGS84,300,CA,0
NQ3-3-19-2022-0,2022-03-19,NQ3,49.5583,-124.3583,WSGS84,300,CA,0
NQ3-3-22-2021-0,2021-03-22,NQ3,49.5583,-124.3583,WSGS84,300,CA,0
NQ3-3-24-2022-0,2022-03-24,NQ3,49.5583,-124.3583,WSGS84,300,CA,0
NQ3-3-25-2018-0,2018-03-25,NQ3,49.5583,-124.3583,WSGS84,300,CA,0
NQ3-3-25-2020-0,2020-03-25,NQ3,49.5568,-124.3593,WSGS84,300,CA,0
NQ3-3-26-2021-0,2021-03-26,NQ3,49.5587,-124.358,WSGS84,300,CA,0
NQ3-3-30-2016-0,2016-03-30,NQ3,49.5586,-124.3584,WSGS84,300,CA,0
NQ3-3-30-2019-0,2019-03-30,NQ3,49.5583,-124.3583,WSGS84,300,CA,0
NQ3-3-4-2017-0,2017-03-04,NQ3,49.5583,-124.3583,WSGS84,300,CA,0
NQ3-3-8-2018-0,2018-03-08,NQ3,49.5583,-124.3583,WSGS84,300,CA,0
NQ3-3-8-2019-0,2019-03-08,NQ3,49.5583,-124.3583,WSGS84,300,CA,0
NQ3-3-9-2020-0,2020-03-09,NQ3,49.5579,-124.3586,WSGS84,300,CA,0
NQ3-4-10-2022-0,2022-04-10,NQ3,49.5583,-124.3583,WSGS84,300,CA,0
NQ3-4-12-2021-0,2021-04-12,NQ3,49.5584,-124.3581,WSGS84,300,CA,0
NQ3-4-15-2017-0,2017-04-15,NQ3,49.5585,-124.3577,WSGS84,300,CA,0
NQ3-4-16-2019-0,2019-04-16,NQ3,49.5583,-124.3583,WSGS84,300,CA,0
NQ3-4-17-2015-0,2015-04-17,NQ3,49.5586,-124.3581,WSGS84,300,CA,0
NQ3-4-18-2018-0,2018-04-18,NQ3,49.5583,-124.3583,WSGS84,300,CA,0
NQ3-4-19-2021-0,2021-04-19,NQ3,49.5582,-124.3582,WSGS84,300,CA,0
NQ3-4-2-2018-0,2018-04-02,NQ3,49.5583,-124.3583,WSGS84,300,CA,0
NQ3-4-2-2020-0,2020-04-02,NQ3,49.5582,-124.3586,WSGS84,300,CA,0
NQ3-4-21-2016-0,2016-04-21,NQ3,49.5583,-124.3587,WSGS84,300,CA,0
NQ3-4-21-2020-0,2020-04-21,NQ3,49.5561,-124.3614,WSGS84,300,CA,0
NQ3-4-22-2022-0,2022-04-22,NQ3,49.5583,-124.3583,WSGS84,300,CA,0
NQ3-4-23-2016-0,2016-04-23,NQ3,49.5588,-124.3591,WSGS84,300,CA,0
NQ3-4-23-2017-0,2017-04-23,NQ3,49.5589,-124.3593,WSGS84,300,CA,0
NQ3-4-25-2018-0,2018-04-25,NQ3,49.5583,-124.3583,WSGS84,300,CA,0
NQ3-4-30-2020-0,2020-04-30,NQ3,49.5583,-124.3588,WSGS84,300,CA,0
NQ3-4-5-2021-0,2021-04-05,NQ3,49.5581,-124.3582,WSGS84,300,CA,0
NQ3-4-8-2017-0,2017-04-08,NQ3,49.5585,-124.3585,WSGS84,300,CA,0
NQ3-4-8-2019-0,2019-04-08,NQ3,49.5583,-124.3583,WSGS84,300,CA,0
NQ3-5-10-2015-0,2015-05-10,NQ3,49.5584,-124.3581,WSGS84,300,CA,0
NQ3-5-10-2018-0,2018-05-10,NQ3,49.5583,-124.3583,WSGS84,300,CA,0
NQ3-5-11-2016-0,2016-05-11,NQ3,49.5581,-124.3583,WSGS84,300,CA,0
NQ3-5-12-2017-0,2017-05-12,NQ3,49.5583,-124.3583,WSGS84,300,CA,0
NQ3-5-12-2021-0,2021-05-12,NQ3,49.5588,-124.3584,WSGS84,300,CA,0
NQ3-5-15-2018-0,2018-05-15,NQ3,49.5583,-124.3583,WSGS84,300,CA,0
NQ3-5-16-2021-0,2021-05-16,NQ3,49.5583,-124.358,WSGS84,300,CA,0
NQ3-5-17-2020-0,2020-05-17,NQ3,49.5585,-124.3583,WSGS84,300,CA,0
NQ3-5-18-2015-0,2015-05-18,NQ3,49.5583,-124.3584,WSGS84,300,CA,0
NQ3-5-22-2016-0,2016-05-22,NQ3,49.5586,-124.3579,WSGS84,300,CA,0
NQ3-5-22-2017-0,2017-05-22,NQ3,49.5584,-124.3585,WSGS84,300,CA,0
NQ3-5-23-2015-0,2015-05-23,NQ3,49.5585,-124.3585,WSGS84,300,CA,0
NQ3-5-3-2017-0,2017-05-03,NQ3,49.5581,-124.3578,WSGS84,300,CA,0
NQ3-5-7-2020-0,2020-05-07,NQ3,49.5581,-124.3583,WSGS84,300,CA,0
NQ3-5-9-2019-0,2019-05-09,NQ3,49.5583,-124.3583,WSGS84,300,CA,0
NQ3-6-10-2017-0,2017-06-10,NQ3,49.5582,-124.3586,WSGS84,300,CA,0
NQ3-6-14-2015-0,2015-06-14,NQ3,49.5583,-124.3585,WSGS84,300,CA,0
NQ3-6-14-2018-0,2018-06-14,NQ3,49.5583,-124.3583,WSGS84,300,CA,0
NQ3-6-15-2022-0,2022-06-15,NQ3,49.5583,-124.3583,WSGS84,300,CA,0
NQ3-6-19-2021-0,2021-06-19,NQ3,49.5582,-124.3573,WSGS84,300,CA,0
NQ3-6-19-2022-0,2022-06-19,NQ3,49.5583,-124.3583,WSGS84,300,CA,0
NQ3-6-23-2018-0,2018-06-23,NQ3,49.5583,-124.3583,WSGS84,300,CA,0
NQ3-6-24-2015-0,2015-06-24,NQ3,49.5583,-124.3585,WSGS84,300,CA,0
NQ3-6-24-2017-0,2017-06-24,NQ3,49.5583,-124.3583,WSGS84,300,CA,0
NQ3-6-26-2020-0,2020-06-26,NQ3,49.5582,-124.3583,WSGS84,300,CA,0
NQ3-6-30-2016-0,2016-06-30,NQ3,49.5583,-124.3583,WSGS84,300,CA,0
NQ3-6-4-2020-0,2020-06-04,NQ3,49.5583,-124.3582,WSGS84,300,CA,0
NQ3-6-7-2017-0,2017-06-07,NQ3,49.5584,-124.3575,WSGS84,300,CA,0
NQ3-6-9-2018-0,2018-06-09,NQ3,49.5583,-124.3583,WSGS84,300,CA,0
NQ3-7-1-2015-0,2015-07-01,NQ3,49.5583,-124.3582,WSGS84,300,CA,0
NQ3-7-10-2019-0,2019-07-10,NQ3,49.5583,-124.3583,WSGS84,300,CA,0
NQ3-7-12-2016-0,2016-07-12,NQ3,49.5583,-124.3583,WSGS84,300,CA,0
NQ3-7-13-2022-0,2022-07-13,NQ3,49.5583,-124.3583,WSGS84,300,CA,0
NQ3-7-15-2015-0,2015-07-15,NQ3,49.5583,-124.3583,WSGS84,300,CA,0
NQ3-7-15-2017-0,2017-07-15,NQ3,49.5587,-124.3592,WSGS84,300,CA,0
NQ3-7-20-2018-0,2018-07-20,NQ3,49.5583,-124.3583,WSGS84,300,CA,0
NQ3-7-21-2022-0,2022-07-21,NQ3,49.5583,-124.3583,WSGS84,300,CA,0
NQ3-7-23-2016-0,2016-07-23,NQ3,49.5592,-124.3587,WSGS84,300,CA,0
NQ3-7-23-2019-0,2019-07-23,NQ3,49.5583,-124.3583,WSGS84,300,CA,0
NQ3-7-27-2016-0,2016-07-27,NQ3,49.5583,-124.3583,WSGS84,300,CA,0
NQ3-7-27-2018-0,2018-07-27,NQ3,49.5583,-124.3583,WSGS84,300,CA,0
NQ3-7-29-2017-0,2017-07-29,NQ3,49.5584,-124.3582,WSGS84,300,CA,0
NQ3-7-6-2016-0,2016-07-06,NQ3,49.5583,-124.3583,WSGS84,300,CA,0
NQ3-7-7-2016-0,2016-07-07,NQ3,49.5583,-124.3583,WSGS84,300,CA,0
NQ3-7-7-2018-0,2018-07-07,NQ3,49.5583,-124.3583,WSGS84,300,CA,0
NQ3-7-7-2020-0,2020-07-07,NQ3,49.5582,-124.3583,WSGS84,300,CA,0
NQ3-7-8-2017-0,2017-07-08,NQ3,49.5582,-124.3579,WSGS84,300,CA,0
NQ3-7-9-2021-0,2021-07-09,NQ3,49.5581,-124.3592,WSGS84,300,CA,0
NQ3-8-11-2022-0,2022-08-11,NQ3,49.5583,-124.3583,WSGS84,300,CA,0
NQ3-8-14-2015-0,2015-08-14,NQ3,49.5583,-124.3583,WSGS84,300,CA,0
NQ3-8-16-2017-0,2017-08-16,NQ3,49.5583,-124.3581,WSGS84,300,CA,0
NQ3-8-16-2022-0,2022-08-16,NQ3,49.5583,-124.3583,WSGS84,300,CA,0
NQ3-8-2-2020-0,2020-08-02,NQ3,49.5589,-124.3602,WSGS84,300,CA,0
NQ3-8-21-2018-0,2018-08-21,NQ3,49.5583,-124.3583,WSGS84,300,CA,0
NQ3-8-23-2016-0,2016-08-23,NQ3,49.5581,-124.3583,WSGS84,300,CA,0
NQ3-8-23-2019-0,2019-08-23,NQ3,49.5583,-124.3583,WSGS84,300,CA,0
NQ3-8-24-2017-0,2017-08-24,NQ3,49.5585,-124.3588,WSGS84,300,CA,0
NQ3-8-27-2020-0,2020-08-27,NQ3,49.5581,-124.358,WSGS84,300,CA,0
NQ3-8-31-2021-0,2021-08-31,NQ3,49.5587,-124.3577,WSGS84,300,CA,0
NQ3-8-5-2016-0,2016-08-05,NQ3,49.5582,-124.3575,WSGS84,300,CA,0
NQ3-8-6-2018-0,2018-08-06,NQ3,49.5583,-124.3583,WSGS84,300,CA,0
NQ3-8-8-2015-0,2015-08-08,NQ3,49.5575,-124.3588,WSGS84,300,CA,0
NQ3-8-8-2017-0,2017-08-08,NQ3,49.5585,-124.3585,WSGS84,300,CA,0
NQ3-8-9-2021-0,2021-08-09,NQ3,49.5584,-124.3588,WSGS84,300,CA,0
NQ3-9-10-2016-0,2016-09-10,NQ3,49.5583,-124.3583,WSGS84,300,CA,0
NQ3-9-14-2015-0,2015-09-14,NQ3,49.5586,-124.3584,WSGS84,300,CA,0
NQ3-9-17-2020-0,2020-09-17,NQ3,49.5582,-124.3585,WSGS84,300,CA,0
NQ3-9-20-2019-0,2019-09-20,NQ3,49.5583,-124.3583,WSGS84,300,CA,0
NQ3-9-24-2016-0,2016-09-24,NQ3,49.5583,-124.3583,WSGS84,300,CA,0
NQ3-9-24-2017-0,2017-09-24,NQ3,49.5583,-124.3583,WSGS84,300,CA,0
NQ3-9-25-2021-0,2021-09-25,NQ3,49.5588,-124.3585,WSGS84,300,CA,0
NQ3-9-3-2019-0,2019-09-03,NQ3,49.5583,-124.3583,WSGS84,300,CA,0
NQ4-1-26-2019-0,2019-01-26,NQ4,49.46,-124.1083,WSGS84,300,CA,0
NQ4-1-28-2020-0,2020-01-28,NQ4,49.4617,-124.1083,WSGS84,300,CA,0
NQ4-10-13-2018-0,2018-10-13,NQ4,49.46,-124.1083,WSGS84,300,CA,0
NQ4-10-18-2016-0,2016-10-18,NQ4,49.4617,-124.1083,WSGS84,300,CA,0
NQ4-10-5-2015-0,2015-10-05,NQ4,49.4616,-124.1081,WSGS84,300,CA,0
NQ4-2-20-2015-0,2015-02-20,NQ4,49.3671,-124.0233,WSGS84,300,CA,0
NQ4-2-26-2016-0,2016-02-26,NQ4,49.4617,-124.1083,WSGS84,300,CA,0
NQ4-3-1-2020-0,2020-03-01,NQ4,49.4617,-124.1083,WSGS84,300,CA,0
NQ4-3-10-2015-0,2015-03-10,NQ4,49.4618,-124.1082,WSGS84,300,CA,0
NQ4-3-15-2018-0,2018-03-15,NQ4,49.46,-124.1083,WSGS84,300,CA,0
NQ4-3-18-2015-0,2015-03-18,NQ4,49.4617,-124.1083,WSGS84,300,CA,0
NQ4-3-18-2016-0,2016-03-18,NQ4,49.4599,-124.1086,WSGS84,300,CA,0
NQ4-3-19-2017-0,2017-03-19,NQ4,49.4597,-124.1078,WSGS84,300,CA,0
NQ4-3-25-2018-0,2018-03-25,NQ4,49.46,-124.1083,WSGS84,300,CA,0
NQ4-3-25-2020-0,2020-03-25,NQ4,49.4617,-124.1083,WSGS84,300,CA,0
NQ4-3-30-2016-0,2016-03-30,NQ4,49.46,-124.1078,WSGS84,300,CA,0
NQ4-3-4-2017-0,2017-03-04,NQ4,49.4602,-124.1081,WSGS84,300,CA,0
NQ4-3-8-2018-0,2018-03-08,NQ4,49.46,-124.1083,WSGS84,300,CA,0
NQ4-3-9-2020-0,2020-03-09,NQ4,49.4617,-124.1083,WSGS84,300,CA,0
NQ4-4-15-2017-0,2017-04-15,NQ4,49.4602,-124.1089,WSGS84,300,CA,0
NQ4-4-17-2015-0,2015-04-17,NQ4,49.4614,-124.109,WSGS84,300,CA,0
NQ4-4-18-2018-0,2018-04-18,NQ4,49.46,-124.1083,WSGS84,300,CA,0
NQ4-4-2-2018-0,2018-04-02,NQ4,49.46,-124.1083,WSGS84,300,CA,0
NQ4-4-21-2016-0,2016-04-21,NQ4,49.4606,-124.1081,WSGS84,300,CA,0
NQ4-4-23-2016-0,2016-04-23,NQ4,49.4602,-124.1089,WSGS84,300,CA,0
NQ4-4-23-2017-0,2017-04-23,NQ4,49.4599,-124.1085,WSGS84,300,CA,0
NQ4-4-25-2018-0,2018-04-25,NQ4,49.46,-124.1083,WSGS84,300,CA,0
NQ4-4-30-2020-0,2020-04-30,NQ4,49.4617,-124.1083,WSGS84,300,CA,0
NQ4-4-8-2017-0,2017-04-08,NQ4,49.4603,-124.1084,WSGS84,300,CA,0
NQ4-5-10-2015-0,2015-05-10,NQ4,49.46,-124.1081,WSGS84,300,CA,0
NQ4-5-10-2018-0,2018-05-10,NQ4,49.46,-124.1083,WSGS84,300,CA,0
NQ4-5-11-2016-0,2016-05-11,NQ4,49.4599,-124.1085,WSGS84,300,CA,0
NQ4-5-12-2017-0,2017-05-12,NQ4,49.4604,-124.1082,WSGS84,300,CA,0
NQ4-5-15-2016-0,2016-05-15,NQ4,49.4607,-124.1093,WSGS84,300,CA,0
NQ4-5-15-2018-0,2018-05-15,NQ4,49.46,-124.1083,WSGS84,300,CA,0
NQ4-5-17-2020-0,2020-05-17,NQ4,49.4617,-124.1083,WSGS84,300,CA,0
NQ4-5-18-2015-0,2015-05-18,NQ4,49.4603,-124.1085,WSGS84,300,CA,0
NQ4-5-22-2016-0,2016-05-22,NQ4,49.4598,-124.1087,WSGS84,300,CA,0
NQ4-5-22-2017-0,2017-05-22,NQ4,49.4596,-124.108,WSGS84,300,CA,0
NQ4-5-23-2015-0,2015-05-23,NQ4,49.4604,-124.1083,WSGS84,300,CA,0
NQ4-5-3-2017-0,2017-05-03,NQ4,49.46,-124.108,WSGS84,300,CA,0
NQ4-5-7-2020-0,2020-05-07,NQ4,49.4617,-124.1083,WSGS84,300,CA,0
NQ4-6-10-2017-0,2017-06-10,NQ4,49.4601,-124.1088,WSGS84,300,CA,0
NQ4-6-14-2015-0,2015-06-14,NQ4,49.4601,-124.1086,WSGS84,300,CA,0
NQ4-6-14-2018-0,2018-06-14,NQ4,49.46,-124.1083,WSGS84,300,CA,0
NQ4-6-23-2018-0,2018-06-23,NQ4,49.46,-124.1083,WSGS84,300,CA,0
NQ4-6-24-2015-0,2015-06-24,NQ4,49.4601,-124.1084,WSGS84,300,CA,0
NQ4-6-24-2017-0,2017-06-24,NQ4,49.46,-124.1083,WSGS84,300,CA,0
NQ4-6-30-2016-0,2016-06-30,NQ4,49.4617,-124.1083,WSGS84,300,CA,0
NQ4-6-7-2015-0,2015-06-07,NQ4,49.4595,-124.1082,WSGS84,300,CA,0
NQ4-6-7-2017-0,2017-06-07,NQ4,49.4601,-124.1075,WSGS84,300,CA,0
NQ4-6-9-2018-0,2018-06-09,NQ4,49.46,-124.1083,WSGS84,300,CA,0
NQ4-7-1-2015-0,2015-07-01,NQ4,49.4599,-124.1084,WSGS84,300,CA,0
NQ4-7-12-2016-0,2016-07-12,NQ4,49.4617,-124.1083,WSGS84,300,CA,0
NQ4-7-12-2016-10,2016-07-12,NQ4,49.4617,-124.1083,WSGS84,300,CA,10
NQ4-7-12-2016-5,2016-07-12,NQ4,49.4617,-124.1083,WSGS84,300,CA,5
NQ4-7-15-2015-0,2015-07-15,NQ4,49.4603,-124.1079,WSGS84,300,CA,0
NQ4-7-15-2017-0,2017-07-15,NQ4,49.4601,-124.1084,WSGS84,300,CA,0
NQ4-7-20-2018-0,2018-07-20,NQ4,49.4617,-124.1083,WSGS84,300,CA,0
NQ4-7-23-2016-0,2016-07-23,NQ4,49.4617,-124.1083,WSGS84,300,CA,0
NQ4-7-27-2016-0,2016-07-27,NQ4,49.4617,-124.1083,WSGS84,300,CA,0
NQ4-7-27-2018-0,2018-07-27,NQ4,49.4617,-124.1083,WSGS84,300,CA,0
NQ4-7-29-2017-0,2017-07-29,NQ4,49.4602,-124.1086,WSGS84,300,CA,0
NQ4-7-6-2016-0,2016-07-06,NQ4,49.4617,-124.1083,WSGS84,300,CA,0
NQ4-7-7-2016-0,2016-07-07,NQ4,49.4617,-124.1083,WSGS84,300,CA,0
NQ4-7-7-2018-0,2018-07-07,NQ4,49.46,-124.1083,WSGS84,300,CA,0
NQ4-7-8-2017-0,2017-07-08,NQ4,49.4602,-124.1083,WSGS84,300,CA,0
NQ4-8-14-2015-0,2015-08-14,NQ4,49.4617,-124.1083,WSGS84,300,CA,0
NQ4-8-16-2017-0,2017-08-16,NQ4,49.4601,-124.1095,WSGS84,300,CA,0
NQ4-8-21-2018-0,2018-08-21,NQ4,49.46,-124.1083,WSGS84,300,CA,0
NQ4-8-23-2016-5,2016-08-23,NQ4,49.46,-124.1089,WSGS84,300,CA,5
NQ4-8-24-2017-0,2017-08-24,NQ4,49.46,-124.109,WSGS84,300,CA,0
NQ4-8-5-2016-0,2016-08-05,NQ4,49.4617,-124.1083,WSGS84,300,CA,0
NQ4-8-6-2018-0,2018-08-06,NQ4,49.46,-124.1083,WSGS84,300,CA,0
NQ4-8-8-2017-0,2017-08-08,NQ4,49.4597,-124.1089,WSGS84,300,CA,0
NQ4-9-10-2016-0,2016-09-10,NQ4,49.4599,-124.1079,WSGS84,300,CA,0
NQ4-9-14-2015-0,2015-09-14,NQ4,49.4613,-124.1077,WSGS84,300,CA,0
NQ4-9-24-2016-0,2016-09-24,NQ4,49.4617,-124.1083,WSGS84,300,CA,0
NQ4-9-24-2017-0,2017-09-24,NQ4,49.46,-124.1083,WSGS84,300,CA,0
NQ5-1-26-2019-0,2019-01-26,NQ5,49.425,-123.9917,WSGS84,300,CA,0
NQ5-10-13-2018-0,2018-10-13,NQ5,49.425,-123.9917,WSGS84,300,CA,0
NQ5-10-18-2016-10,2016-10-18,NQ5,49.425,-123.9917,WSGS84,300,CA,10
NQ5-10-18-2016-20,2016-10-18,NQ5,49.425,-123.9917,WSGS84,300,CA,20
NQ5-10-18-2016-5,2016-10-18,NQ5,49.425,-123.9917,WSGS84,300,CA,5
NQ5-10-5-2015-0,2015-10-05,NQ5,49.425,-123.992,WSGS84,300,CA,0
NQ5-2-20-2015-0,2015-02-20,NQ5,49.3375,-123.7197,WSGS84,300,CA,0
NQ5-2-26-2016-0,2016-02-26,NQ5,49.425,-123.9917,WSGS84,300,CA,0
NQ5-2-26-2016-10,2016-02-26,NQ5,49.425,-123.9917,WSGS84,300,CA,10
NQ5-2-26-2016-20,2016-02-26,NQ5,49.425,-123.9917,WSGS84,300,CA,20
NQ5-2-26-2016-5,2016-02-26,NQ5,49.425,-123.9917,WSGS84,300,CA,5
NQ5-3-10-2015-0,2015-03-10,NQ5,49.4252,-123.9919,WSGS84,300,CA,0
NQ5-3-15-2018-0,2018-03-15,NQ5,49.425,-123.9917,WSGS84,300,CA,0
NQ5-3-18-2016-0,2016-03-18,NQ5,49.4248,-123.992,WSGS84,300,CA,0
NQ5-3-18-2016-10,2016-03-18,NQ5,49.4248,-123.992,WSGS84,300,CA,10
NQ5-3-18-2016-20,2016-03-18,NQ5,49.4248,-123.992,WSGS84,300,CA,20
NQ5-3-18-2016-5,2016-03-18,NQ5,49.4248,-123.992,WSGS84,300,CA,5
NQ5-3-19-2017-0,2017-03-19,NQ5,49.4252,-123.9918,WSGS84,300,CA,0
NQ5-3-25-2018-0,2018-03-25,NQ5,49.425,-123.9917,WSGS84,300,CA,0
NQ5-3-30-2016-0,2016-03-30,NQ5,49.4243,-123.9912,WSGS84,300,CA,0
NQ5-3-30-2016-10,2016-03-30,NQ5,49.4243,-123.9912,WSGS84,300,CA,10
NQ5-3-30-2016-20,2016-03-30,NQ5,49.4243,-123.9912,WSGS84,300,CA,20
NQ5-3-30-2016-5,2016-03-30,NQ5,49.4243,-123.9912,WSGS84,300,CA,5
NQ5-3-4-2017-0,2017-03-04,NQ5,49.4249,-123.9917,WSGS84,300,CA,0
NQ5-3-8-2018-0,2018-03-08,NQ5,49.425,-123.9917,WSGS84,300,CA,0
NQ5-4-15-2017-0,2017-04-15,NQ5,49.4251,-123.9914,WSGS84,300,CA,0
NQ5-4-17-2015-0,2015-04-17,NQ5,49.4249,-123.9914,WSGS84,300,CA,0
NQ5-4-18-2018-0,2018-04-18,NQ5,49.425,-123.9917,WSGS84,300,CA,0
NQ5-4-2-2018-0,2018-04-02,NQ5,49.425,-123.9917,WSGS84,300,CA,0
NQ5-4-23-2016-0,2016-04-23,NQ5,49.4255,-123.9918,WSGS84,300,CA,0
NQ5-4-23-2016-10,2016-04-23,NQ5,49.4255,-123.9918,WSGS84,300,CA,10
NQ5-4-23-2016-20,2016-04-23,NQ5,49.4255,-123.9918,WSGS84,300,CA,20
NQ5-4-23-2016-5,2016-04-23,NQ5,49.4255,-123.9918,WSGS84,300,CA,5
NQ5-4-23-2017-0,2017-04-23,NQ5,49.4254,-123.9928,WSGS84,300,CA,0
NQ5-5-10-2015-0,2015-05-10,NQ5,49.4248,-123.9918,WSGS84,300,CA,0
NQ5-5-10-2018-0,2018-05-10,NQ5,49.425,-123.9917,WSGS84,300,CA,0
NQ5-5-11-2016-0,2016-05-11,NQ5,49.4251,-123.9921,WSGS84,300,CA,0
NQ5-5-11-2016-10,2016-05-11,NQ5,49.425,-123.9917,WSGS84,300,CA,10
NQ5-5-11-2016-20,2016-05-11,NQ5,49.425,-123.9917,WSGS84,300,CA,20
NQ5-5-11-2016-5,2016-05-11,NQ5,49.425,-123.9917,WSGS84,300,CA,5
NQ5-5-12-2017-0,2017-05-12,NQ5,49.4251,-123.9915,WSGS84,300,CA,0
NQ5-5-15-2016-0,2016-05-15,NQ5,49.4251,-123.9919,WSGS84,300,CA,0
NQ5-5-15-2016-10,2016-05-15,NQ5,49.425,-123.9917,WSGS84,300,CA,10
NQ5-5-15-2016-20,2016-05-15,NQ5,49.425,-123.9917,WSGS84,300,CA,20
NQ5-5-15-2016-5,2016-05-15,NQ5,49.425,-123.9917,WSGS84,300,CA,5
NQ5-5-15-2018-0,2018-05-15,NQ5,49.425,-123.9917,WSGS84,300,CA,0
NQ5-5-18-2015-0,2015-05-18,NQ5,49.4249,-123.9918,WSGS84,300,CA,0
NQ5-5-22-2016-0,2016-05-22,NQ5,49.425,-123.9917,WSGS84,300,CA,0
NQ5-5-22-2016-10,2016-05-22,NQ5,49.425,-123.9917,WSGS84,300,CA,10
NQ5-5-22-2016-20,2016-05-22,NQ5,49.425,-123.9917,WSGS84,300,CA,20
NQ5-5-22-2016-5,2016-05-22,NQ5,49.425,-123.9917,WSGS84,300,CA,5
NQ5-5-22-2017-0,2017-05-22,NQ5,49.425,-123.9918,WSGS84,300,CA,0
NQ5-5-23-2015-0,2015-05-23,NQ5,49.4251,-123.9921,WSGS84,300,CA,0
NQ5-5-3-2017-0,2017-05-03,NQ5,49.4253,-123.9929,WSGS84,300,CA,0
NQ5-6-10-2017-0,2017-06-10,NQ5,49.4251,-123.991,WSGS84,300,CA,0
NQ5-6-14-2015-0,2015-06-14,NQ5,49.4247,-123.992,WSGS84,300,CA,0
NQ5-6-14-2018-0,2018-06-14,NQ5,49.425,-123.9917,WSGS84,300,CA,0
NQ5-6-23-2018-0,2018-06-23,NQ5,49.425,-123.9917,WSGS84,300,CA,0
NQ5-6-24-2015-0,2015-06-24,NQ5,49.425,-123.9918,WSGS84,300,CA,0
NQ5-6-24-2017-0,2017-06-24,NQ5,49.425,-123.9917,WSGS84,300,CA,0
NQ5-6-30-2016-0,2016-06-30,NQ5,49.425,-123.9917,WSGS84,300,CA,0
NQ5-6-30-2016-10,2016-06-30,NQ5,49.425,-123.9917,WSGS84,300,CA,10
NQ5-6-30-2016-20,2016-06-30,NQ5,49.425,-123.9917,WSGS84,300,CA,20
NQ5-6-30-2016-5,2016-06-30,NQ5,49.425,-123.9917,WSGS84,300,CA,5
NQ5-6-7-2015-0,2015-06-07,NQ5,49.4251,-123.9921,WSGS84,300,CA,0
NQ5-6-7-2017-0,2017-06-07,NQ5,49.4252,-123.9915,WSGS84,300,CA,0
NQ5-6-9-2018-0,2018-06-09,NQ5,49.425,-123.9917,WSGS84,300,CA,0
NQ5-7-1-2015-0,2015-07-01,NQ5,49.4249,-123.9917,WSGS84,300,CA,0
NQ5-7-12-2016-0,2016-07-12,NQ5,49.425,-123.9917,WSGS84,300,CA,0
NQ5-7-12-2016-10,2016-07-12,NQ5,49.425,-123.9917,WSGS84,300,CA,10
NQ5-7-12-2016-20,2016-07-12,NQ5,49.425,-123.9917,WSGS84,300,CA,20
NQ5-7-12-2016-5,2016-07-12,NQ5,49.425,-123.9917,WSGS84,300,CA,5
NQ5-7-15-2015-0,2015-07-15,NQ5,49.4249,-123.9916,WSGS84,300,CA,0
NQ5-7-15-2017-0,2017-07-15,NQ5,49.4252,-123.9927,WSGS84,300,CA,0
NQ5-7-20-2018-0,2018-07-20,NQ5,49.425,-123.9917,WSGS84,300,CA,0
NQ5-7-23-2016-0,2016-07-23,NQ5,49.425,-123.9917,WSGS84,300,CA,0
NQ5-7-27-2016-0,2016-07-27,NQ5,49.425,-123.9917,WSGS84,300,CA,0
NQ5-7-27-2016-10,2016-07-27,NQ5,49.425,-123.9917,WSGS84,300,CA,10
NQ5-7-27-2016-20,2016-07-27,NQ5,49.425,-123.9917,WSGS84,300,CA,20
NQ5-7-27-2016-5,2016-07-27,NQ5,49.425,-123.9917,WSGS84,300,CA,5
NQ5-7-27-2018-0,2018-07-27,NQ5,49.425,-123.9917,WSGS84,300,CA,0
NQ5-7-29-2017-0,2017-07-29,NQ5,49.4253,-123.9918,WSGS84,300,CA,0
NQ5-7-6-2016-0,2016-07-06,NQ5,49.425,-123.9917,WSGS84,300,CA,0
NQ5-7-6-2016-10,2016-07-06,NQ5,49.425,-123.9917,WSGS84,300,CA,10
NQ5-7-6-2016-20,2016-07-06,NQ5,49.425,-123.9917,WSGS84,300,CA,20
NQ5-7-6-2016-5,2016-07-06,NQ5,49.425,-123.9917,WSGS84,300,CA,5
NQ5-7-7-2016-0,2016-07-07,NQ5,49.425,-123.9917,WSGS84,300,CA,0
NQ5-7-7-2016-10,2016-07-07,NQ5,49.425,-123.9917,WSGS84,300,CA,10
NQ5-7-7-2016-20,2016-07-07,NQ5,49.425,-123.9917,WSGS84,300,CA,20
NQ5-7-7-2016-5,2016-07-07,NQ5,49.425,-123.9917,WSGS84,300,CA,5
NQ5-7-8-2017-0,2017-07-08,NQ5,49.4254,-123.9916,WSGS84,300,CA,0
NQ5-8-14-2015-0,2015-08-14,NQ5,49.425,-123.9917,WSGS84,300,CA,0
NQ5-8-16-2017-0,2017-08-16,NQ5,49.4253,-123.9918,WSGS84,300,CA,0
NQ5-8-21-2018-0,2018-08-21,NQ5,49.425,-123.9917,WSGS84,300,CA,0
NQ5-8-23-2016-0,2016-08-23,NQ5,49.4249,-123.9923,WSGS84,300,CA,0
NQ5-8-23-2016-10,2016-08-23,NQ5,49.4249,-123.9923,WSGS84,300,CA,10
NQ5-8-23-2016-20,2016-08-23,NQ5,49.4249,-123.9923,WSGS84,300,CA,20
NQ5-8-24-2017-0,2017-08-24,NQ5,49.4245,-123.9917,WSGS84,300,CA,0
NQ5-8-5-2016-0,2016-08-05,NQ5,49.425,-123.9917,WSGS84,300,CA,0
NQ5-8-5-2016-10,2016-08-05,NQ5,49.425,-123.9917,WSGS84,300,CA,10
NQ5-8-5-2016-20,2016-08-05,NQ5,49.425,-123.9917,WSGS84,300,CA,20
NQ5-8-5-2016-5,2016-08-05,NQ5,49.425,-123.9917,WSGS84,300,CA,5
NQ5-8-6-2018-0,2018-08-06,NQ5,49.425,-123.9917,WSGS84,300,CA,0
NQ5-8-8-2017-0,2017-08-08,NQ5,49.4235,-123.9921,WSGS84,300,CA,0
NQ5-9-10-2016-0,2016-09-10,NQ5,49.425,-123.9918,WSGS84,300,CA,0
NQ5-9-10-2016-10,2016-09-10,NQ5,49.425,-123.9917,WSGS84,300,CA,10
NQ5-9-10-2016-20,2016-09-10,NQ5,49.425,-123.9918,WSGS84,300,CA,20
NQ5-9-10-2016-5,2016-09-10,NQ5,49.425,-123.9917,WSGS84,300,CA,5
NQ5-9-14-2015-0,2015-09-14,NQ5,49.4249,-123.9914,WSGS84,300,CA,0
NQ5-9-24-2016-0,2016-09-24,NQ5,49.425,-123.9919,WSGS84,300,CA,0
NQ5-9-24-2016-10,2016-09-24,NQ5,49.425,-123.9919,WSGS84,300,CA,10
NQ5-9-24-2016-20,2016-09-24,NQ5,49.425,-123.9919,WSGS84,300,CA,20
NQ5-9-24-2016-5,2016-09-24,NQ5,49.425,-123.9919,WSGS84,300,CA,5
NQ5-9-24-2017-0,2017-09-24,NQ5,49.425,-123.9917,WSGS84,300,CA,0
NQ6-1-26-2019-0,2019-01-26,NQ6,49.3667,-124.0233,WSGS84,300,CA,0
NQ6-10-13-2018-0,2018-10-13,NQ6,49.3667,-124.0233,WSGS84,300,CA,0
NQ6-10-18-2016-0,2016-10-18,NQ6,49.3667,-124.0233,WSGS84,300,CA,0
NQ6-10-5-2015-0,2015-10-05,NQ6,49.3665,-124.0235,WSGS84,300,CA,0
NQ6-2-20-2015-0,2015-02-20,NQ6,49.3668,-124.0225,WSGS84,300,CA,0
NQ6-2-26-2016-0,2016-02-26,NQ6,49.3667,-124.0233,WSGS84,300,CA,0
NQ6-3-10-2015-0,2015-03-10,NQ6,49.366,-124.0231,WSGS84,300,CA,0
NQ6-3-15-2018-0,2018-03-15,NQ6,49.3667,-124.0233,WSGS84,300,CA,0
NQ6-3-18-2016-0,2016-03-18,NQ6,49.3666,-124.0234,WSGS84,300,CA,0
NQ6-3-19-2017-0,2017-03-19,NQ6,49.3667,-124.0239,WSGS84,300,CA,0
NQ6-3-25-2018-0,2018-03-25,NQ6,49.3667,-124.0233,WSGS84,300,CA,0
NQ6-3-30-2016-0,2016-03-30,NQ6,49.3661,-124.0232,WSGS84,300,CA,0
NQ6-3-4-2017-0,2017-03-04,NQ6,49.3674,-124.0241,WSGS84,300,CA,0
NQ6-3-8-2018-0,2018-03-08,NQ6,49.3667,-124.0233,WSGS84,300,CA,0
NQ6-4-15-2017-0,2017-04-15,NQ6,49.3671,-124.0228,WSGS84,300,CA,0
NQ6-4-17-2015-0,2015-04-17,NQ6,49.3662,-124.022,WSGS84,300,CA,0
NQ6-4-18-2018-0,2018-04-18,NQ6,49.3667,-124.0233,WSGS84,300,CA,0
NQ6-4-2-2018-0,2018-04-02,NQ6,49.3667,-124.0233,WSGS84,300,CA,0
NQ6-4-23-2016-0,2016-04-23,NQ6,49.3667,-124.0232,WSGS84,300,CA,0
NQ6-4-23-2017-0,2017-04-23,NQ6,49.3669,-124.0237,WSGS84,300,CA,0
NQ6-4-25-2018-0,2018-04-25,NQ6,49.3667,-124.0233,WSGS84,300,CA,0
NQ6-5-10-2015-0,2015-05-10,NQ6,49.3664,-124.0226,WSGS84,300,CA,0
NQ6-5-10-2018-0,2018-05-10,NQ6,49.3667,-124.0233,WSGS84,300,CA,0
NQ6-5-11-2016-0,2016-05-11,NQ6,49.3667,-124.0236,WSGS84,300,CA,0
NQ6-5-12-2017-0,2017-05-12,NQ6,49.3667,-124.0243,WSGS84,300,CA,0
NQ6-5-15-2016-0,2016-05-15,NQ6,49.3669,-124.0235,WSGS84,300,CA,0
NQ6-5-15-2018-0,2018-05-15,NQ6,49.3667,-124.0233,WSGS84,300,CA,0
NQ6-5-18-2015-0,2015-05-18,NQ6,49.3665,-124.0227,WSGS84,300,CA,0
NQ6-5-22-2016-0,2016-05-22,NQ6,49.3667,-124.0234,WSGS84,300,CA,0
NQ6-5-22-2017-0,2017-05-22,NQ6,49.3656,-124.0236,WSGS84,300,CA,0
NQ6-5-23-2015-0,2015-05-23,NQ6,49.3667,-124.0234,WSGS84,300,CA,0
NQ6-5-3-2017-0,2017-05-03,NQ6,49.3665,-124.0235,WSGS84,300,CA,0
NQ6-6-10-2017-0,2017-06-10,NQ6,49.3666,-124.0234,WSGS84,300,CA,0
NQ6-6-14-2015-0,2015-06-14,NQ6,49.3665,-124.0232,WSGS84,300,CA,0
NQ6-6-14-2018-0,2018-06-14,NQ6,49.3667,-124.0233,WSGS84,300,CA,0
NQ6-6-23-2018-0,2018-06-23,NQ6,49.3667,-124.0233,WSGS84,300,CA,0
NQ6-6-24-2015-0,2015-06-24,NQ6,49.3672,-124.0239,WSGS84,300,CA,0
NQ6-6-24-2017-0,2017-06-24,NQ6,49.3667,-124.0233,WSGS84,300,CA,0
NQ6-6-30-2016-0,2016-06-30,NQ6,49.3667,-124.0233,WSGS84,300,CA,0
NQ6-6-7-2015-0,2015-06-07,NQ6,49.3665,-124.0231,WSGS84,300,CA,0
NQ6-6-7-2017-0,2017-06-07,NQ6,49.3673,-124.0232,WSGS84,300,CA,0
NQ6-6-9-2018-0,2018-06-09,NQ6,49.3667,-124.0233,WSGS84,300,CA,0
NQ6-7-1-2015-0,2015-07-01,NQ6,49.3666,-124.0234,WSGS84,300,CA,0
NQ6-7-12-2016-0,2016-07-12,NQ6,49.3661,-123.9942,WSGS84,300,CA,0
NQ6-7-15-2015-0,2015-07-15,NQ6,49.3666,-124.0235,WSGS84,300,CA,0
NQ6-7-15-2017-0,2017-07-15,NQ6,49.367,-124.0246,WSGS84,300,CA,0
NQ6-7-20-2018-0,2018-07-20,NQ6,49.3661,-123.9942,WSGS84,300,CA,0
NQ6-7-23-2016-0,2016-07-23,NQ6,49.3667,-124.0233,WSGS84,300,CA,0
NQ6-7-23-2016-10,2016-07-23,NQ6,49.3667,-124.0233,WSGS84,300,CA,10
NQ6-7-23-2016-5,2016-07-23,NQ6,49.3667,-124.0233,WSGS84,300,CA,5
NQ6-7-27-2016-0,2016-07-27,NQ6,49.3667,-124.0233,WSGS84,300,CA,0
NQ6-7-27-2018-0,2018-07-27,NQ6,49.3661,-123.9942,WSGS84,300,CA,0
NQ6-7-29-2017-0,2017-07-29,NQ6,49.367,-124.0231,WSGS84,300,CA,0
NQ6-7-6-2016-0,2016-07-06,NQ6,49.3661,-123.9942,WSGS84,300,CA,0
NQ6-7-7-2016-0,2016-07-07,NQ6,49.3667,-124.0233,WSGS84,300,CA,0
NQ6-7-7-2018-0,2018-07-07,NQ6,49.3667,-124.0233,WSGS84,300,CA,0
NQ6-7-8-2017-0,2017-07-08,NQ6,49.3666,-124.0226,WSGS84,300,CA,0
NQ6-8-14-2015-0,2015-08-14,NQ6,49.3667,-124.0233,WSGS84,300,CA,0
NQ6-8-16-2017-0,2017-08-16,NQ6,49.3665,-124.0235,WSGS84,300,CA,0
NQ6-8-21-2018-0,2018-08-21,NQ6,49.3667,-124.0233,WSGS84,300,CA,0
NQ6-8-23-2016-0,2016-08-23,NQ6,49.366,-124.0228,WSGS84,300,CA,0
NQ6-8-24-2017-0,2017-08-24,NQ6,49.367,-124.0229,WSGS84,300,CA,0
NQ6-8-5-2016-0,2016-08-05,NQ6,49.3664,-124.0236,WSGS84,300,CA,0
NQ6-8-6-2018-0,2018-08-06,NQ6,49.3667,-124.0233,WSGS84,300,CA,0
NQ6-8-8-2017-0,2017-08-08,NQ6,49.3655,-124.024,WSGS84,300,CA,0
NQ6-9-10-2016-0,2016-09-10,NQ6,49.3665,-124.0235,WSGS84,300,CA,0
NQ6-9-14-2015-0,2015-09-14,NQ6,49.3663,-124.0234,WSGS84,300,CA,0
NQ6-9-24-2016-0,2016-09-24,NQ6,49.3665,-124.0213,WSGS84,300,CA,0
NQ6-9-24-2017-0,2017-09-24,NQ6,49.3667,-124.0233,WSGS84,300,CA,0
NQ7-1-26-2019-0,2019-01-26,NQ7,49.3333,-124.175,WSGS84,300,CA,0
NQ7-10-13-2018-0,2018-10-13,NQ7,49.3333,-124.175,WSGS84,300,CA,0
NQ7-10-18-2016-0,2016-10-18,NQ7,49.3333,-124.175,WSGS84,300,CA,0
NQ7-10-5-2015-0,2015-10-05,NQ7,49.3331,-124.1751,WSGS84,300,CA,0
NQ7-2-20-2015-0,2015-02-20,NQ7,49.1983,-123.8947,WSGS84,300,CA,0
NQ7-2-26-2016-0,2016-02-26,NQ7,49.3333,-124.175,WSGS84,300,CA,0
NQ7-3-10-2015-0,2015-03-10,NQ7,49.3326,-124.1743,WSGS84,300,CA,0
NQ7-3-15-2018-0,2018-03-15,NQ7,49.3333,-124.175,WSGS84,300,CA,0
NQ7-3-18-2016-0,2016-03-18,NQ7,49.3333,-124.175,WSGS84,300,CA,0
NQ7-3-19-2017-0,2017-03-19,NQ7,49.334,-124.1759,WSGS84,300,CA,0
NQ7-3-25-2018-0,2018-03-25,NQ7,49.3333,-124.175,WSGS84,300,CA,0
NQ7-3-30-2016-0,2016-03-30,NQ7,49.3327,-124.1748,WSGS84,300,CA,0
NQ7-3-8-2018-0,2018-03-08,NQ7,49.3333,-124.175,WSGS84,300,CA,0
NQ7-4-15-2017-0,2017-04-15,NQ7,49.333,-124.1749,WSGS84,300,CA,0
NQ7-4-17-2015-0,2015-04-17,NQ7,49.333,-124.1746,WSGS84,300,CA,0
NQ7-4-18-2018-0,2018-04-18,NQ7,49.3333,-124.175,WSGS84,300,CA,0
NQ7-4-2-2018-0,2018-04-02,NQ7,49.3333,-124.175,WSGS84,300,CA,0
NQ7-4-21-2016-0,2016-04-21,NQ7,49.3339,-124.1756,WSGS84,300,CA,0
NQ7-4-23-2016-0,2016-04-23,NQ7,49.3337,-124.1756,WSGS84,300,CA,0
NQ7-4-25-2018-0,2018-04-25,NQ7,49.3333,-124.175,WSGS84,300,CA,0
NQ7-4-8-2017-0,2017-04-08,NQ7,49.3333,-124.1751,WSGS84,300,CA,0
NQ7-5-10-2015-0,2015-05-10,NQ7,49.333,-124.1746,WSGS84,300,CA,0
NQ7-5-10-2018-0,2018-05-10,NQ7,49.3333,-124.175,WSGS84,300,CA,0
NQ7-5-11-2016-0,2016-05-11,NQ7,49.3334,-124.1745,WSGS84,300,CA,0
NQ7-5-12-2017-0,2017-05-12,NQ7,49.3336,-124.174,WSGS84,300,CA,0
NQ7-5-15-2016-0,2016-05-15,NQ7,49.3336,-124.1762,WSGS84,300,CA,0
NQ7-5-15-2018-0,2018-05-15,NQ7,49.3333,-124.175,WSGS84,300,CA,0
NQ7-5-18-2015-0,2015-05-18,NQ7,49.3335,-124.1749,WSGS84,300,CA,0
NQ7-5-22-2016-0,2016-05-22,NQ7,49.3333,-124.175,WSGS84,300,CA,0
NQ7-5-22-2017-0,2017-05-22,NQ7,49.3332,-124.174,WSGS84,300,CA,0
NQ7-5-23-2015-0,2015-05-23,NQ7,49.3333,-124.1746,WSGS84,300,CA,0
NQ7-5-3-2017-0,2017-05-03,NQ7,49.3336,-124.1748,WSGS84,300,CA,0
NQ7-6-10-2017-0,2017-06-10,NQ7,49.3338,-124.1762,WSGS84,300,CA,0
NQ7-6-14-2015-0,2015-06-14,NQ7,49.3334,-124.1749,WSGS84,300,CA,0
NQ7-6-14-2018-0,2018-06-14,NQ7,49.3333,-124.175,WSGS84,300,CA,0
NQ7-6-23-2018-0,2018-06-23,NQ7,49.3333,-124.175,WSGS84,300,CA,0
NQ7-6-24-2015-0,2015-06-24,NQ7,49.3332,-124.1751,WSGS84,300,CA,0
NQ7-6-24-2017-0,2017-06-24,NQ7,49.3333,-124.175,WSGS84,300,CA,0
NQ7-6-30-2016-0,2016-06-30,NQ7,49.3331,-124.1747,WSGS84,300,CA,0
NQ7-6-7-2015-0,2015-06-07,NQ7,49.3332,-124.1745,WSGS84,300,CA,0
NQ7-6-7-2017-0,2017-06-07,NQ7,49.3334,-124.1753,WSGS84,300,CA,0
NQ7-6-9-2018-0,2018-06-09,NQ7,49.3333,-124.175,WSGS84,300,CA,0
NQ7-7-1-2015-0,2015-07-01,NQ7,49.3335,-124.1749,WSGS84,300,CA,0
NQ7-7-12-2016-0,2016-07-12,NQ7,49.3333,-124.175,WSGS84,300,CA,0
NQ7-7-15-2015-0,2015-07-15,NQ7,49.3333,-124.1752,WSGS84,300,CA,0
NQ7-7-15-2017-0,2017-07-15,NQ7,49.3342,-124.174,WSGS84,300,CA,0
NQ7-7-20-2018-0,2018-07-20,NQ7,49.3333,-124.175,WSGS84,300,CA,0
NQ7-7-23-2016-0,2016-07-23,NQ7,49.3333,-124.175,WSGS84,300,CA,0
NQ7-7-27-2018-0,2018-07-27,NQ7,49.3333,-124.175,WSGS84,300,CA,0
NQ7-7-7-2016-0,2016-07-07,NQ7,49.3333,-124.175,WSGS84,300,CA,0
NQ7-7-7-2018-0,2018-07-07,NQ7,49.3333,-124.175,WSGS84,300,CA,0
NQ7-7-8-2017-0,2017-07-08,NQ7,49.3333,-124.175,WSGS84,300,CA,0
NQ7-8-14-2015-0,2015-08-14,NQ7,49.3333,-124.175,WSGS84,300,CA,0
NQ7-8-16-2017-0,2017-08-16,NQ7,49.3337,-124.1752,WSGS84,300,CA,0
NQ7-8-21-2018-0,2018-08-21,NQ7,49.3333,-124.175,WSGS84,300,CA,0
NQ7-8-23-2016-5,2016-08-23,NQ7,49.3331,-124.1746,WSGS84,300,CA,5
NQ7-8-24-2017-0,2017-08-24,NQ7,49.3334,-124.1751,WSGS84,300,CA,0
NQ7-8-5-2016-0,2016-08-05,NQ7,49.3333,-124.175,WSGS84,300,CA,0
NQ7-8-6-2018-0,2018-08-06,NQ7,49.3333,-124.175,WSGS84,300,CA,0
NQ7-8-8-2017-0,2017-08-08,NQ7,49.333,-124.1747,WSGS84,300,CA,0
NQ7-9-10-2016-0,2016-09-10,NQ7,49.3333,-124.175,WSGS84,300,CA,0
NQ7-9-14-2015-0,2015-09-14,NQ7,49.3331,-124.1739,WSGS84,300,CA,0
NQ7-9-24-2016-0,2016-09-24,NQ7,49.3333,-124.175,WSGS84,300,CA,0
NQ7-9-24-2017-0,2017-09-24,NQ7,49.3333,-124.175,WSGS84,300,CA,0
NQ8-2-20-2015-0,2015-02-20,NQ8,49.28,-124,WSGS84,300,CA,0
NQ9-2-20-2015-0,2015-02-20,NQ9,49.2,-123.8917,WSGS84,300,CA,0
PR6-4-6-2021-10,2021-04-06,PR6,49.86,-125.0267,WSGS84,300,CA,10
PR6-4-6-2021-20,2021-04-06,PR6,49.86,-125.0267,WSGS84,300,CA,20
PR1-1-13-2021-0,2021-01-13,PR1,49.8667,-124.58,WSGS84,300,CA,0
PR1-1-15-2022-0,2022-01-15,PR1,49.8667,-124.58,WSGS84,300,CA,0
PR1-1-24-2019-0,2019-01-24,PR1,49.8667,-124.58,WSGS84,300,CA,0
PR1-10-1-2020-0,2020-10-01,PR1,49.8666,-124.5801,WSGS84,300,CA,0
PR1-10-10-2018-0,2018-10-10,PR1,49.8667,-124.58,WSGS84,300,CA,0
PR1-10-13-2023-0,2023-10-13,PR1,49.8667,-124.58,WSGS84,300,CA,0
PR1-10-15-2017-0,2017-10-15,PR1,49.8668,-124.58,WSGS84,300,CA,0
PR1-10-17-2016-0,2016-10-17,PR1,49.8667,-124.5801,WSGS84,300,CA,0
PR1-10-18-2021-0,2021-10-18,PR1,49.8665,-124.5803,WSGS84,300,CA,0
PR1-10-29-2018-0,2018-10-29,PR1,49.8667,-124.58,WSGS84,300,CA,0
PR1-10-5-2015-0,2015-10-05,PR1,49.8666,-124.5801,WSGS84,300,CA,0
PR1-10-7-2022-0,2022-10-07,PR1,49.8667,-124.58,WSGS84,300,CA,0
PR1-10-9-2019-0,2019-10-09,PR1,49.8667,-124.58,WSGS84,300,CA,0
PR1-11-13-2019-0,2019-11-13,PR1,49.8667,-124.58,WSGS84,300,CA,0
PR1-12-9-2020-0,2020-12-09,PR1,49.8666,-124.5801,WSGS84,300,CA,0
PR1-12-9-2021-0,2021-12-09,PR1,49.8667,-124.58,WSGS84,300,CA,0
PR1-2-15-2015-0,2015-02-15,PR1,49.8665,-124.5803,WSGS84,300,CA,0
PR1-2-18-2016-0,2016-02-18,PR1,49.8667,-124.58,WSGS84,300,CA,0
PR1-2-24-2021-0,2021-02-24,PR1,49.8666,-124.5811,WSGS84,300,CA,0
PR1-2-24-2022-0,2022-02-24,PR1,49.8667,-124.58,WSGS84,300,CA,0
PR1-2-26-2020-0,2020-02-26,PR1,49.8666,-124.5814,WSGS84,300,CA,0
PR1-2-27-2023-0,2023-02-27,PR1,49.8667,-124.58,WSGS84,300,CA,0
PR1-3-1-2017-0,2017-03-01,PR1,49.8666,-124.5802,WSGS84,300,CA,0
PR1-3-10-2015-0,2015-03-10,PR1,49.8667,-124.58,WSGS84,300,CA,0
PR1-3-11-2021-0,2021-03-11,PR1,49.8663,-124.5808,WSGS84,300,CA,0
PR1-3-13-2015-0,2015-03-13,PR1,49.8667,-124.58,WSGS84,300,CA,0
PR1-3-13-2018-0,2018-03-13,PR1,49.8667,-124.58,WSGS84,300,CA,0
PR1-3-15-2023-0,2023-03-15,PR1,49.8667,-124.58,WSGS84,300,CA,0
PR1-3-16-2020-0,2020-03-16,PR1,49.8667,-124.5813,WSGS84,300,CA,0
PR1-3-16-2022-0,2022-03-16,PR1,49.8667,-124.58,WSGS84,300,CA,0
PR1-3-17-2019-0,2019-03-17,PR1,49.8667,-124.58,WSGS84,300,CA,0
PR1-3-18-2015-0,2015-03-18,PR1,49.8668,-124.5809,WSGS84,300,CA,0
PR1-3-18-2016-0,2016-03-18,PR1,49.8665,-124.5798,WSGS84,300,CA,0
PR1-3-20-2017-0,2017-03-20,PR1,49.8664,-124.5809,WSGS84,300,CA,0
PR1-3-22-2021-0,2021-03-22,PR1,49.8666,-124.5802,WSGS84,300,CA,0
PR1-3-24-2018-0,2018-03-24,PR1,49.8667,-124.58,WSGS84,300,CA,0
PR1-3-24-2022-0,2022-03-24,PR1,49.8667,-124.58,WSGS84,300,CA,0
PR1-3-28-2015-0,2015-03-28,PR1,49.8667,-124.5802,WSGS84,300,CA,0
PR1-3-29-2016-0,2016-03-29,PR1,49.8668,-124.5802,WSGS84,300,CA,0
PR1-3-29-2023-0,2023-03-29,PR1,49.8667,-124.58,WSGS84,300,CA,0
PR1-3-30-2019-0,2019-03-30,PR1,49.8667,-124.58,WSGS84,300,CA,0
PR1-3-5-2023-0,2023-03-05,PR1,49.8667,-124.58,WSGS84,300,CA,0
PR1-3-8-2018-0,2018-03-08,PR1,49.8667,-124.58,WSGS84,300,CA,0
PR1-3-8-2019-0,2019-03-08,PR1,49.8667,-124.58,WSGS84,300,CA,0
PR1-3-9-2017-0,2017-03-09,PR1,49.8667,-124.5801,WSGS84,300,CA,0
PR1-3-9-2020-0,2020-03-09,PR1,49.8667,-124.5813,WSGS84,300,CA,0
PR1-3-9-2022-0,2022-03-09,PR1,49.8667,-124.58,WSGS84,300,CA,0
PR1-4-1-2020-0,2020-04-01,PR1,49.8666,-124.5802,WSGS84,300,CA,0
PR1-4-10-2016-0,2016-04-10,PR1,49.8669,-124.5802,WSGS84,300,CA,0
PR1-4-10-2021-0,2021-04-10,PR1,49.8663,-124.5799,WSGS84,300,CA,0
PR1-4-13-2023-0,2023-04-13,PR1,49.8667,-124.58,WSGS84,300,CA,0
PR1-4-14-2022-0,2022-04-14,PR1,49.8667,-124.58,WSGS84,300,CA,0
PR1-4-15-2017-0,2017-04-15,PR1,49.8667,-124.58,WSGS84,300,CA,0
PR1-4-18-2016-0,2016-04-18,PR1,49.8667,-124.58,WSGS84,300,CA,0
PR1-4-18-2018-0,2018-04-18,PR1,49.8667,-124.58,WSGS84,300,CA,0
PR1-4-19-2015-0,2015-04-19,PR1,49.8665,-124.5803,WSGS84,300,CA,0
PR1-4-19-2019-0,2019-04-19,PR1,49.8667,-124.58,WSGS84,300,CA,0
PR1-4-2-2015-0,2015-04-02,PR1,49.8666,-124.5804,WSGS84,300,CA,0
PR1-4-2-2018-0,2018-04-02,PR1,49.8667,-124.58,WSGS84,300,CA,0
PR1-4-2-2023-0,2023-04-02,PR1,49.8667,-124.58,WSGS84,300,CA,0
PR1-4-20-2021-0,2021-04-20,PR1,49.8667,-124.5803,WSGS84,300,CA,0
PR1-4-22-2022-0,2022-04-22,PR1,49.8667,-124.58,WSGS84,300,CA,0
PR1-4-23-2020-0,2020-04-23,PR1,49.8666,-124.5801,WSGS84,300,CA,0
PR1-4-24-2017-0,2017-04-24,PR1,49.8667,-124.5801,WSGS84,300,CA,0
PR1-4-25-2018-0,2018-04-25,PR1,49.8667,-124.58,WSGS84,300,CA,0
PR1-4-25-2023-0,2023-04-25,PR1,49.8667,-124.58,WSGS84,300,CA,0
PR1-4-26-2016-0,2016-04-26,PR1,49.8667,-124.58,WSGS84,300,CA,0
PR1-4-29-2020-0,2020-04-29,PR1,49.8667,-124.5803,WSGS84,300,CA,0
PR1-4-6-2017-0,2017-04-06,PR1,49.8667,-124.58,WSGS84,300,CA,0
PR1-4-6-2021-0,2021-04-06,PR1,49.8669,-124.5803,WSGS84,300,CA,0
PR1-4-7-2022-0,2022-04-07,PR1,49.8667,-124.58,WSGS84,300,CA,0
PR1-4-8-2019-0,2019-04-08,PR1,49.8667,-124.58,WSGS84,300,CA,0
PR1-4-9-2015-0,2015-04-09,PR1,49.8666,-124.5802,WSGS84,300,CA,0
PR1-5-10-2017-0,2017-05-10,PR1,49.8666,-124.5802,WSGS84,300,CA,0
PR1-5-11-2021-0,2021-05-11,PR1,49.8665,-124.5802,WSGS84,300,CA,0
PR1-5-13-2022-0,2022-05-13,PR1,49.8667,-124.58,WSGS84,300,CA,0
PR1-5-14-2020-0,2020-05-14,PR1,49.8666,-124.5803,WSGS84,300,CA,0
PR1-5-16-2016-0,2016-05-16,PR1,49.8665,-124.58,WSGS84,300,CA,0
PR1-5-16-2018-0,2018-05-16,PR1,49.8667,-124.58,WSGS84,300,CA,0
PR1-5-19-2015-0,2015-05-19,PR1,49.8666,-124.58,WSGS84,300,CA,0
PR1-5-22-2017-0,2017-05-22,PR1,49.8666,-124.5801,WSGS84,300,CA,0
PR1-5-22-2022-0,2022-05-22,PR1,49.8667,-124.58,WSGS84,300,CA,0
PR1-5-24-2016-0,2016-05-24,PR1,49.8667,-124.58,WSGS84,300,CA,0
PR1-5-25-2015-0,2015-05-25,PR1,49.8664,-124.5795,WSGS84,300,CA,0
PR1-5-26-2023-0,2023-05-26,PR1,49.8667,-124.58,WSGS84,300,CA,0
PR1-5-30-2018-0,2018-05-30,PR1,49.8667,-124.58,WSGS84,300,CA,0
PR1-5-4-2017-0,2017-05-04,PR1,49.8667,-124.5801,WSGS84,300,CA,0
PR1-5-4-2023-0,2023-05-04,PR1,49.8667,-124.58,WSGS84,300,CA,0
PR1-5-7-2020-0,2020-05-07,PR1,49.8667,-124.5801,WSGS84,300,CA,0
PR1-5-8-2018-0,2018-05-08,PR1,49.8667,-124.58,WSGS84,300,CA,0
PR1-5-9-2015-0,2015-05-09,PR1,49.8664,-124.58,WSGS84,300,CA,0
PR1-5-9-2016-0,2016-05-09,PR1,49.8666,-124.5802,WSGS84,300,CA,0
PR1-6-10-2015-0,2015-06-10,PR1,49.8666,-124.58,WSGS84,300,CA,0
PR1-6-10-2021-0,2021-06-10,PR1,49.8667,-124.58,WSGS84,300,CA,0
PR1-6-13-2016-0,2016-06-13,PR1,49.8667,-124.58,WSGS84,300,CA,0
PR1-6-13-2017-0,2017-06-13,PR1,49.8667,-124.58,WSGS84,300,CA,0
PR1-6-13-2018-0,2018-06-13,PR1,49.8667,-124.58,WSGS84,300,CA,0
PR1-6-13-2022-0,2022-06-13,PR1,49.8667,-124.58,WSGS84,300,CA,0
PR1-6-15-2021-0,2021-06-15,PR1,49.8671,-124.5806,WSGS84,300,CA,0
PR1-6-15-2023-0,2023-06-15,PR1,49.8667,-124.58,WSGS84,300,CA,0
PR1-6-19-2018-0,2018-06-19,PR1,49.8667,-124.58,WSGS84,300,CA,0
PR1-6-21-2019-0,2019-06-21,PR1,49.8667,-124.58,WSGS84,300,CA,0
PR1-6-22-2017-0,2017-06-22,PR1,49.8659,-124.5806,WSGS84,300,CA,0
PR1-6-23-2023-0,2023-06-23,PR1,49.8667,-124.58,WSGS84,300,CA,0
PR1-6-26-2020-0,2020-06-26,PR1,49.8666,-124.58,WSGS84,300,CA,0
PR1-6-28-2016-0,2016-06-28,PR1,49.8665,-124.5801,WSGS84,300,CA,0
PR1-6-4-2019-0,2019-06-04,PR1,49.8667,-124.58,WSGS84,300,CA,0
PR1-6-5-2016-0,2016-06-05,PR1,49.8665,-124.5804,WSGS84,300,CA,0
PR1-6-5-2020-0,2020-06-05,PR1,49.8667,-124.58,WSGS84,300,CA,0
PR1-6-6-2017-0,2017-06-06,PR1,49.8667,-124.5807,WSGS84,300,CA,0
PR1-6-6-2018-0,2018-06-06,PR1,49.8667,-124.58,WSGS84,300,CA,0
PR1-7-1-2015-0,2015-07-01,PR1,49.8667,-124.5801,WSGS84,300,CA,0
PR1-7-11-2022-0,2022-07-11,PR1,49.8667,-124.58,WSGS84,300,CA,0
PR1-7-12-2018-0,2018-07-12,PR1,49.8667,-124.58,WSGS84,300,CA,0
PR1-7-15-2015-0,2015-07-15,PR1,49.8667,-124.5801,WSGS84,300,CA,0
PR1-7-16-2023-0,2023-07-16,PR1,49.8667,-124.58,WSGS84,300,CA,0
PR1-7-17-2017-0,2017-07-17,PR1,49.8666,-124.5802,WSGS84,300,CA,0
PR1-7-20-2016-0,2016-07-20,PR1,49.8667,-124.58,WSGS84,300,CA,0
PR1-7-22-2020-0,2020-07-22,PR1,49.8667,-124.5802,WSGS84,300,CA,0
PR1-7-22-2022-0,2022-07-22,PR1,49.8667,-124.58,WSGS84,300,CA,0
PR1-7-23-2019-0,2019-07-23,PR1,49.8667,-124.58,WSGS84,300,CA,0
PR1-7-24-2018-0,2018-07-24,PR1,49.8667,-124.58,WSGS84,300,CA,0
PR1-7-25-2016-0,2016-07-25,PR1,49.8666,-124.5801,WSGS84,300,CA,0
PR1-7-26-2023-0,2023-07-26,PR1,49.8667,-124.58,WSGS84,300,CA,0
PR1-7-29-2017-0,2017-07-29,PR1,49.8667,-124.5802,WSGS84,300,CA,0
PR1-7-4-2018-0,2018-07-04,PR1,49.8667,-124.58,WSGS84,300,CA,0
PR1-7-5-2016-0,2016-07-05,PR1,49.8666,-124.5801,WSGS84,300,CA,0
PR1-7-6-2020-0,2020-07-06,PR1,49.8662,-124.585,WSGS84,300,CA,0
PR1-7-7-2017-0,2017-07-07,PR1,49.8667,-124.5801,WSGS84,300,CA,0
PR1-7-8-2019-0,2019-07-08,PR1,49.8667,-124.58,WSGS84,300,CA,0
PR1-7-8-2021-0,2021-07-08,PR1,49.8665,-124.58,WSGS84,300,CA,0
PR1-8-11-2022-0,2022-08-11,PR1,49.8667,-124.58,WSGS84,300,CA,0
PR1-8-14-2015-0,2015-08-14,PR1,49.8665,-124.5803,WSGS84,300,CA,0
PR1-8-14-2017-0,2017-08-14,PR1,49.8667,-124.58,WSGS84,300,CA,0
PR1-8-14-2018-0,2018-08-14,PR1,49.8667,-124.58,WSGS84,300,CA,0
PR1-8-16-2023-0,2023-08-16,PR1,49.8667,-124.58,WSGS84,300,CA,0
PR1-8-18-2022-0,2022-08-18,PR1,49.8667,-124.58,WSGS84,300,CA,0
PR1-8-20-2019-0,2019-08-20,PR1,49.8667,-124.58,WSGS84,300,CA,0
PR1-8-22-2017-0,2017-08-22,PR1,49.8666,-124.58,WSGS84,300,CA,0
PR1-8-23-2016-0,2016-08-23,PR1,49.8666,-124.5802,WSGS84,300,CA,0
PR1-8-23-2018-0,2018-08-23,PR1,49.8667,-124.58,WSGS84,300,CA,0
PR1-8-23-2023-0,2023-08-23,PR1,49.8667,-124.58,WSGS84,300,CA,0
PR1-8-25-2020-0,2020-08-25,PR1,49.8666,-124.58,WSGS84,300,CA,0
PR1-8-28-2021-0,2021-08-28,PR1,49.8666,-124.5803,WSGS84,300,CA,0
PR1-8-3-2016-0,2016-08-03,PR1,49.8666,-124.5804,WSGS84,300,CA,0
PR1-8-4-2020-0,2020-08-04,PR1,49.8657,-124.5803,WSGS84,300,CA,0
PR1-8-6-2015-0,2015-08-06,PR1,49.8666,-124.5801,WSGS84,300,CA,0
PR1-8-7-2019-0,2019-08-07,PR1,49.8667,-124.58,WSGS84,300,CA,0
PR1-8-8-2017-0,2017-08-08,PR1,49.8667,-124.58,WSGS84,300,CA,0
PR1-8-8-2021-0,2021-08-08,PR1,49.8666,-124.5795,WSGS84,300,CA,0
PR1-8-9-2016-0,2016-08-09,PR1,49.8667,-124.5803,WSGS84,300,CA,0
PR1-9-10-2022-0,2022-09-10,PR1,49.8667,-124.58,WSGS84,300,CA,0
PR1-9-13-2023-0,2023-09-13,PR1,49.8667,-124.58,WSGS84,300,CA,0
PR1-9-16-2021-0,2021-09-16,PR1,49.8668,-124.5812,WSGS84,300,CA,0
PR1-9-17-2020-0,2020-09-17,PR1,49.8667,-124.58,WSGS84,300,CA,0
PR1-9-17-2022-0,2022-09-17,PR1,49.8667,-124.58,WSGS84,300,CA,0
PR1-9-19-2019-0,2019-09-19,PR1,49.8667,-124.58,WSGS84,300,CA,0
PR1-9-21-2016-0,2016-09-21,PR1,49.8666,-124.5814,WSGS84,300,CA,0
PR1-9-22-2023-0,2023-09-22,PR1,49.8667,-124.58,WSGS84,300,CA,0
PR1-9-24-2018-0,2018-09-24,PR1,49.8667,-124.58,WSGS84,300,CA,0
PR1-9-24-2021-0,2021-09-24,PR1,49.8666,-124.5803,WSGS84,300,CA,0
PR1-9-26-2017-0,2017-09-26,PR1,49.8667,-124.58,WSGS84,300,CA,0
PR1-9-26-2020-0,2020-09-26,PR1,49.8666,-124.5801,WSGS84,300,CA,0
PR1-9-4-2019-0,2019-09-04,PR1,49.8667,-124.58,WSGS84,300,CA,0
PR1-9-5-2018-0,2018-09-05,PR1,49.8667,-124.58,WSGS84,300,CA,0
PR1-9-6-2017-0,2017-09-06,PR1,49.8666,-124.5799,WSGS84,300,CA,0
PR1-9-7-2016-0,2016-09-07,PR1,49.8667,-124.58,WSGS84,300,CA,0
PR10-1-13-2021-0,2021-01-13,PR10,49.9017,-124.6433,WSGS84,300,CA,0
PR10-1-15-2022-0,2022-01-15,PR10,49.9017,-124.6433,WSGS84,300,CA,0
PR10-1-24-2019-0,2019-01-24,PR10,49.9017,-124.6433,WSGS84,300,CA,0
PR10-10-1-2020-0,2020-10-01,PR10,49.9017,-124.6434,WSGS84,300,CA,0
PR10-10-10-2018-0,2018-10-10,PR10,49.9017,-124.6433,WSGS84,300,CA,0
PR10-10-13-2023-0,2023-10-13,PR10,49.9017,-124.6433,WSGS84,300,CA,0
PR10-10-15-2017-0,2017-10-15,PR10,49.9017,-124.6434,WSGS84,300,CA,0
PR10-10-17-2016-0,2016-10-17,PR10,49.9017,-124.6434,WSGS84,300,CA,0
PR10-10-18-2021-0,2021-10-18,PR10,49.9016,-124.6436,WSGS84,300,CA,0
PR10-10-29-2018-0,2018-10-29,PR10,49.9017,-124.6433,WSGS84,300,CA,0
PR10-10-5-2015-0,2015-10-05,PR10,49.9017,-124.6433,WSGS84,300,CA,0
PR10-10-7-2022-0,2022-10-07,PR10,49.9017,-124.6433,WSGS84,300,CA,0
PR10-10-9-2019-0,2019-10-09,PR10,49.9017,-124.6433,WSGS84,300,CA,0
PR10-11-13-2019-0,2019-11-13,PR10,49.9017,-124.6433,WSGS84,300,CA,0
PR10-12-9-2020-0,2020-12-09,PR10,49.9016,-124.6434,WSGS84,300,CA,0
PR10-12-9-2021-0,2021-12-09,PR10,49.9017,-124.6433,WSGS84,300,CA,0
PR10-2-15-2015-0,2015-02-15,PR10,49.9017,-124.6435,WSGS84,300,CA,0
PR10-2-18-2016-0,2016-02-18,PR10,49.9017,-124.6433,WSGS84,300,CA,0
PR10-2-24-2021-0,2021-02-24,PR10,49.9017,-124.6436,WSGS84,300,CA,0
PR10-2-24-2022-0,2022-02-24,PR10,49.9017,-124.6433,WSGS84,300,CA,0
PR10-2-26-2020-0,2020-02-26,PR10,49.9015,-124.6437,WSGS84,300,CA,0
PR10-2-27-2023-0,2023-02-27,PR10,49.9017,-124.6433,WSGS84,300,CA,0
PR10-3-1-2017-0,2017-03-01,PR10,49.9019,-124.6432,WSGS84,300,CA,0
PR10-3-10-2015-0,2015-03-10,PR10,49.9017,-124.6433,WSGS84,300,CA,0
PR10-3-11-2021-0,2021-03-11,PR10,49.9017,-124.6432,WSGS84,300,CA,0
PR10-3-13-2015-0,2015-03-13,PR10,49.9016,-124.643,WSGS84,300,CA,0
PR10-3-13-2018-0,2018-03-13,PR10,49.9017,-124.6433,WSGS84,300,CA,0
PR10-3-15-2023-0,2023-03-15,PR10,49.9017,-124.6433,WSGS84,300,CA,0
PR10-3-16-2020-0,2020-03-16,PR10,49.9017,-124.6433,WSGS84,300,CA,0
PR10-3-16-2022-0,2022-03-16,PR10,49.9017,-124.6433,WSGS84,300,CA,0
PR10-3-17-2019-0,2019-03-17,PR10,49.9017,-124.6433,WSGS84,300,CA,0
PR10-3-18-2015-0,2015-03-18,PR10,49.9013,-124.6438,WSGS84,300,CA,0
PR10-3-18-2016-0,2016-03-18,PR10,49.9017,-124.6433,WSGS84,300,CA,0
PR10-3-20-2017-0,2017-03-20,PR10,49.9016,-124.6437,WSGS84,300,CA,0
PR10-3-22-2021-0,2021-03-22,PR10,49.9016,-124.6435,WSGS84,300,CA,0
PR10-3-24-2018-0,2018-03-24,PR10,49.9017,-124.6433,WSGS84,300,CA,0
PR10-3-24-2022-0,2022-03-24,PR10,49.9017,-124.6433,WSGS84,300,CA,0
PR10-3-28-2015-0,2015-03-28,PR10,49.9016,-124.6433,WSGS84,300,CA,0
PR10-3-29-2016-0,2016-03-29,PR10,49.9017,-124.6433,WSGS84,300,CA,0
PR10-3-29-2023-0,2023-03-29,PR10,49.9017,-124.6433,WSGS84,300,CA,0
PR10-3-30-2019-0,2019-03-30,PR10,49.9017,-124.6433,WSGS84,300,CA,0
PR10-3-30-2021-0,2021-03-30,PR10,49.9018,-124.6434,WSGS84,300,CA,0
PR10-3-5-2023-0,2023-03-05,PR10,49.9017,-124.6433,WSGS84,300,CA,0
PR10-3-8-2018-0,2018-03-08,PR10,49.9017,-124.6433,WSGS84,300,CA,0
PR10-3-8-2019-0,2019-03-08,PR10,49.9017,-124.6433,WSGS84,300,CA,0
PR10-3-9-2017-0,2017-03-09,PR10,49.9016,-124.6435,WSGS84,300,CA,0
PR10-3-9-2020-0,2020-03-09,PR10,49.9017,-124.6433,WSGS84,300,CA,0
PR10-3-9-2022-0,2022-03-09,PR10,49.9017,-124.6433,WSGS84,300,CA,0
PR10-4-1-2020-0,2020-04-01,PR10,49.9017,-124.6433,WSGS84,300,CA,0
PR10-4-10-2016-0,2016-04-10,PR10,49.9018,-124.6435,WSGS84,300,CA,0
PR10-4-10-2021-0,2021-04-10,PR10,49.9014,-124.6438,WSGS84,300,CA,0
PR10-4-13-2023-0,2023-04-13,PR10,49.9017,-124.6433,WSGS84,300,CA,0
PR10-4-14-2022-0,2022-04-14,PR10,49.9017,-124.6433,WSGS84,300,CA,0
PR10-4-15-2017-0,2017-04-15,PR10,49.9017,-124.6433,WSGS84,300,CA,0
PR10-4-18-2016-0,2016-04-18,PR10,49.9017,-124.6434,WSGS84,300,CA,0
PR10-4-18-2018-0,2018-04-18,PR10,49.9017,-124.6433,WSGS84,300,CA,0
PR10-4-19-2015-0,2015-04-19,PR10,49.9016,-124.6432,WSGS84,300,CA,0
PR10-4-19-2019-0,2019-04-19,PR10,49.9017,-124.6433,WSGS84,300,CA,0
PR10-4-2-2015-0,2015-04-02,PR10,49.9017,-124.6433,WSGS84,300,CA,0
PR10-4-2-2018-0,2018-04-02,PR10,49.9017,-124.6433,WSGS84,300,CA,0
PR10-4-2-2023-0,2023-04-02,PR10,49.9017,-124.6433,WSGS84,300,CA,0
PR10-4-20-2021-0,2021-04-20,PR10,49.9015,-124.6435,WSGS84,300,CA,0
PR10-4-22-2022-0,2022-04-22,PR10,49.9017,-124.6433,WSGS84,300,CA,0
PR10-4-23-2020-0,2020-04-23,PR10,49.9019,-124.6435,WSGS84,300,CA,0
PR10-4-24-2017-0,2017-04-24,PR10,49.9016,-124.6433,WSGS84,300,CA,0
PR10-4-25-2018-0,2018-04-25,PR10,49.9017,-124.6433,WSGS84,300,CA,0
PR10-4-25-2023-0,2023-04-25,PR10,49.9017,-124.6433,WSGS84,300,CA,0
PR10-4-26-2016-0,2016-04-26,PR10,49.9018,-124.6435,WSGS84,300,CA,0
PR10-4-29-2020-0,2020-04-29,PR10,49.9019,-124.6433,WSGS84,300,CA,0
PR10-4-6-2017-0,2017-04-06,PR10,49.9017,-124.6433,WSGS84,300,CA,0
PR10-4-6-2021-0,2021-04-06,PR10,49.9022,-124.6436,WSGS84,300,CA,0
PR10-4-7-2022-0,2022-04-07,PR10,49.9017,-124.6433,WSGS84,300,CA,0
PR10-4-8-2019-0,2019-04-08,PR10,49.9017,-124.6433,WSGS84,300,CA,0
PR10-4-9-2015-0,2015-04-09,PR10,49.9017,-124.6435,WSGS84,300,CA,0
PR10-5-10-2017-0,2017-05-10,PR10,49.9017,-124.6433,WSGS84,300,CA,0
PR10-5-11-2021-0,2021-05-11,PR10,49.902,-124.6432,WSGS84,300,CA,0
PR10-5-13-2022-0,2022-05-13,PR10,49.9017,-124.6433,WSGS84,300,CA,0
PR10-5-14-2020-0,2020-05-14,PR10,49.9018,-124.6435,WSGS84,300,CA,0
PR10-5-16-2016-0,2016-05-16,PR10,49.9018,-124.6432,WSGS84,300,CA,0
PR10-5-16-2018-0,2018-05-16,PR10,49.9017,-124.6433,WSGS84,300,CA,0
PR10-5-19-2015-0,2015-05-19,PR10,49.9017,-124.6435,WSGS84,300,CA,0
PR10-5-22-2017-0,2017-05-22,PR10,49.9017,-124.6434,WSGS84,300,CA,0
PR10-5-22-2022-0,2022-05-22,PR10,49.9017,-124.6433,WSGS84,300,CA,0
PR10-5-24-2016-0,2016-05-24,PR10,49.9016,-124.6432,WSGS84,300,CA,0
PR10-5-25-2015-0,2015-05-25,PR10,49.902,-124.6437,WSGS84,300,CA,0
PR10-5-26-2023-0,2023-05-26,PR10,49.9017,-124.6433,WSGS84,300,CA,0
PR10-5-30-2018-0,2018-05-30,PR10,49.9017,-124.6433,WSGS84,300,CA,0
PR10-5-4-2017-0,2017-05-04,PR10,49.9016,-124.6434,WSGS84,300,CA,0
PR10-5-4-2023-0,2023-05-04,PR10,49.9017,-124.6433,WSGS84,300,CA,0
PR10-5-7-2020-0,2020-05-07,PR10,49.9017,-124.6431,WSGS84,300,CA,0
PR10-5-8-2018-0,2018-05-08,PR10,49.9017,-124.6433,WSGS84,300,CA,0
PR10-5-9-2016-0,2016-05-09,PR10,49.9017,-124.6432,WSGS84,300,CA,0
PR10-6-10-2015-0,2015-06-10,PR10,49.9016,-124.6435,WSGS84,300,CA,0
PR10-6-10-2021-0,2021-06-10,PR10,49.9017,-124.6433,WSGS84,300,CA,0
PR10-6-13-2016-0,2016-06-13,PR10,49.9017,-124.6433,WSGS84,300,CA,0
PR10-6-13-2017-0,2017-06-13,PR10,49.9017,-124.6433,WSGS84,300,CA,0
PR10-6-13-2018-0,2018-06-13,PR10,49.9017,-124.6433,WSGS84,300,CA,0
PR10-6-13-2022-0,2022-06-13,PR10,49.9017,-124.6433,WSGS84,300,CA,0
PR10-6-15-2021-0,2021-06-15,PR10,49.9019,-124.6439,WSGS84,300,CA,0
PR10-6-15-2023-0,2023-06-15,PR10,49.9017,-124.6433,WSGS84,300,CA,0
PR10-6-19-2018-0,2018-06-19,PR10,49.9017,-124.6433,WSGS84,300,CA,0
PR10-6-21-2019-0,2019-06-21,PR10,49.9017,-124.6433,WSGS84,300,CA,0
PR10-6-22-2017-0,2017-06-22,PR10,49.9017,-124.643,WSGS84,300,CA,0
PR10-6-23-2023-0,2023-06-23,PR10,49.9017,-124.6433,WSGS84,300,CA,0
PR10-6-26-2020-0,2020-06-26,PR10,49.9017,-124.6433,WSGS84,300,CA,0
PR10-6-28-2016-0,2016-06-28,PR10,49.9018,-124.6432,WSGS84,300,CA,0
PR10-6-4-2019-0,2019-06-04,PR10,49.9017,-124.6433,WSGS84,300,CA,0
PR10-6-5-2016-0,2016-06-05,PR10,49.9017,-124.6433,WSGS84,300,CA,0
PR10-6-5-2020-0,2020-06-05,PR10,49.9017,-124.6433,WSGS84,300,CA,0
PR10-6-6-2017-0,2017-06-06,PR10,49.9017,-124.6433,WSGS84,300,CA,0
PR10-6-6-2018-0,2018-06-06,PR10,49.9017,-124.6433,WSGS84,300,CA,0
PR10-7-1-2015-0,2015-07-01,PR10,49.9016,-124.6431,WSGS84,300,CA,0
PR10-7-11-2022-0,2022-07-11,PR10,49.9017,-124.6433,WSGS84,300,CA,0
PR10-7-12-2018-0,2018-07-12,PR10,49.9017,-124.6433,WSGS84,300,CA,0
PR10-7-15-2015-0,2015-07-15,PR10,49.9015,-124.6431,WSGS84,300,CA,0
PR10-7-16-2023-0,2023-07-16,PR10,49.9017,-124.6433,WSGS84,300,CA,0
PR10-7-17-2017-0,2017-07-17,PR10,49.902,-124.643,WSGS84,300,CA,0
PR10-7-20-2016-0,2016-07-20,PR10,49.9017,-124.6433,WSGS84,300,CA,0
PR10-7-22-2020-0,2020-07-22,PR10,49.9017,-124.6433,WSGS84,300,CA,0
PR10-7-22-2022-0,2022-07-22,PR10,49.9017,-124.6433,WSGS84,300,CA,0
PR10-7-23-2019-0,2019-07-23,PR10,49.9017,-124.6433,WSGS84,300,CA,0
PR10-7-24-2018-0,2018-07-24,PR10,49.9017,-124.6433,WSGS84,300,CA,0
PR10-7-25-2016-0,2016-07-25,PR10,49.9017,-124.6433,WSGS84,300,CA,0
PR10-7-26-2023-0,2023-07-26,PR10,49.9017,-124.6433,WSGS84,300,CA,0
PR10-7-29-2017-0,2017-07-29,PR10,49.9019,-124.6433,WSGS84,300,CA,0
PR10-7-4-2018-0,2018-07-04,PR10,49.9017,-124.6433,WSGS84,300,CA,0
PR10-7-5-2016-0,2016-07-05,PR10,49.9017,-124.6431,WSGS84,300,CA,0
PR10-7-6-2020-0,2020-07-06,PR10,49.9017,-124.6434,WSGS84,300,CA,0
PR10-7-7-2017-0,2017-07-07,PR10,49.9017,-124.6433,WSGS84,300,CA,0
PR10-7-8-2019-0,2019-07-08,PR10,49.9017,-124.6433,WSGS84,300,CA,0
PR10-7-8-2021-0,2021-07-08,PR10,49.9016,-124.6435,WSGS84,300,CA,0
PR10-8-11-2022-0,2022-08-11,PR10,49.9017,-124.6433,WSGS84,300,CA,0
PR10-8-14-2015-0,2015-08-14,PR10,49.9016,-124.6433,WSGS84,300,CA,0
PR10-8-14-2017-0,2017-08-14,PR10,49.9016,-124.6434,WSGS84,300,CA,0
PR10-8-14-2018-0,2018-08-14,PR10,49.9017,-124.6433,WSGS84,300,CA,0
PR10-8-16-2023-0,2023-08-16,PR10,49.9017,-124.6433,WSGS84,300,CA,0
PR10-8-18-2022-0,2022-08-18,PR10,49.9017,-124.6433,WSGS84,300,CA,0
PR10-8-20-2019-0,2019-08-20,PR10,49.9017,-124.6433,WSGS84,300,CA,0
PR10-8-22-2017-0,2017-08-22,PR10,49.9017,-124.6435,WSGS84,300,CA,0
PR10-8-23-2016-0,2016-08-23,PR10,49.9017,-124.6433,WSGS84,300,CA,0
PR10-8-23-2018-0,2018-08-23,PR10,49.9017,-124.6433,WSGS84,300,CA,0
PR10-8-23-2023-0,2023-08-23,PR10,49.9017,-124.6433,WSGS84,300,CA,0
PR10-8-25-2020-0,2020-08-25,PR10,49.9016,-124.6434,WSGS84,300,CA,0
PR10-8-28-2021-0,2021-08-28,PR10,49.9018,-124.6435,WSGS84,300,CA,0
PR10-8-3-2016-0,2016-08-03,PR10,49.9017,-124.6433,WSGS84,300,CA,0
PR10-8-4-2020-0,2020-08-04,PR10,49.9018,-124.6434,WSGS84,300,CA,0
PR10-8-6-2015-0,2015-08-06,PR10,49.9019,-124.6436,WSGS84,300,CA,0
PR10-8-7-2019-0,2019-08-07,PR10,49.9017,-124.6433,WSGS84,300,CA,0
PR10-8-8-2017-0,2017-08-08,PR10,49.9017,-124.6433,WSGS84,300,CA,0
PR10-8-8-2021-0,2021-08-08,PR10,49.9017,-124.6434,WSGS84,300,CA,0
PR10-8-9-2016-0,2016-08-09,PR10,49.9016,-124.6433,WSGS84,300,CA,0
PR10-9-10-2022-0,2022-09-10,PR10,49.9017,-124.6433,WSGS84,300,CA,0
PR10-9-13-2023-0,2023-09-13,PR10,49.9017,-124.6433,WSGS84,300,CA,0
PR10-9-14-2015-0,2015-09-14,PR10,49.9016,-124.6431,WSGS84,300,CA,0
PR10-9-16-2021-0,2021-09-16,PR10,49.9018,-124.6435,WSGS84,300,CA,0
PR10-9-17-2020-0,2020-09-17,PR10,49.9017,-124.6434,WSGS84,300,CA,0
PR10-9-17-2022-0,2022-09-17,PR10,49.9017,-124.6433,WSGS84,300,CA,0
PR10-9-19-2019-0,2019-09-19,PR10,49.9017,-124.6433,WSGS84,300,CA,0
PR10-9-21-2016-0,2016-09-21,PR10,49.9017,-124.6433,WSGS84,300,CA,0
PR10-9-22-2023-0,2023-09-22,PR10,49.9017,-124.6433,WSGS84,300,CA,0
PR10-9-24-2018-0,2018-09-24,PR10,49.9017,-124.6433,WSGS84,300,CA,0
PR10-9-24-2021-0,2021-09-24,PR10,49.9017,-124.6435,WSGS84,300,CA,0
PR10-9-26-2017-0,2017-09-26,PR10,49.9017,-124.6433,WSGS84,300,CA,0
PR10-9-26-2020-0,2020-09-26,PR10,49.9017,-124.6434,WSGS84,300,CA,0
PR10-9-4-2019-0,2019-09-04,PR10,49.9017,-124.6433,WSGS84,300,CA,0
PR10-9-5-2018-0,2018-09-05,PR10,49.9017,-124.6433,WSGS84,300,CA,0
PR10-9-6-2017-0,2017-09-06,PR10,49.9017,-124.6435,WSGS84,300,CA,0
PR10-9-7-2016-0,2016-09-07,PR10,49.9017,-124.6436,WSGS84,300,CA,0
PR2-1-13-2021-0,2021-01-13,PR2,49.8033,-124.7267,WSGS84,300,CA,0
PR2-1-15-2022-0,2022-01-15,PR2,49.8033,-124.7267,WSGS84,300,CA,0
PR2-1-24-2019-0,2019-01-24,PR2,49.8033,-124.7267,WSGS84,300,CA,0
PR2-10-1-2020-0,2020-10-01,PR2,49.8033,-124.7267,WSGS84,300,CA,0
PR2-10-10-2018-0,2018-10-10,PR2,49.8033,-124.7267,WSGS84,300,CA,0
PR2-10-13-2023-0,2023-10-13,PR2,49.8033,-124.7267,WSGS84,300,CA,0
PR2-10-15-2017-0,2017-10-15,PR2,49.8034,-124.7265,WSGS84,300,CA,0
PR2-10-17-2016-0,2016-10-17,PR2,49.8033,-124.7267,WSGS84,300,CA,0
PR2-10-18-2021-0,2021-10-18,PR2,49.8033,-124.7265,WSGS84,300,CA,0
PR2-10-29-2018-0,2018-10-29,PR2,49.8033,-124.7267,WSGS84,300,CA,0
PR2-10-5-2015-0,2015-10-05,PR2,49.8035,-124.7263,WSGS84,300,CA,0
PR2-10-7-2022-0,2022-10-07,PR2,49.8033,-124.7267,WSGS84,300,CA,0
PR2-10-9-2019-0,2019-10-09,PR2,49.8033,-124.7267,WSGS84,300,CA,0
PR2-11-13-2019-0,2019-11-13,PR2,49.8033,-124.7267,WSGS84,300,CA,0
PR2-12-9-2020-0,2020-12-09,PR2,49.8034,-124.7267,WSGS84,300,CA,0
PR2-12-9-2021-0,2021-12-09,PR2,49.8033,-124.7267,WSGS84,300,CA,0
PR2-2-15-2015-0,2015-02-15,PR2,49.8035,-124.7267,WSGS84,300,CA,0
PR2-2-20-2016-0,2016-02-20,PR2,49.8033,-124.7267,WSGS84,300,CA,0
PR2-2-24-2021-0,2021-02-24,PR2,49.8036,-124.7272,WSGS84,300,CA,0
PR2-2-24-2022-0,2022-02-24,PR2,49.8033,-124.7267,WSGS84,300,CA,0
PR2-2-26-2020-0,2020-02-26,PR2,49.7997,-124.7265,WSGS84,300,CA,0
PR2-2-27-2023-0,2023-02-27,PR2,49.8033,-124.7267,WSGS84,300,CA,0
PR2-3-1-2017-0,2017-03-01,PR2,49.8034,-124.7267,WSGS84,300,CA,0
PR2-3-10-2015-0,2015-03-10,PR2,49.8032,-124.7264,WSGS84,300,CA,0
PR2-3-11-2021-0,2021-03-11,PR2,49.8033,-124.7266,WSGS84,300,CA,0
PR2-3-13-2018-0,2018-03-13,PR2,49.8033,-124.7267,WSGS84,300,CA,0
PR2-3-15-2023-0,2023-03-15,PR2,49.8033,-124.7267,WSGS84,300,CA,0
PR2-3-16-2020-0,2020-03-16,PR2,49.8033,-124.7267,WSGS84,300,CA,0
PR2-3-17-2019-0,2019-03-17,PR2,49.8033,-124.7267,WSGS84,300,CA,0
PR2-3-18-2015-0,2015-03-18,PR2,49.8034,-124.7267,WSGS84,300,CA,0
PR2-3-18-2016-0,2016-03-18,PR2,49.8033,-124.7267,WSGS84,300,CA,0
PR2-3-20-2017-0,2017-03-20,PR2,49.7996,-124.7266,WSGS84,300,CA,0
PR2-3-22-2021-0,2021-03-22,PR2,49.8033,-124.7265,WSGS84,300,CA,0
PR2-3-24-2018-0,2018-03-24,PR2,49.8033,-124.7267,WSGS84,300,CA,0
PR2-3-24-2022-0,2022-03-24,PR2,49.8033,-124.7267,WSGS84,300,CA,0
PR2-3-28-2015-0,2015-03-28,PR2,49.8037,-124.7269,WSGS84,300,CA,0
PR2-3-29-2016-0,2016-03-29,PR2,49.8001,-124.7264,WSGS84,300,CA,0
PR2-3-29-2023-0,2023-03-29,PR2,49.8033,-124.7267,WSGS84,300,CA,0
PR2-3-30-2019-0,2019-03-30,PR2,49.8033,-124.7267,WSGS84,300,CA,0
PR2-3-5-2023-0,2023-03-05,PR2,49.8033,-124.7267,WSGS84,300,CA,0
PR2-3-8-2018-0,2018-03-08,PR2,49.8033,-124.7267,WSGS84,300,CA,0
PR2-3-8-2019-0,2019-03-08,PR2,49.8033,-124.7267,WSGS84,300,CA,0
PR2-3-9-2017-0,2017-03-09,PR2,49.8033,-124.7266,WSGS84,300,CA,0
PR2-3-9-2020-0,2020-03-09,PR2,49.8033,-124.7267,WSGS84,300,CA,0
PR2-3-9-2022-0,2022-03-09,PR2,49.8033,-124.7267,WSGS84,300,CA,0
PR2-4-1-2020-0,2020-04-01,PR2,49.8035,-124.727,WSGS84,300,CA,0
PR2-4-10-2016-0,2016-04-10,PR2,49.8033,-124.7268,WSGS84,300,CA,0
PR2-4-13-2023-0,2023-04-13,PR2,49.8033,-124.7267,WSGS84,300,CA,0
PR2-4-14-2022-0,2022-04-14,PR2,49.8033,-124.7267,WSGS84,300,CA,0
PR2-4-15-2017-0,2017-04-15,PR2,49.8,-124.7266,WSGS84,300,CA,0
PR2-4-18-2016-0,2016-04-18,PR2,49.8033,-124.7266,WSGS84,300,CA,0
PR2-4-18-2018-0,2018-04-18,PR2,49.8033,-124.7267,WSGS84,300,CA,0
PR2-4-19-2015-0,2015-04-19,PR2,49.8029,-124.7264,WSGS84,300,CA,0
PR2-4-19-2019-0,2019-04-19,PR2,49.8033,-124.7267,WSGS84,300,CA,0
PR2-4-2-2015-0,2015-04-02,PR2,49.8034,-124.7268,WSGS84,300,CA,0
PR2-4-2-2018-0,2018-04-02,PR2,49.8033,-124.7267,WSGS84,300,CA,0
PR2-4-2-2023-0,2023-04-02,PR2,49.8033,-124.7267,WSGS84,300,CA,0
PR2-4-20-2021-0,2021-04-20,PR2,49.8033,-124.7267,WSGS84,300,CA,0
PR2-4-22-2022-0,2022-04-22,PR2,49.8033,-124.7267,WSGS84,300,CA,0
PR2-4-23-2020-0,2020-04-23,PR2,49.8035,-124.7267,WSGS84,300,CA,0
PR2-4-24-2017-0,2017-04-24,PR2,49.7999,-124.7267,WSGS84,300,CA,0
PR2-4-25-2018-0,2018-04-25,PR2,49.8033,-124.7267,WSGS84,300,CA,0
PR2-4-25-2023-0,2023-04-25,PR2,49.8033,-124.7267,WSGS84,300,CA,0
PR2-4-26-2016-0,2016-04-26,PR2,49.8,-124.7265,WSGS84,300,CA,0
PR2-4-29-2020-0,2020-04-29,PR2,49.8033,-124.7271,WSGS84,300,CA,0
PR2-4-6-2017-0,2017-04-06,PR2,49.8033,-124.7267,WSGS84,300,CA,0
PR2-4-6-2021-0,2021-04-06,PR2,49.8033,-124.7267,WSGS84,300,CA,0
PR2-4-7-2022-0,2022-04-07,PR2,49.8033,-124.7267,WSGS84,300,CA,0
PR2-4-8-2019-0,2019-04-08,PR2,49.8033,-124.7267,WSGS84,300,CA,0
PR2-4-9-2015-0,2015-04-09,PR2,49.8034,-124.7265,WSGS84,300,CA,0
PR2-5-10-2017-0,2017-05-10,PR2,49.8033,-124.7267,WSGS84,300,CA,0
PR2-5-11-2021-0,2021-05-11,PR2,49.8034,-124.7267,WSGS84,300,CA,0
PR2-5-13-2022-0,2022-05-13,PR2,49.8033,-124.7267,WSGS84,300,CA,0
PR2-5-14-2020-0,2020-05-14,PR2,49.8034,-124.7266,WSGS84,300,CA,0
PR2-5-16-2016-0,2016-05-16,PR2,49.8034,-124.7267,WSGS84,300,CA,0
PR2-5-16-2018-0,2018-05-16,PR2,49.8033,-124.7267,WSGS84,300,CA,0
PR2-5-19-2015-0,2015-05-19,PR2,49.8033,-124.7267,WSGS84,300,CA,0
PR2-5-22-2017-0,2017-05-22,PR2,49.8001,-124.7266,WSGS84,300,CA,0
PR2-5-22-2022-0,2022-05-22,PR2,49.8033,-124.7267,WSGS84,300,CA,0
PR2-5-24-2016-0,2016-05-24,PR2,49.8,-124.7268,WSGS84,300,CA,0
PR2-5-26-2023-0,2023-05-26,PR2,49.8033,-124.7267,WSGS84,300,CA,0
PR2-5-30-2018-0,2018-05-30,PR2,49.8033,-124.7267,WSGS84,300,CA,0
PR2-5-4-2017-0,2017-05-04,PR2,49.8034,-124.7266,WSGS84,300,CA,0
PR2-5-4-2023-0,2023-05-04,PR2,49.8033,-124.7267,WSGS84,300,CA,0
PR2-5-7-2020-0,2020-05-07,PR2,49.8033,-124.7267,WSGS84,300,CA,0
PR2-5-8-2018-0,2018-05-08,PR2,49.8033,-124.7267,WSGS84,300,CA,0
PR2-5-9-2015-0,2015-05-09,PR2,49.8032,-124.7267,WSGS84,300,CA,0
PR2-5-9-2016-0,2016-05-09,PR2,49.8,-124.7266,WSGS84,300,CA,0
PR2-6-10-2015-0,2015-06-10,PR2,49.8033,-124.7267,WSGS84,300,CA,0
PR2-6-10-2021-0,2021-06-10,PR2,49.8033,-124.7267,WSGS84,300,CA,0
PR2-6-13-2016-0,2016-06-13,PR2,49.7999,-124.727,WSGS84,300,CA,0
PR2-6-13-2017-0,2017-06-13,PR2,49.8034,-124.7266,WSGS84,300,CA,0
PR2-6-13-2018-0,2018-06-13,PR2,49.8033,-124.7267,WSGS84,300,CA,0
PR2-6-13-2022-0,2022-06-13,PR2,49.8033,-124.7267,WSGS84,300,CA,0
PR2-6-15-2021-0,2021-06-15,PR2,49.8043,-124.7271,WSGS84,300,CA,0
PR2-6-15-2023-0,2023-06-15,PR2,49.8033,-124.7267,WSGS84,300,CA,0
PR2-6-19-2018-0,2018-06-19,PR2,49.8033,-124.7267,WSGS84,300,CA,0
PR2-6-21-2019-0,2019-06-21,PR2,49.8033,-124.7267,WSGS84,300,CA,0
PR2-6-22-2017-0,2017-06-22,PR2,49.8034,-124.7266,WSGS84,300,CA,0
PR2-6-23-2023-0,2023-06-23,PR2,49.8033,-124.7267,WSGS84,300,CA,0
PR2-6-26-2020-0,2020-06-26,PR2,49.8033,-124.56,WSGS84,300,CA,0
PR2-6-28-2016-0,2016-06-28,PR2,49.8,-124.7264,WSGS84,300,CA,0
PR2-6-4-2019-0,2019-06-04,PR2,49.8033,-124.7267,WSGS84,300,CA,0
PR2-6-5-2016-0,2016-06-05,PR2,49.8031,-124.7263,WSGS84,300,CA,0
PR2-6-5-2020-0,2020-06-05,PR2,49.8032,-124.7267,WSGS84,300,CA,0
PR2-6-6-2017-0,2017-06-06,PR2,49.8034,-124.7267,WSGS84,300,CA,0
PR2-6-6-2018-0,2018-06-06,PR2,49.8033,-124.7267,WSGS84,300,CA,0
PR2-7-1-2015-0,2015-07-01,PR2,49.8033,-124.7267,WSGS84,300,CA,0
PR2-7-11-2022-0,2022-07-11,PR2,49.8033,-124.7267,WSGS84,300,CA,0
PR2-7-12-2018-0,2018-07-12,PR2,49.8033,-124.7267,WSGS84,300,CA,0
PR2-7-15-2015-0,2015-07-15,PR2,49.8033,-124.7267,WSGS84,300,CA,0
PR2-7-16-2023-0,2023-07-16,PR2,49.8033,-124.7267,WSGS84,300,CA,0
PR2-7-17-2017-0,2017-07-17,PR2,49.8031,-124.7266,WSGS84,300,CA,0
PR2-7-20-2016-0,2016-07-20,PR2,49.8033,-124.7267,WSGS84,300,CA,0
PR2-7-22-2020-0,2020-07-22,PR2,49.8033,-124.7267,WSGS84,300,CA,0
PR2-7-22-2022-0,2022-07-22,PR2,49.8033,-124.7267,WSGS84,300,CA,0
PR2-7-23-2019-0,2019-07-23,PR2,49.8033,-124.7267,WSGS84,300,CA,0
PR2-7-24-2018-0,2018-07-24,PR2,49.8033,-124.7267,WSGS84,300,CA,0
PR2-7-25-2016-0,2016-07-25,PR2,49.8033,-124.7268,WSGS84,300,CA,0
PR2-7-26-2023-0,2023-07-26,PR2,49.8033,-124.7267,WSGS84,300,CA,0
PR2-7-29-2017-0,2017-07-29,PR2,49.8,-124.7266,WSGS84,300,CA,0
PR2-7-4-2018-0,2018-07-04,PR2,49.8033,-124.7267,WSGS84,300,CA,0
PR2-7-5-2016-0,2016-07-05,PR2,49.8033,-124.7267,WSGS84,300,CA,0
PR2-7-6-2020-0,2020-07-06,PR2,49.8033,-124.7267,WSGS84,300,CA,0
PR2-7-7-2017-0,2017-07-07,PR2,49.8002,-124.7264,WSGS84,300,CA,0
PR2-7-8-2019-0,2019-07-08,PR2,49.8033,-124.7267,WSGS84,300,CA,0
PR2-7-8-2021-0,2021-07-08,PR2,49.8033,-124.727,WSGS84,300,CA,0
PR2-8-11-2022-0,2022-08-11,PR2,49.8033,-124.7267,WSGS84,300,CA,0
PR2-8-14-2015-0,2015-08-14,PR2,49.8034,-124.7267,WSGS84,300,CA,0
PR2-8-14-2017-0,2017-08-14,PR2,49.8033,-124.7267,WSGS84,300,CA,0
PR2-8-14-2018-0,2018-08-14,PR2,49.8033,-124.7267,WSGS84,300,CA,0
PR2-8-16-2023-0,2023-08-16,PR2,49.8033,-124.7267,WSGS84,300,CA,0
PR2-8-18-2022-0,2022-08-18,PR2,49.8033,-124.7267,WSGS84,300,CA,0
PR2-8-20-2019-0,2019-08-20,PR2,49.8033,-124.7267,WSGS84,300,CA,0
PR2-8-22-2017-0,2017-08-22,PR2,49.8,-124.7268,WSGS84,300,CA,0
PR2-8-23-2016-0,2016-08-23,PR2,49.8,-124.7268,WSGS84,300,CA,0
PR2-8-23-2018-0,2018-08-23,PR2,49.8033,-124.7267,WSGS84,300,CA,0
PR2-8-25-2020-0,2020-08-25,PR2,49.8033,-124.7267,WSGS84,300,CA,0
PR2-8-28-2021-0,2021-08-28,PR2,49.8035,-124.727,WSGS84,300,CA,0
PR2-8-3-2016-0,2016-08-03,PR2,49.8036,-124.7264,WSGS84,300,CA,0
PR2-8-4-2020-0,2020-08-04,PR2,49.8033,-124.7267,WSGS84,300,CA,0
PR2-8-6-2015-0,2015-08-06,PR2,49.8002,-124.7267,WSGS84,300,CA,0
PR2-8-7-2019-0,2019-08-07,PR2,49.8033,-124.7267,WSGS84,300,CA,0
PR2-8-8-2017-0,2017-08-08,PR2,49.8033,-124.7267,WSGS84,300,CA,0
PR2-8-8-2021-0,2021-08-08,PR2,49.8032,-124.7267,WSGS84,300,CA,0
PR2-8-9-2016-0,2016-08-09,PR2,49.8033,-124.7267,WSGS84,300,CA,0
PR2-9-10-2022-0,2022-09-10,PR2,49.8033,-124.7267,WSGS84,300,CA,0
PR2-9-13-2023-0,2023-09-13,PR2,49.8033,-124.7267,WSGS84,300,CA,0
PR2-9-16-2021-0,2021-09-16,PR2,49.8034,-124.7266,WSGS84,300,CA,0
PR2-9-17-2020-0,2020-09-17,PR2,49.8033,-124.7266,WSGS84,300,CA,0
PR2-9-17-2022-0,2022-09-17,PR2,49.8033,-124.7267,WSGS84,300,CA,0
PR2-9-19-2019-0,2019-09-19,PR2,49.8033,-124.7267,WSGS84,300,CA,0
PR2-9-21-2016-0,2016-09-21,PR2,49.8033,-124.7267,WSGS84,300,CA,0
PR2-9-22-2023-0,2023-09-22,PR2,49.8033,-124.7267,WSGS84,300,CA,0
PR2-9-24-2018-0,2018-09-24,PR2,49.8033,-124.7267,WSGS84,300,CA,0
PR2-9-24-2021-0,2021-09-24,PR2,49.8033,-124.7263,WSGS84,300,CA,0
PR2-9-26-2017-0,2017-09-26,PR2,49.8033,-124.7267,WSGS84,300,CA,0
PR2-9-26-2020-0,2020-09-26,PR2,49.8033,-124.7267,WSGS84,300,CA,0
PR2-9-4-2019-0,2019-09-04,PR2,49.8033,-124.7267,WSGS84,300,CA,0
PR2-9-5-2018-0,2018-09-05,PR2,49.8033,-124.7267,WSGS84,300,CA,0
PR2-9-6-2017-0,2017-09-06,PR2,49.8033,-124.7266,WSGS84,300,CA,0
PR2-9-7-2016-0,2016-09-07,PR2,49.7998,-124.7267,WSGS84,300,CA,0
PR3-1-13-2021-0,2021-01-13,PR3,49.77,-124.7817,WSGS84,300,CA,0
PR3-1-15-2022-0,2022-01-15,PR3,49.77,-124.7817,WSGS84,300,CA,0
PR3-1-24-2019-0,2019-01-24,PR3,49.77,-124.7817,WSGS84,300,CA,0
PR3-10-1-2020-0,2020-10-01,PR3,49.77,-124.7816,WSGS84,300,CA,0
PR3-10-10-2018-0,2018-10-10,PR3,49.77,-124.7817,WSGS84,300,CA,0
PR3-10-13-2023-0,2023-10-13,PR3,49.77,-124.7817,WSGS84,300,CA,0
PR3-10-15-2017-0,2017-10-15,PR3,49.77,-124.7816,WSGS84,300,CA,0
PR3-10-17-2016-0,2016-10-17,PR3,49.77,-124.7817,WSGS84,300,CA,0
PR3-10-18-2021-0,2021-10-18,PR3,49.7698,-124.7816,WSGS84,300,CA,0
PR3-10-29-2018-0,2018-10-29,PR3,49.77,-124.7817,WSGS84,300,CA,0
PR3-10-5-2015-0,2015-10-05,PR3,49.77,-124.7819,WSGS84,300,CA,0
PR3-10-7-2022-0,2022-10-07,PR3,49.77,-124.7817,WSGS84,300,CA,0
PR3-10-9-2019-0,2019-10-09,PR3,49.77,-124.7817,WSGS84,300,CA,0
PR3-11-13-2019-0,2019-11-13,PR3,49.77,-124.7817,WSGS84,300,CA,0
PR3-12-9-2020-0,2020-12-09,PR3,49.7701,-124.7819,WSGS84,300,CA,0
PR3-12-9-2021-0,2021-12-09,PR3,49.77,-124.7817,WSGS84,300,CA,0
PR3-2-15-2015-0,2015-02-15,PR3,49.7699,-124.7812,WSGS84,300,CA,0
PR3-2-20-2016-0,2016-02-20,PR3,49.77,-124.7817,WSGS84,300,CA,0
PR3-2-24-2021-0,2021-02-24,PR3,49.7703,-124.7817,WSGS84,300,CA,0
PR3-2-24-2022-0,2022-02-24,PR3,49.77,-124.7817,WSGS84,300,CA,0
PR3-2-26-2020-0,2020-02-26,PR3,49.7702,-124.7818,WSGS84,300,CA,0
PR3-2-27-2023-0,2023-02-27,PR3,49.77,-124.7817,WSGS84,300,CA,0
PR3-3-1-2017-0,2017-03-01,PR3,49.77,-124.7816,WSGS84,300,CA,0
PR3-3-10-2015-0,2015-03-10,PR3,49.77,-124.7814,WSGS84,300,CA,0
PR3-3-11-2021-0,2021-03-11,PR3,49.7694,-124.7816,WSGS84,300,CA,0
PR3-3-13-2018-0,2018-03-13,PR3,49.77,-124.7817,WSGS84,300,CA,0
PR3-3-15-2023-0,2023-03-15,PR3,49.77,-124.7817,WSGS84,300,CA,0
PR3-3-16-2020-0,2020-03-16,PR3,49.77,-124.7817,WSGS84,300,CA,0
PR3-3-17-2019-0,2019-03-17,PR3,49.77,-124.7817,WSGS84,300,CA,0
PR3-3-18-2015-0,2015-03-18,PR3,49.77,-124.7815,WSGS84,300,CA,0
PR3-3-18-2016-0,2016-03-18,PR3,49.7699,-124.7815,WSGS84,300,CA,0
PR3-3-20-2017-0,2017-03-20,PR3,49.77,-124.7817,WSGS84,300,CA,0
PR3-3-22-2021-0,2021-03-22,PR3,49.77,-124.7814,WSGS84,300,CA,0
PR3-3-24-2018-0,2018-03-24,PR3,49.77,-124.7817,WSGS84,300,CA,0
PR3-3-24-2022-0,2022-03-24,PR3,49.77,-124.7817,WSGS84,300,CA,0
PR3-3-28-2015-0,2015-03-28,PR3,49.7702,-124.782,WSGS84,300,CA,0
PR3-3-29-2016-0,2016-03-29,PR3,49.7699,-124.7817,WSGS84,300,CA,0
PR3-3-29-2023-0,2023-03-29,PR3,49.77,-124.7817,WSGS84,300,CA,0
PR3-3-30-2019-0,2019-03-30,PR3,49.77,-124.7817,WSGS84,300,CA,0
PR3-3-5-2023-0,2023-03-05,PR3,49.77,-124.7817,WSGS84,300,CA,0
PR3-3-8-2018-0,2018-03-08,PR3,49.77,-124.7817,WSGS84,300,CA,0
PR3-3-8-2019-0,2019-03-08,PR3,49.77,-124.7817,WSGS84,300,CA,0
PR3-3-9-2017-0,2017-03-09,PR3,49.7701,-124.7817,WSGS84,300,CA,0
PR3-3-9-2020-0,2020-03-09,PR3,49.77,-124.7817,WSGS84,300,CA,0
PR3-3-9-2022-0,2022-03-09,PR3,49.77,-124.7817,WSGS84,300,CA,0
PR3-4-1-2020-0,2020-04-01,PR3,49.77,-124.7817,WSGS84,300,CA,0
PR3-4-10-2016-0,2016-04-10,PR3,49.77,-124.7815,WSGS84,300,CA,0
PR3-4-10-2021-0,2021-04-10,PR3,49.7697,-124.7813,WSGS84,300,CA,0
PR3-4-13-2023-0,2023-04-13,PR3,49.77,-124.7817,WSGS84,300,CA,0
PR3-4-14-2022-0,2022-04-14,PR3,49.77,-124.7817,WSGS84,300,CA,0
PR3-4-15-2017-0,2017-04-15,PR3,49.7705,-124.7819,WSGS84,300,CA,0
PR3-4-18-2016-0,2016-04-18,PR3,49.7701,-124.7817,WSGS84,300,CA,0
PR3-4-18-2018-0,2018-04-18,PR3,49.77,-124.7817,WSGS84,300,CA,0
PR3-4-19-2015-0,2015-04-19,PR3,49.7698,-124.7816,WSGS84,300,CA,0
PR3-4-19-2019-0,2019-04-19,PR3,49.77,-124.7817,WSGS84,300,CA,0
PR3-4-2-2015-0,2015-04-02,PR3,49.77,-124.7816,WSGS84,300,CA,0
PR3-4-2-2018-0,2018-04-02,PR3,49.77,-124.7817,WSGS84,300,CA,0
PR3-4-2-2023-0,2023-04-02,PR3,49.77,-124.7817,WSGS84,300,CA,0
PR3-4-20-2021-0,2021-04-20,PR3,49.7696,-124.7817,WSGS84,300,CA,0
PR3-4-22-2022-0,2022-04-22,PR3,49.77,-124.7817,WSGS84,300,CA,0
PR3-4-23-2020-0,2020-04-23,PR3,49.7702,-124.7818,WSGS84,300,CA,0
PR3-4-24-2017-0,2017-04-24,PR3,49.7701,-124.7817,WSGS84,300,CA,0
PR3-4-25-2018-0,2018-04-25,PR3,49.77,-124.7817,WSGS84,300,CA,0
PR3-4-25-2023-0,2023-04-25,PR3,49.77,-124.7817,WSGS84,300,CA,0
PR3-4-26-2016-0,2016-04-26,PR3,49.7697,-124.7818,WSGS84,300,CA,0
PR3-4-29-2020-0,2020-04-29,PR3,49.7702,-124.7822,WSGS84,300,CA,0
PR3-4-6-2017-0,2017-04-06,PR3,49.77,-124.7817,WSGS84,300,CA,0
PR3-4-6-2021-0,2021-04-06,PR3,49.77,-124.7817,WSGS84,300,CA,0
PR3-4-7-2022-0,2022-04-07,PR3,49.77,-124.7817,WSGS84,300,CA,0
PR3-4-8-2019-0,2019-04-08,PR3,49.77,-124.7817,WSGS84,300,CA,0
PR3-4-9-2015-0,2015-04-09,PR3,49.7699,-124.7815,WSGS84,300,CA,0
PR3-5-10-2017-0,2017-05-10,PR3,49.77,-124.7817,WSGS84,300,CA,0
PR3-5-11-2021-0,2021-05-11,PR3,49.7699,-124.7814,WSGS84,300,CA,0
PR3-5-13-2022-0,2022-05-13,PR3,49.77,-124.7817,WSGS84,300,CA,0
PR3-5-14-2020-0,2020-05-14,PR3,49.77,-124.7816,WSGS84,300,CA,0
PR3-5-16-2016-0,2016-05-16,PR3,49.7701,-124.7818,WSGS84,300,CA,0
PR3-5-16-2018-0,2018-05-16,PR3,49.77,-124.7817,WSGS84,300,CA,0
PR3-5-19-2015-0,2015-05-19,PR3,49.7697,-124.7815,WSGS84,300,CA,0
PR3-5-22-2017-0,2017-05-22,PR3,49.77,-124.7816,WSGS84,300,CA,0
PR3-5-22-2022-0,2022-05-22,PR3,49.77,-124.7817,WSGS84,300,CA,0
PR3-5-24-2016-0,2016-05-24,PR3,49.7699,-124.7815,WSGS84,300,CA,0
PR3-5-25-2015-0,2015-05-25,PR3,49.7705,-124.7817,WSGS84,300,CA,0
PR3-5-26-2023-0,2023-05-26,PR3,49.77,-124.7817,WSGS84,300,CA,0
PR3-5-30-2018-0,2018-05-30,PR3,49.77,-124.7817,WSGS84,300,CA,0
PR3-5-4-2017-0,2017-05-04,PR3,49.7701,-124.7818,WSGS84,300,CA,0
PR3-5-4-2023-0,2023-05-04,PR3,49.77,-124.7817,WSGS84,300,CA,0
PR3-5-7-2020-0,2020-05-07,PR3,49.7702,-124.7822,WSGS84,300,CA,0
PR3-5-8-2018-0,2018-05-08,PR3,49.77,-124.7817,WSGS84,300,CA,0
PR3-5-9-2015-0,2015-05-09,PR3,49.7697,-124.7815,WSGS84,300,CA,0
PR3-5-9-2016-0,2016-05-09,PR3,49.77,-124.7816,WSGS84,300,CA,0
PR3-6-10-2015-0,2015-06-10,PR3,49.7699,-124.7816,WSGS84,300,CA,0
PR3-6-10-2021-0,2021-06-10,PR3,49.77,-124.7817,WSGS84,300,CA,0
PR3-6-13-2016-0,2016-06-13,PR3,49.7702,-124.7816,WSGS84,300,CA,0
PR3-6-13-2017-0,2017-06-13,PR3,49.77,-124.7817,WSGS84,300,CA,0
PR3-6-13-2018-0,2018-06-13,PR3,49.77,-124.7817,WSGS84,300,CA,0
PR3-6-13-2022-0,2022-06-13,PR3,49.77,-124.7817,WSGS84,300,CA,0
PR3-6-15-2021-0,2021-06-15,PR3,49.7708,-124.7822,WSGS84,300,CA,0
PR3-6-15-2023-0,2023-06-15,PR3,49.77,-124.7817,WSGS84,300,CA,0
PR3-6-19-2018-0,2018-06-19,PR3,49.77,-124.7817,WSGS84,300,CA,0
PR3-6-21-2019-0,2019-06-21,PR3,49.77,-124.7817,WSGS84,300,CA,0
PR3-6-22-2017-0,2017-06-22,PR3,49.77,-124.7817,WSGS84,300,CA,0
PR3-6-23-2023-0,2023-06-23,PR3,49.77,-124.7817,WSGS84,300,CA,0
PR3-6-26-2020-0,2020-06-26,PR3,49.77,-124.7817,WSGS84,300,CA,0
PR3-6-28-2016-0,2016-06-28,PR3,49.77,-124.7818,WSGS84,300,CA,0
PR3-6-4-2019-0,2019-06-04,PR3,49.77,-124.7817,WSGS84,300,CA,0
PR3-6-5-2016-0,2016-06-05,PR3,49.7699,-124.7818,WSGS84,300,CA,0
PR3-6-5-2020-0,2020-06-05,PR3,49.77,-124.7818,WSGS84,300,CA,0
PR3-6-6-2017-0,2017-06-06,PR3,49.7701,-124.7819,WSGS84,300,CA,0
PR3-6-6-2018-0,2018-06-06,PR3,49.77,-124.7817,WSGS84,300,CA,0
PR3-7-1-2015-0,2015-07-01,PR3,49.7698,-124.7817,WSGS84,300,CA,0
PR3-7-11-2022-0,2022-07-11,PR3,49.77,-124.7817,WSGS84,300,CA,0
PR3-7-12-2018-0,2018-07-12,PR3,49.77,-124.7817,WSGS84,300,CA,0
PR3-7-15-2015-0,2015-07-15,PR3,49.77,-124.7817,WSGS84,300,CA,0
PR3-7-16-2023-0,2023-07-16,PR3,49.77,-124.7817,WSGS84,300,CA,0
PR3-7-17-2017-0,2017-07-17,PR3,49.7699,-124.7817,WSGS84,300,CA,0
PR3-7-20-2016-0,2016-07-20,PR3,49.77,-124.7817,WSGS84,300,CA,0
PR3-7-22-2020-0,2020-07-22,PR3,49.77,-124.7817,WSGS84,300,CA,0
PR3-7-22-2022-0,2022-07-22,PR3,49.77,-124.7817,WSGS84,300,CA,0
PR3-7-23-2019-0,2019-07-23,PR3,49.77,-124.7817,WSGS84,300,CA,0
PR3-7-24-2018-0,2018-07-24,PR3,49.77,-124.7817,WSGS84,300,CA,0
PR3-7-25-2016-0,2016-07-25,PR3,49.7698,-124.7818,WSGS84,300,CA,0
PR3-7-26-2023-0,2023-07-26,PR3,49.77,-124.7817,WSGS84,300,CA,0
PR3-7-29-2017-0,2017-07-29,PR3,49.77,-124.7816,WSGS84,300,CA,0
PR3-7-4-2018-0,2018-07-04,PR3,49.77,-124.7817,WSGS84,300,CA,0
PR3-7-5-2016-0,2016-07-05,PR3,49.77,-124.7815,WSGS84,300,CA,0
PR3-7-6-2020-0,2020-07-06,PR3,49.7701,-124.77,WSGS84,300,CA,0
PR3-7-7-2017-0,2017-07-07,PR3,49.7702,-124.7817,WSGS84,300,CA,0
PR3-7-8-2019-0,2019-07-08,PR3,49.77,-124.7817,WSGS84,300,CA,0
PR3-7-8-2021-0,2021-07-08,PR3,49.7699,-124.7817,WSGS84,300,CA,0
PR3-8-11-2022-0,2022-08-11,PR3,49.77,-124.7817,WSGS84,300,CA,0
PR3-8-14-2015-0,2015-08-14,PR3,49.77,-124.7817,WSGS84,300,CA,0
PR3-8-14-2017-0,2017-08-14,PR3,49.77,-124.7817,WSGS84,300,CA,0
PR3-8-14-2018-0,2018-08-14,PR3,49.77,-124.7817,WSGS84,300,CA,0
PR3-8-16-2023-0,2023-08-16,PR3,49.77,-124.7817,WSGS84,300,CA,0
PR3-8-18-2022-0,2022-08-18,PR3,49.77,-124.7817,WSGS84,300,CA,0
PR3-8-20-2019-0,2019-08-20,PR3,49.77,-124.7817,WSGS84,300,CA,0
PR3-8-22-2017-0,2017-08-22,PR3,49.7701,-124.7816,WSGS84,300,CA,0
PR3-8-23-2016-0,2016-08-23,PR3,49.7699,-124.7816,WSGS84,300,CA,0
PR3-8-23-2018-0,2018-08-23,PR3,49.77,-124.7817,WSGS84,300,CA,0
PR3-8-23-2023-0,2023-08-23,PR3,49.77,-124.7817,WSGS84,300,CA,0
PR3-8-25-2020-0,2020-08-25,PR3,49.7699,-124.7816,WSGS84,300,CA,0
PR3-8-28-2021-0,2021-08-28,PR3,49.7702,-124.782,WSGS84,300,CA,0
PR3-8-3-2016-0,2016-08-03,PR3,49.7701,-124.7816,WSGS84,300,CA,0
PR3-8-4-2020-0,2020-08-04,PR3,49.7697,-124.7828,WSGS84,300,CA,0
PR3-8-6-2015-0,2015-08-06,PR3,49.7702,-124.7815,WSGS84,300,CA,0
PR3-8-7-2019-0,2019-08-07,PR3,49.77,-124.7817,WSGS84,300,CA,0
PR3-8-8-2017-0,2017-08-08,PR3,49.77,-124.7817,WSGS84,300,CA,0
PR3-8-8-2021-0,2021-08-08,PR3,49.7699,-124.7815,WSGS84,300,CA,0
PR3-8-9-2016-0,2016-08-09,PR3,49.7701,-124.7816,WSGS84,300,CA,0
PR3-9-10-2022-0,2022-09-10,PR3,49.77,-124.7817,WSGS84,300,CA,0
PR3-9-13-2023-0,2023-09-13,PR3,49.77,-124.7817,WSGS84,300,CA,0
PR3-9-16-2021-0,2021-09-16,PR3,49.77,-124.7817,WSGS84,300,CA,0
PR3-9-17-2020-0,2020-09-17,PR3,49.7698,-124.7815,WSGS84,300,CA,0
PR3-9-17-2022-0,2022-09-17,PR3,49.77,-124.7817,WSGS84,300,CA,0
PR3-9-19-2019-0,2019-09-19,PR3,49.77,-124.7817,WSGS84,300,CA,0
PR3-9-21-2016-0,2016-09-21,PR3,49.77,-124.7818,WSGS84,300,CA,0
PR3-9-22-2023-0,2023-09-22,PR3,49.77,-124.7817,WSGS84,300,CA,0
PR3-9-24-2018-0,2018-09-24,PR3,49.77,-124.7817,WSGS84,300,CA,0
PR3-9-24-2021-0,2021-09-24,PR3,49.7701,-124.7814,WSGS84,300,CA,0
PR3-9-26-2017-0,2017-09-26,PR3,49.77,-124.7817,WSGS84,300,CA,0
PR3-9-4-2019-0,2019-09-04,PR3,49.77,-124.7817,WSGS84,300,CA,0
PR3-9-5-2018-0,2018-09-05,PR3,49.77,-124.7817,WSGS84,300,CA,0
PR3-9-6-2017-0,2017-09-06,PR3,49.77,-124.7816,WSGS84,300,CA,0
PR3-9-7-2016-0,2016-09-07,PR3,49.7701,-124.7817,WSGS84,300,CA,0
PR4-1-13-2021-0,2021-01-13,PR4,49.7317,-124.8533,WSGS84,300,CA,0
PR4-1-15-2022-0,2022-01-15,PR4,49.7317,-124.8533,WSGS84,300,CA,0
PR4-1-24-2019-0,2019-01-24,PR4,49.7317,-124.8533,WSGS84,300,CA,0
PR4-10-1-2020-0,2020-10-01,PR4,49.7316,-124.8534,WSGS84,300,CA,0
PR4-10-10-2018-0,2018-10-10,PR4,49.7317,-124.8533,WSGS84,300,CA,0
PR4-10-13-2023-0,2023-10-13,PR4,49.7317,-124.8533,WSGS84,300,CA,0
PR4-10-15-2017-0,2017-10-15,PR4,49.7317,-124.8533,WSGS84,300,CA,0
PR4-10-17-2016-0,2016-10-17,PR4,49.7317,-124.8533,WSGS84,300,CA,0
PR4-10-18-2021-0,2021-10-18,PR4,49.7318,-124.8536,WSGS84,300,CA,0
PR4-10-29-2018-0,2018-10-29,PR4,49.7317,-124.8533,WSGS84,300,CA,0
PR4-10-5-2015-0,2015-10-05,PR4,49.7317,-124.8535,WSGS84,300,CA,0
PR4-10-7-2022-0,2022-10-07,PR4,49.7317,-124.8533,WSGS84,300,CA,0
PR4-10-9-2019-0,2019-10-09,PR4,49.7317,-124.8533,WSGS84,300,CA,0
PR4-11-13-2019-0,2019-11-13,PR4,49.7317,-124.8533,WSGS84,300,CA,0
PR4-12-9-2020-0,2020-12-09,PR4,49.7316,-124.8535,WSGS84,300,CA,0
PR4-12-9-2021-0,2021-12-09,PR4,49.7317,-124.8533,WSGS84,300,CA,0
PR4-2-15-2015-0,2015-02-15,PR4,49.7309,-124.8527,WSGS84,300,CA,0
PR4-2-20-2016-0,2016-02-20,PR4,49.7317,-124.8533,WSGS84,300,CA,0
PR4-2-24-2021-0,2021-02-24,PR4,49.7316,-124.8533,WSGS84,300,CA,0
PR4-2-24-2022-0,2022-02-24,PR4,49.7317,-124.8533,WSGS84,300,CA,0
PR4-2-26-2020-0,2020-02-26,PR4,49.7319,-124.8537,WSGS84,300,CA,0
PR4-2-27-2023-0,2023-02-27,PR4,49.7317,-124.8533,WSGS84,300,CA,0
PR4-3-1-2017-0,2017-03-01,PR4,49.7316,-124.8533,WSGS84,300,CA,0
PR4-3-10-2015-0,2015-03-10,PR4,49.7319,-124.8533,WSGS84,300,CA,0
PR4-3-11-2021-0,2021-03-11,PR4,49.7314,-124.8531,WSGS84,300,CA,0
PR4-3-13-2018-0,2018-03-13,PR4,49.7317,-124.8533,WSGS84,300,CA,0
PR4-3-15-2023-0,2023-03-15,PR4,49.7317,-124.8533,WSGS84,300,CA,0
PR4-3-16-2020-0,2020-03-16,PR4,49.7317,-124.8533,WSGS84,300,CA,0
PR4-3-17-2019-0,2019-03-17,PR4,49.7317,-124.8533,WSGS84,300,CA,0
PR4-3-18-2015-0,2015-03-18,PR4,49.7318,-124.853,WSGS84,300,CA,0
PR4-3-18-2016-0,2016-03-18,PR4,49.7314,-124.8532,WSGS84,300,CA,0
PR4-3-20-2017-0,2017-03-20,PR4,49.7316,-124.8533,WSGS84,300,CA,0
PR4-3-22-2021-0,2021-03-22,PR4,49.7313,-124.8528,WSGS84,300,CA,0
PR4-3-24-2018-0,2018-03-24,PR4,49.7317,-124.8533,WSGS84,300,CA,0
PR4-3-24-2022-0,2022-03-24,PR4,49.7317,-124.8533,WSGS84,300,CA,0
PR4-3-28-2015-0,2015-03-28,PR4,49.7316,-124.8536,WSGS84,300,CA,0
PR4-3-29-2016-0,2016-03-29,PR4,49.7316,-124.8533,WSGS84,300,CA,0
PR4-3-29-2023-0,2023-03-29,PR4,49.7317,-124.8533,WSGS84,300,CA,0
PR4-3-30-2019-0,2019-03-30,PR4,49.7317,-124.8533,WSGS84,300,CA,0
PR4-3-30-2021-0,2021-03-30,PR4,49.7317,-124.8533,WSGS84,300,CA,0
PR4-3-5-2023-0,2023-03-05,PR4,49.7317,-124.8533,WSGS84,300,CA,0
PR4-3-8-2018-0,2018-03-08,PR4,49.7317,-124.8533,WSGS84,300,CA,0
PR4-3-8-2019-0,2019-03-08,PR4,49.7317,-124.8533,WSGS84,300,CA,0
PR4-3-9-2017-0,2017-03-09,PR4,49.7316,-124.8536,WSGS84,300,CA,0
PR4-3-9-2020-0,2020-03-09,PR4,49.7317,-124.8533,WSGS84,300,CA,0
PR4-3-9-2022-0,2022-03-09,PR4,49.7317,-124.8533,WSGS84,300,CA,0
PR4-4-1-2020-0,2020-04-01,PR4,49.7315,-124.8531,WSGS84,300,CA,0
PR4-4-10-2016-0,2016-04-10,PR4,49.7318,-124.8533,WSGS84,300,CA,0
PR4-4-10-2021-0,2021-04-10,PR4,49.7312,-124.8532,WSGS84,300,CA,0
PR4-4-13-2023-0,2023-04-13,PR4,49.7317,-124.8533,WSGS84,300,CA,0
PR4-4-14-2022-0,2022-04-14,PR4,49.7317,-124.8533,WSGS84,300,CA,0
PR4-4-15-2017-0,2017-04-15,PR4,49.7317,-124.8533,WSGS84,300,CA,0
PR4-4-18-2016-0,2016-04-18,PR4,49.7316,-124.853,WSGS84,300,CA,0
PR4-4-18-2018-0,2018-04-18,PR4,49.7317,-124.8533,WSGS84,300,CA,0
PR4-4-19-2015-0,2015-04-19,PR4,49.7317,-124.8535,WSGS84,300,CA,0
PR4-4-19-2019-0,2019-04-19,PR4,49.7317,-124.8533,WSGS84,300,CA,0
PR4-4-2-2015-0,2015-04-02,PR4,49.7318,-124.8533,WSGS84,300,CA,0
PR4-4-2-2018-0,2018-04-02,PR4,49.7317,-124.8533,WSGS84,300,CA,0
PR4-4-2-2023-0,2023-04-02,PR4,49.7317,-124.8533,WSGS84,300,CA,0
PR4-4-20-2021-0,2021-04-20,PR4,49.7315,-124.8531,WSGS84,300,CA,0
PR4-4-22-2022-0,2022-04-22,PR4,49.7317,-124.8533,WSGS84,300,CA,0
PR4-4-23-2020-0,2020-04-23,PR4,49.7318,-124.8536,WSGS84,300,CA,0
PR4-4-24-2017-0,2017-04-24,PR4,49.7315,-124.8533,WSGS84,300,CA,0
PR4-4-25-2018-0,2018-04-25,PR4,49.7317,-124.8533,WSGS84,300,CA,0
PR4-4-25-2023-0,2023-04-25,PR4,49.7317,-124.8533,WSGS84,300,CA,0
PR4-4-26-2016-0,2016-04-26,PR4,49.7319,-124.8533,WSGS84,300,CA,0
PR4-4-29-2020-0,2020-04-29,PR4,49.7316,-124.8535,WSGS84,300,CA,0
PR4-4-6-2017-0,2017-04-06,PR4,49.7317,-124.8533,WSGS84,300,CA,0
PR4-4-6-2021-0,2021-04-06,PR4,49.7317,-124.8533,WSGS84,300,CA,0
PR4-4-7-2022-0,2022-04-07,PR4,49.7317,-124.8533,WSGS84,300,CA,0
PR4-4-8-2019-0,2019-04-08,PR4,49.7317,-124.8533,WSGS84,300,CA,0
PR4-4-9-2015-0,2015-04-09,PR4,49.7316,-124.8533,WSGS84,300,CA,0
PR4-5-10-2017-0,2017-05-10,PR4,49.7317,-124.8538,WSGS84,300,CA,0
PR4-5-11-2021-0,2021-05-11,PR4,49.7315,-124.8532,WSGS84,300,CA,0
PR4-5-13-2022-0,2022-05-13,PR4,49.7317,-124.8533,WSGS84,300,CA,0
PR4-5-14-2020-0,2020-05-14,PR4,49.7317,-124.7816,WSGS84,300,CA,0
PR4-5-16-2016-0,2016-05-16,PR4,49.7317,-124.8533,WSGS84,300,CA,0
PR4-5-16-2018-0,2018-05-16,PR4,49.7317,-124.8533,WSGS84,300,CA,0
PR4-5-19-2015-0,2015-05-19,PR4,49.7317,-124.8534,WSGS84,300,CA,0
PR4-5-22-2017-0,2017-05-22,PR4,49.7316,-124.8534,WSGS84,300,CA,0
PR4-5-22-2022-0,2022-05-22,PR4,49.7317,-124.8533,WSGS84,300,CA,0
PR4-5-24-2016-0,2016-05-24,PR4,49.7318,-124.8533,WSGS84,300,CA,0
PR4-5-25-2015-0,2015-05-25,PR4,49.7318,-124.8533,WSGS84,300,CA,0
PR4-5-26-2023-0,2023-05-26,PR4,49.7317,-124.8533,WSGS84,300,CA,0
PR4-5-30-2018-0,2018-05-30,PR4,49.7317,-124.8533,WSGS84,300,CA,0
PR4-5-4-2017-0,2017-05-04,PR4,49.7317,-124.8535,WSGS84,300,CA,0
PR4-5-4-2023-0,2023-05-04,PR4,49.7317,-124.8533,WSGS84,300,CA,0
PR4-5-7-2020-0,2020-05-07,PR4,49.7316,-124.8533,WSGS84,300,CA,0
PR4-5-8-2018-0,2018-05-08,PR4,49.7317,-124.8533,WSGS84,300,CA,0
PR4-5-9-2015-0,2015-05-09,PR4,49.7316,-124.8531,WSGS84,300,CA,0
PR4-5-9-2016-0,2016-05-09,PR4,49.7317,-124.853,WSGS84,300,CA,0
PR4-6-10-2015-0,2015-06-10,PR4,49.7317,-124.8534,WSGS84,300,CA,0
PR4-6-10-2021-0,2021-06-10,PR4,49.7317,-124.8533,WSGS84,300,CA,0
PR4-6-13-2016-0,2016-06-13,PR4,49.7317,-124.8533,WSGS84,300,CA,0
PR4-6-13-2017-0,2017-06-13,PR4,49.7317,-124.8533,WSGS84,300,CA,0
PR4-6-13-2018-0,2018-06-13,PR4,49.7317,-124.8533,WSGS84,300,CA,0
PR4-6-13-2022-0,2022-06-13,PR4,49.7317,-124.8533,WSGS84,300,CA,0
PR4-6-15-2021-0,2021-06-15,PR4,49.7318,-124.8538,WSGS84,300,CA,0
PR4-6-15-2023-0,2023-06-15,PR4,49.7317,-124.8533,WSGS84,300,CA,0
PR4-6-19-2018-0,2018-06-19,PR4,49.7317,-124.8533,WSGS84,300,CA,0
PR4-6-21-2019-0,2019-06-21,PR4,49.7317,-124.8533,WSGS84,300,CA,0
PR4-6-22-2017-0,2017-06-22,PR4,49.7317,-124.8533,WSGS84,300,CA,0
PR4-6-23-2023-0,2023-06-23,PR4,49.7317,-124.8533,WSGS84,300,CA,0
PR4-6-26-2020-0,2020-06-26,PR4,49.7317,-124.8535,WSGS84,300,CA,0
PR4-6-28-2016-0,2016-06-28,PR4,49.7318,-124.8536,WSGS84,300,CA,0
PR4-6-4-2019-0,2019-06-04,PR4,49.7317,-124.8533,WSGS84,300,CA,0
PR4-6-5-2016-0,2016-06-05,PR4,49.7315,-124.8533,WSGS84,300,CA,0
PR4-6-5-2020-0,2020-06-05,PR4,49.7317,-124.8534,WSGS84,300,CA,0
PR4-6-6-2017-0,2017-06-06,PR4,49.7318,-124.854,WSGS84,300,CA,0
PR4-6-6-2018-0,2018-06-06,PR4,49.7317,-124.8533,WSGS84,300,CA,0
PR4-7-1-2015-0,2015-07-01,PR4,49.7316,-124.8534,WSGS84,300,CA,0
PR4-7-11-2022-0,2022-07-11,PR4,49.7317,-124.8533,WSGS84,300,CA,0
PR4-7-12-2018-0,2018-07-12,PR4,49.7317,-124.8533,WSGS84,300,CA,0
PR4-7-15-2015-0,2015-07-15,PR4,49.7316,-124.8532,WSGS84,300,CA,0
PR4-7-16-2023-0,2023-07-16,PR4,49.7317,-124.8533,WSGS84,300,CA,0
PR4-7-17-2017-0,2017-07-17,PR4,49.7317,-124.8534,WSGS84,300,CA,0
PR4-7-20-2016-0,2016-07-20,PR4,49.7317,-124.8533,WSGS84,300,CA,0
PR4-7-22-2020-0,2020-07-22,PR4,49.7316,-124.8534,WSGS84,300,CA,0
PR4-7-22-2022-0,2022-07-22,PR4,49.7317,-124.8533,WSGS84,300,CA,0
PR4-7-23-2019-0,2019-07-23,PR4,49.7317,-124.8533,WSGS84,300,CA,0
PR4-7-24-2018-0,2018-07-24,PR4,49.7317,-124.8533,WSGS84,300,CA,0
PR4-7-25-2016-0,2016-07-25,PR4,49.7317,-124.8534,WSGS84,300,CA,0
PR4-7-26-2023-0,2023-07-26,PR4,49.7317,-124.8533,WSGS84,300,CA,0
PR4-7-29-2017-0,2017-07-29,PR4,49.7319,-124.8534,WSGS84,300,CA,0
PR4-7-4-2018-0,2018-07-04,PR4,49.7317,-124.8533,WSGS84,300,CA,0
PR4-7-5-2016-0,2016-07-05,PR4,49.7316,-124.8534,WSGS84,300,CA,0
PR4-7-6-2020-0,2020-07-06,PR4,49.7316,-124.8533,WSGS84,300,CA,0
PR4-7-7-2017-0,2017-07-07,PR4,49.7317,-124.8533,WSGS84,300,CA,0
PR4-7-8-2019-0,2019-07-08,PR4,49.7317,-124.8533,WSGS84,300,CA,0
PR4-7-8-2021-0,2021-07-08,PR4,49.7316,-124.8541,WSGS84,300,CA,0
PR4-8-11-2022-0,2022-08-11,PR4,49.7317,-124.8533,WSGS84,300,CA,0
PR4-8-14-2015-0,2015-08-14,PR4,49.7317,-124.8535,WSGS84,300,CA,0
PR4-8-14-2017-0,2017-08-14,PR4,49.7318,-124.8536,WSGS84,300,CA,0
PR4-8-14-2018-0,2018-08-14,PR4,49.7317,-124.8533,WSGS84,300,CA,0
PR4-8-16-2023-0,2023-08-16,PR4,49.7317,-124.8533,WSGS84,300,CA,0
PR4-8-18-2022-0,2022-08-18,PR4,49.7317,-124.8533,WSGS84,300,CA,0
PR4-8-20-2019-0,2019-08-20,PR4,49.7317,-124.8533,WSGS84,300,CA,0
PR4-8-22-2017-0,2017-08-22,PR4,49.7316,-124.8534,WSGS84,300,CA,0
PR4-8-23-2016-0,2016-08-23,PR4,49.7317,-124.8534,WSGS84,300,CA,0
PR4-8-23-2018-0,2018-08-23,PR4,49.7317,-124.8533,WSGS84,300,CA,0
PR4-8-23-2023-0,2023-08-23,PR4,49.7317,-124.8533,WSGS84,300,CA,0
PR4-8-25-2020-0,2020-08-25,PR4,49.7317,-124.8534,WSGS84,300,CA,0
PR4-8-28-2021-0,2021-08-28,PR4,49.7318,-124.8535,WSGS84,300,CA,0
PR4-8-3-2016-0,2016-08-03,PR4,49.7316,-124.8535,WSGS84,300,CA,0
PR4-8-4-2020-0,2020-08-04,PR4,49.7317,-124.8534,WSGS84,300,CA,0
PR4-8-6-2015-0,2015-08-06,PR4,49.7317,-124.8534,WSGS84,300,CA,0
PR4-8-7-2019-0,2019-08-07,PR4,49.7317,-124.8533,WSGS84,300,CA,0
PR4-8-8-2017-0,2017-08-08,PR4,49.7317,-124.8533,WSGS84,300,CA,0
PR4-8-8-2021-0,2021-08-08,PR4,49.7316,-124.8534,WSGS84,300,CA,0
PR4-8-9-2016-0,2016-08-09,PR4,49.7318,-124.8534,WSGS84,300,CA,0
PR4-9-10-2022-0,2022-09-10,PR4,49.7317,-124.8533,WSGS84,300,CA,0
PR4-9-13-2023-0,2023-09-13,PR4,49.7317,-124.8533,WSGS84,300,CA,0
PR4-9-16-2021-0,2021-09-16,PR4,49.7317,-124.8535,WSGS84,300,CA,0
PR4-9-17-2020-0,2020-09-17,PR4,49.7317,-124.8534,WSGS84,300,CA,0
PR4-9-17-2022-0,2022-09-17,PR4,49.7317,-124.8533,WSGS84,300,CA,0
PR4-9-19-2019-0,2019-09-19,PR4,49.7317,-124.8533,WSGS84,300,CA,0
PR4-9-21-2016-0,2016-09-21,PR4,49.7317,-124.8534,WSGS84,300,CA,0
PR4-9-22-2023-0,2023-09-22,PR4,49.7317,-124.8533,WSGS84,300,CA,0
PR4-9-24-2018-0,2018-09-24,PR4,49.7317,-124.8533,WSGS84,300,CA,0
PR4-9-24-2021-0,2021-09-24,PR4,49.7317,-124.8533,WSGS84,300,CA,0
PR4-9-26-2017-0,2017-09-26,PR4,49.7317,-124.8533,WSGS84,300,CA,0
PR4-9-4-2019-0,2019-09-04,PR4,49.7317,-124.8533,WSGS84,300,CA,0
PR4-9-5-2018-0,2018-09-05,PR4,49.7317,-124.8533,WSGS84,300,CA,0
PR4-9-6-2017-0,2017-09-06,PR4,49.7317,-124.8533,WSGS84,300,CA,0
PR4-9-7-2016-0,2016-09-07,PR4,49.7317,-124.8534,WSGS84,300,CA,0
PR5-1-13-2021-0,2021-01-13,PR5,49.7967,-124.9617,WSGS84,300,CA,0
PR5-1-15-2022-0,2022-01-15,PR5,49.7967,-124.9617,WSGS84,300,CA,0
PR5-1-24-2019-0,2019-01-24,PR5,49.7967,-124.9617,WSGS84,300,CA,0
PR5-10-1-2020-0,2020-10-01,PR5,49.7966,-124.9617,WSGS84,300,CA,0
PR5-10-10-2018-0,2018-10-10,PR5,49.7967,-124.9617,WSGS84,300,CA,0
PR5-10-13-2023-0,2023-10-13,PR5,49.7967,-124.9617,WSGS84,300,CA,0
PR5-10-15-2017-0,2017-10-15,PR5,49.7966,-124.9616,WSGS84,300,CA,0
PR5-10-17-2016-0,2016-10-17,PR5,49.7967,-124.9617,WSGS84,300,CA,0
PR5-10-18-2021-0,2021-10-18,PR5,49.7966,-124.9618,WSGS84,300,CA,0
PR5-10-29-2018-0,2018-10-29,PR5,49.7967,-124.9617,WSGS84,300,CA,0
PR5-10-5-2015-0,2015-10-05,PR5,49.7967,-124.9618,WSGS84,300,CA,0
PR5-10-7-2022-0,2022-10-07,PR5,49.7967,-124.9617,WSGS84,300,CA,0
PR5-10-9-2019-0,2019-10-09,PR5,49.7967,-124.9617,WSGS84,300,CA,0
PR5-11-13-2019-0,2019-11-13,PR5,49.7967,-124.9617,WSGS84,300,CA,0
PR5-12-9-2020-0,2020-12-09,PR5,49.7967,-124.9616,WSGS84,300,CA,0
PR5-12-9-2021-0,2021-12-09,PR5,49.7967,-124.9617,WSGS84,300,CA,0
PR5-2-15-2015-0,2015-02-15,PR5,49.7966,-124.9617,WSGS84,300,CA,0
PR5-2-20-2016-0,2016-02-20,PR5,49.7967,-124.9617,WSGS84,300,CA,0
PR5-2-24-2021-0,2021-02-24,PR5,49.7967,-124.9617,WSGS84,300,CA,0
PR5-2-24-2022-0,2022-02-24,PR5,49.7967,-124.9617,WSGS84,300,CA,0
PR5-2-26-2020-0,2020-02-26,PR5,49.797,-124.9622,WSGS84,300,CA,0
PR5-2-27-2023-0,2023-02-27,PR5,49.7967,-124.9617,WSGS84,300,CA,0
PR5-3-1-2017-0,2017-03-01,PR5,49.7966,-124.9615,WSGS84,300,CA,0
PR5-3-10-2015-0,2015-03-10,PR5,49.7966,-124.9613,WSGS84,300,CA,0
PR5-3-11-2021-0,2021-03-11,PR5,49.7968,-124.9615,WSGS84,300,CA,0
PR5-3-13-2018-0,2018-03-13,PR5,49.7967,-124.9617,WSGS84,300,CA,0
PR5-3-15-2023-0,2023-03-15,PR5,49.7967,-124.9617,WSGS84,300,CA,0
PR5-3-16-2020-0,2020-03-16,PR5,49.7967,-124.9617,WSGS84,300,CA,0
PR5-3-17-2019-0,2019-03-17,PR5,49.7967,-124.9617,WSGS84,300,CA,0
PR5-3-18-2015-0,2015-03-18,PR5,49.7969,-124.9617,WSGS84,300,CA,0
PR5-3-18-2016-0,2016-03-18,PR5,49.7966,-124.9616,WSGS84,300,CA,0
PR5-3-20-2017-0,2017-03-20,PR5,49.7966,-124.9619,WSGS84,300,CA,0
PR5-3-22-2021-0,2021-03-22,PR5,49.7967,-124.9616,WSGS84,300,CA,0
PR5-3-24-2018-0,2018-03-24,PR5,49.7967,-124.9617,WSGS84,300,CA,0
PR5-3-24-2022-0,2022-03-24,PR5,49.7967,-124.9617,WSGS84,300,CA,0
PR5-3-28-2015-0,2015-03-28,PR5,49.7967,-124.9617,WSGS84,300,CA,0
PR5-3-29-2016-0,2016-03-29,PR5,49.7965,-124.9616,WSGS84,300,CA,0
PR5-3-29-2023-0,2023-03-29,PR5,49.7967,-124.9617,WSGS84,300,CA,0
PR5-3-30-2019-0,2019-03-30,PR5,49.7967,-124.9617,WSGS84,300,CA,0
PR5-3-30-2021-0,2021-03-30,PR5,49.7966,-124.9617,WSGS84,300,CA,0
PR5-3-5-2023-0,2023-03-05,PR5,49.7967,-124.9617,WSGS84,300,CA,0
PR5-3-8-2018-0,2018-03-08,PR5,49.7967,-124.9617,WSGS84,300,CA,0
PR5-3-8-2019-0,2019-03-08,PR5,49.7967,-124.9617,WSGS84,300,CA,0
PR5-3-9-2017-0,2017-03-09,PR5,49.7966,-124.9617,WSGS84,300,CA,0
PR5-3-9-2020-0,2020-03-09,PR5,49.7967,-124.9617,WSGS84,300,CA,0
PR5-3-9-2022-0,2022-03-09,PR5,49.7967,-124.9617,WSGS84,300,CA,0
PR5-4-1-2020-0,2020-04-01,PR5,49.7963,-124.9615,WSGS84,300,CA,0
PR5-4-10-2016-0,2016-04-10,PR5,49.7966,-124.9614,WSGS84,300,CA,0
PR5-4-10-2021-0,2021-04-10,PR5,49.7964,-124.9612,WSGS84,300,CA,0
PR5-4-13-2023-0,2023-04-13,PR5,49.7967,-124.9617,WSGS84,300,CA,0
PR5-4-14-2022-0,2022-04-14,PR5,49.7967,-124.9617,WSGS84,300,CA,0
PR5-4-15-2017-0,2017-04-15,PR5,49.7967,-124.9616,WSGS84,300,CA,0
PR5-4-18-2016-0,2016-04-18,PR5,49.7965,-124.9617,WSGS84,300,CA,0
PR5-4-18-2018-0,2018-04-18,PR5,49.7967,-124.9617,WSGS84,300,CA,0
PR5-4-19-2019-0,2019-04-19,PR5,49.7967,-124.9617,WSGS84,300,CA,0
PR5-4-2-2015-0,2015-04-02,PR5,49.7965,-124.9611,WSGS84,300,CA,0
PR5-4-2-2018-0,2018-04-02,PR5,49.7967,-124.9617,WSGS84,300,CA,0
PR5-4-2-2023-0,2023-04-02,PR5,49.7967,-124.9617,WSGS84,300,CA,0
PR5-4-20-2021-0,2021-04-20,PR5,49.7965,-124.9616,WSGS84,300,CA,0
PR5-4-22-2022-0,2022-04-22,PR5,49.7967,-124.9617,WSGS84,300,CA,0
PR5-4-23-2020-0,2020-04-23,PR5,49.7968,-124.9617,WSGS84,300,CA,0
PR5-4-24-2017-0,2017-04-24,PR5,49.7966,-124.9616,WSGS84,300,CA,0
PR5-4-25-2018-0,2018-04-25,PR5,49.7967,-124.9617,WSGS84,300,CA,0
PR5-4-25-2023-0,2023-04-25,PR5,49.7967,-124.9617,WSGS84,300,CA,0
PR5-4-26-2016-0,2016-04-26,PR5,49.7967,-124.9617,WSGS84,300,CA,0
PR5-4-29-2020-0,2020-04-29,PR5,49.7965,-124.962,WSGS84,300,CA,0
PR5-4-6-2021-0,2021-04-06,PR5,49.7964,-124.9613,WSGS84,300,CA,0
PR5-4-7-2022-0,2022-04-07,PR5,49.7967,-124.9617,WSGS84,300,CA,0
PR5-4-8-2019-0,2019-04-08,PR5,49.7967,-124.9617,WSGS84,300,CA,0
PR5-4-9-2015-0,2015-04-09,PR5,49.7966,-124.9616,WSGS84,300,CA,0
PR5-5-10-2017-0,2017-05-10,PR5,49.7966,-124.9621,WSGS84,300,CA,0
PR5-5-11-2021-0,2021-05-11,PR5,49.7965,-124.9618,WSGS84,300,CA,0
PR5-5-13-2022-0,2022-05-13,PR5,49.7967,-124.9617,WSGS84,300,CA,0
PR5-5-14-2020-0,2020-05-14,PR5,49.7968,-124.8533,WSGS84,300,CA,0
PR5-5-16-2016-0,2016-05-16,PR5,49.7967,-124.9617,WSGS84,300,CA,0
PR5-5-16-2018-0,2018-05-16,PR5,49.7967,-124.9617,WSGS84,300,CA,0
PR5-5-19-2015-0,2015-05-19,PR5,49.7966,-124.9618,WSGS84,300,CA,0
PR5-5-22-2017-0,2017-05-22,PR5,49.7966,-124.9617,WSGS84,300,CA,0
PR5-5-22-2022-0,2022-05-22,PR5,49.7967,-124.9617,WSGS84,300,CA,0
PR5-5-24-2016-0,2016-05-24,PR5,49.7967,-124.9618,WSGS84,300,CA,0
PR5-5-25-2015-0,2015-05-25,PR5,49.7968,-124.9622,WSGS84,300,CA,0
PR5-5-26-2023-0,2023-05-26,PR5,49.7967,-124.9617,WSGS84,300,CA,0
PR5-5-30-2018-0,2018-05-30,PR5,49.7967,-124.9617,WSGS84,300,CA,0
PR5-5-4-2017-0,2017-05-04,PR5,49.7967,-124.9617,WSGS84,300,CA,0
PR5-5-4-2023-0,2023-05-04,PR5,49.7967,-124.9617,WSGS84,300,CA,0
PR5-5-7-2020-0,2020-05-07,PR5,49.7968,-124.9617,WSGS84,300,CA,0
PR5-5-8-2018-0,2018-05-08,PR5,49.7967,-124.9617,WSGS84,300,CA,0
PR5-5-9-2015-0,2015-05-09,PR5,49.7966,-124.9618,WSGS84,300,CA,0
PR5-5-9-2016-0,2016-05-09,PR5,49.7966,-124.9617,WSGS84,300,CA,0
PR5-6-10-2015-0,2015-06-10,PR5,49.7966,-124.9616,WSGS84,300,CA,0
PR5-6-10-2021-0,2021-06-10,PR5,49.7967,-124.9617,WSGS84,300,CA,0
PR5-6-13-2016-0,2016-06-13,PR5,49.7967,-124.9617,WSGS84,300,CA,0
PR5-6-13-2017-0,2017-06-13,PR5,49.7967,-124.9617,WSGS84,300,CA,0
PR5-6-13-2018-0,2018-06-13,PR5,49.7967,-124.9617,WSGS84,300,CA,0
PR5-6-13-2022-0,2022-06-13,PR5,49.7967,-124.9617,WSGS84,300,CA,0
PR5-6-15-2021-0,2021-06-15,PR5,49.7968,-124.9616,WSGS84,300,CA,0
PR5-6-15-2023-0,2023-06-15,PR5,49.7967,-124.9617,WSGS84,300,CA,0
PR5-6-19-2018-0,2018-06-19,PR5,49.7967,-124.9617,WSGS84,300,CA,0
PR5-6-21-2019-0,2019-06-21,PR5,49.7967,-124.9617,WSGS84,300,CA,0
PR5-6-22-2017-0,2017-06-22,PR5,49.7969,-124.9618,WSGS84,300,CA,0
PR5-6-23-2023-0,2023-06-23,PR5,49.7967,-124.9617,WSGS84,300,CA,0
PR5-6-26-2020-0,2020-06-26,PR5,49.7967,-124.9619,WSGS84,300,CA,0
PR5-6-28-2016-0,2016-06-28,PR5,49.7967,-124.9616,WSGS84,300,CA,0
PR5-6-4-2019-0,2019-06-04,PR5,49.7967,-124.9617,WSGS84,300,CA,0
PR5-6-5-2016-0,2016-06-05,PR5,49.7967,-124.9616,WSGS84,300,CA,0
PR5-6-5-2020-0,2020-06-05,PR5,49.7967,-124.9617,WSGS84,300,CA,0
PR5-6-6-2017-0,2017-06-06,PR5,49.7969,-124.9622,WSGS84,300,CA,0
PR5-6-6-2018-0,2018-06-06,PR5,49.7967,-124.9617,WSGS84,300,CA,0
PR5-7-1-2015-0,2015-07-01,PR5,49.7967,-124.9612,WSGS84,300,CA,0
PR5-7-11-2022-0,2022-07-11,PR5,49.7967,-124.9617,WSGS84,300,CA,0
PR5-7-12-2018-0,2018-07-12,PR5,49.7967,-124.9617,WSGS84,300,CA,0
PR5-7-15-2015-0,2015-07-15,PR5,49.7967,-124.9618,WSGS84,300,CA,0
PR5-7-16-2023-0,2023-07-16,PR5,49.7967,-124.9617,WSGS84,300,CA,0
PR5-7-17-2017-0,2017-07-17,PR5,49.7967,-124.9617,WSGS84,300,CA,0
PR5-7-20-2016-0,2016-07-20,PR5,49.7967,-124.9617,WSGS84,300,CA,0
PR5-7-22-2020-0,2020-07-22,PR5,49.7967,-124.9619,WSGS84,300,CA,0
PR5-7-22-2022-0,2022-07-22,PR5,49.7967,-124.9617,WSGS84,300,CA,0
PR5-7-23-2019-0,2019-07-23,PR5,49.7967,-124.9617,WSGS84,300,CA,0
PR5-7-24-2018-0,2018-07-24,PR5,49.7967,-124.9617,WSGS84,300,CA,0
PR5-7-25-2016-0,2016-07-25,PR5,49.7966,-124.9616,WSGS84,300,CA,0
PR5-7-26-2023-0,2023-07-26,PR5,49.7967,-124.9617,WSGS84,300,CA,0
PR5-7-29-2017-0,2017-07-29,PR5,49.7968,-124.962,WSGS84,300,CA,0
PR5-7-4-2018-0,2018-07-04,PR5,49.7967,-124.9617,WSGS84,300,CA,0
PR5-7-5-2016-0,2016-07-05,PR5,49.7974,-124.9633,WSGS84,300,CA,0
PR5-7-6-2020-0,2020-07-06,PR5,49.7966,-124.9615,WSGS84,300,CA,0
PR5-7-7-2017-0,2017-07-07,PR5,49.7968,-124.9616,WSGS84,300,CA,0
PR5-7-8-2019-0,2019-07-08,PR5,49.7967,-124.9617,WSGS84,300,CA,0
PR5-7-8-2021-0,2021-07-08,PR5,49.7967,-124.9624,WSGS84,300,CA,0
PR5-8-11-2022-0,2022-08-11,PR5,49.7967,-124.9617,WSGS84,300,CA,0
PR5-8-14-2015-0,2015-08-14,PR5,49.7966,-124.9618,WSGS84,300,CA,0
PR5-8-14-2017-0,2017-08-14,PR5,49.7966,-124.9618,WSGS84,300,CA,0
PR5-8-14-2018-0,2018-08-14,PR5,49.7967,-124.9617,WSGS84,300,CA,0
PR5-8-16-2023-0,2023-08-16,PR5,49.7967,-124.9617,WSGS84,300,CA,0
PR5-8-18-2022-0,2022-08-18,PR5,49.7967,-124.9617,WSGS84,300,CA,0
PR5-8-20-2019-0,2019-08-20,PR5,49.7967,-124.9617,WSGS84,300,CA,0
PR5-8-22-2017-0,2017-08-22,PR5,49.7967,-124.9618,WSGS84,300,CA,0
PR5-8-23-2016-0,2016-08-23,PR5,49.7967,-124.9617,WSGS84,300,CA,0
PR5-8-23-2018-0,2018-08-23,PR5,49.7967,-124.9617,WSGS84,300,CA,0
PR5-8-23-2023-0,2023-08-23,PR5,49.7967,-124.9617,WSGS84,300,CA,0
PR5-8-25-2020-0,2020-08-25,PR5,49.7967,-124.9617,WSGS84,300,CA,0
PR5-8-28-2021-0,2021-08-28,PR5,49.7966,-124.9618,WSGS84,300,CA,0
PR5-8-3-2016-0,2016-08-03,PR5,49.7968,-124.9617,WSGS84,300,CA,0
PR5-8-4-2020-0,2020-08-04,PR5,49.7967,-124.9617,WSGS84,300,CA,0
PR5-8-6-2015-0,2015-08-06,PR5,49.7967,-124.9617,WSGS84,300,CA,0
PR5-8-7-2019-0,2019-08-07,PR5,49.7967,-124.9617,WSGS84,300,CA,0
PR5-8-8-2017-0,2017-08-08,PR5,49.7967,-124.9617,WSGS84,300,CA,0
PR5-8-8-2021-0,2021-08-08,PR5,49.7967,-124.9621,WSGS84,300,CA,0
PR5-8-9-2016-0,2016-08-09,PR5,49.7967,-124.9616,WSGS84,300,CA,0
PR5-9-10-2022-0,2022-09-10,PR5,49.7967,-124.9617,WSGS84,300,CA,0
PR5-9-13-2023-0,2023-09-13,PR5,49.7967,-124.9617,WSGS84,300,CA,0
PR5-9-16-2021-0,2021-09-16,PR5,49.7966,-124.9618,WSGS84,300,CA,0
PR5-9-17-2020-0,2020-09-17,PR5,49.7966,-124.9618,WSGS84,300,CA,0
PR5-9-17-2022-0,2022-09-17,PR5,49.7967,-124.9617,WSGS84,300,CA,0
PR5-9-19-2019-0,2019-09-19,PR5,49.7967,-124.9617,WSGS84,300,CA,0
PR5-9-21-2016-0,2016-09-21,PR5,49.7967,-124.9617,WSGS84,300,CA,0
PR5-9-22-2023-0,2023-09-22,PR5,49.7967,-124.9617,WSGS84,300,CA,0
PR5-9-24-2018-0,2018-09-24,PR5,49.7967,-124.9617,WSGS84,300,CA,0
PR5-9-24-2021-0,2021-09-24,PR5,49.7966,-124.9616,WSGS84,300,CA,0
PR5-9-26-2017-0,2017-09-26,PR5,49.7967,-124.9617,WSGS84,300,CA,0
PR5-9-26-2020-0,2020-09-26,PR5,49.7966,-124.9617,WSGS84,300,CA,0
PR5-9-4-2019-0,2019-09-04,PR5,49.7967,-124.9617,WSGS84,300,CA,0
PR5-9-5-2018-0,2018-09-05,PR5,49.7967,-124.9617,WSGS84,300,CA,0
PR5-9-6-2017-0,2017-09-06,PR5,49.7967,-124.9618,WSGS84,300,CA,0
PR5-9-7-2016-0,2016-09-07,PR5,49.7968,-124.9617,WSGS84,300,CA,0
PR6-1-13-2021-0,2021-01-13,PR6,49.86,-125.0267,WSGS84,300,CA,0
PR6-1-13-2021-10,2021-01-13,PR6,49.86,-125.0267,WSGS84,300,CA,10
PR6-1-13-2021-20,2021-01-13,PR6,49.86,-125.0267,WSGS84,300,CA,20
PR6-1-13-2021-5,2021-01-13,PR6,49.86,-125.0267,WSGS84,300,CA,5
PR6-1-15-2022-0,2022-01-15,PR6,49.86,-125.0267,WSGS84,300,CA,0
PR6-1-15-2022-10,2022-01-15,PR6,49.86,-125.0267,WSGS84,300,CA,10
PR6-1-15-2022-20,2022-01-15,PR6,49.86,-125.0267,WSGS84,300,CA,20
PR6-1-15-2022-5,2022-01-15,PR6,49.86,-125.0267,WSGS84,300,CA,5
PR6-1-24-2019-0,2019-01-24,PR6,49.86,-125.0267,WSGS84,300,CA,0
PR6-1-24-2019-10,2019-01-24,PR6,49.86,-125.0267,WSGS84,300,CA,10
PR6-1-24-2019-20,2019-01-24,PR6,49.86,-125.0267,WSGS84,300,CA,20
PR6-1-24-2019-5,2019-01-24,PR6,49.86,-125.0267,WSGS84,300,CA,5
PR6-10-1-2020-0,2020-10-01,PR6,49.86,-124.0268,WSGS84,300,CA,0
PR6-10-1-2020-10,2020-10-01,PR6,49.86,-124.0268,WSGS84,300,CA,10
PR6-10-1-2020-20,2020-10-01,PR6,49.86,-124.0268,WSGS84,300,CA,20
PR6-10-1-2020-5,2020-10-01,PR6,49.86,-124.0268,WSGS84,300,CA,5
PR6-10-10-2018-0,2018-10-10,PR6,49.86,-125.0267,WSGS84,300,CA,0
PR6-10-10-2018-10,2018-10-10,PR6,49.86,-125.0267,WSGS84,300,CA,10
PR6-10-10-2018-20,2018-10-10,PR6,49.86,-125.0267,WSGS84,300,CA,20
PR6-10-10-2018-5,2018-10-10,PR6,49.86,-125.0267,WSGS84,300,CA,5
PR6-10-13-2023-0,2023-10-13,PR6,49.86,-125.0267,WSGS84,300,CA,0
PR6-10-13-2023-10,2023-10-13,PR6,49.86,-125.0267,WSGS84,300,CA,10
PR6-10-13-2023-20,2023-10-13,PR6,49.86,-125.0267,WSGS84,300,CA,20
PR6-10-13-2023-5,2023-10-13,PR6,49.86,-125.0267,WSGS84,300,CA,5
PR6-10-15-2017-0,2017-10-15,PR6,49.8599,-125.0268,WSGS84,300,CA,0
PR6-10-17-2016-0,2016-10-17,PR6,49.86,-125.0267,WSGS84,300,CA,0
PR6-10-17-2016-10,2016-10-17,PR6,49.86,-125.0267,WSGS84,300,CA,10
PR6-10-17-2016-20,2016-10-17,PR6,49.86,-125.0267,WSGS84,300,CA,20
PR6-10-17-2016-5,2016-10-17,PR6,49.86,-125.0267,WSGS84,300,CA,5
PR6-10-18-2021-0,2021-10-18,PR6,49.86,-125.0268,WSGS84,300,CA,0
PR6-10-18-2021-10,2021-10-18,PR6,49.86,-125.0268,WSGS84,300,CA,10
PR6-10-18-2021-20,2021-10-18,PR6,49.86,-125.0268,WSGS84,300,CA,20
PR6-10-18-2021-5,2021-10-18,PR6,49.86,-125.0268,WSGS84,300,CA,5
PR6-10-29-2018-0,2018-10-29,PR6,49.86,-125.0267,WSGS84,300,CA,0
PR6-10-29-2018-10,2018-10-29,PR6,49.86,-125.0267,WSGS84,300,CA,10
PR6-10-29-2018-20,2018-10-29,PR6,49.86,-125.0267,WSGS84,300,CA,20
PR6-10-29-2018-5,2018-10-29,PR6,49.86,-125.0267,WSGS84,300,CA,5
PR6-10-5-2015-0,2015-10-05,PR6,49.86,-125.0267,WSGS84,300,CA,0
PR6-10-5-2015-10,2015-10-05,PR6,49.86,-125.0267,WSGS84,300,CA,10
PR6-10-5-2015-20,2015-10-05,PR6,49.86,-125.0267,WSGS84,300,CA,20
PR6-10-5-2015-5,2015-10-05,PR6,49.86,-125.0267,WSGS84,300,CA,5
PR6-10-7-2022-0,2022-10-07,PR6,49.86,-125.0267,WSGS84,300,CA,0
PR6-10-7-2022-10,2022-10-07,PR6,49.86,-125.0267,WSGS84,300,CA,10
PR6-10-7-2022-20,2022-10-07,PR6,49.86,-125.0267,WSGS84,300,CA,20
PR6-10-7-2022-5,2022-10-07,PR6,49.86,-125.0267,WSGS84,300,CA,5
PR6-10-9-2019-0,2019-10-09,PR6,49.86,-125.0267,WSGS84,300,CA,0
PR6-10-9-2019-10,2019-10-09,PR6,49.86,-125.0267,WSGS84,300,CA,10
PR6-10-9-2019-20,2019-10-09,PR6,49.86,-125.0267,WSGS84,300,CA,20
PR6-10-9-2019-5,2019-10-09,PR6,49.86,-125.0267,WSGS84,300,CA,5
PR6-11-13-2019-0,2019-11-13,PR6,49.86,-125.0267,WSGS84,300,CA,0
PR6-11-13-2019-10,2019-11-13,PR6,49.86,-125.0267,WSGS84,300,CA,10
PR6-11-13-2019-20,2019-11-13,PR6,49.86,-125.0267,WSGS84,300,CA,20
PR6-11-13-2019-5,2019-11-13,PR6,49.86,-125.0267,WSGS84,300,CA,5
PR6-12-9-2020-0,2020-12-09,PR6,49.8599,-125.0267,WSGS84,300,CA,0
PR6-12-9-2020-10,2020-12-09,PR6,49.8599,-125.0267,WSGS84,300,CA,10
PR6-12-9-2020-20,2020-12-09,PR6,49.8599,-125.0267,WSGS84,300,CA,20
PR6-12-9-2020-5,2020-12-09,PR6,49.8599,-125.0267,WSGS84,300,CA,5
PR6-12-9-2021-0,2021-12-09,PR6,49.86,-125.0267,WSGS84,300,CA,0
PR6-12-9-2021-10,2021-12-09,PR6,49.86,-125.0267,WSGS84,300,CA,10
PR6-12-9-2021-20,2021-12-09,PR6,49.86,-125.0267,WSGS84,300,CA,20
PR6-12-9-2021-5,2021-12-09,PR6,49.86,-125.0267,WSGS84,300,CA,5
PR6-2-15-2015-0,2015-02-15,PR6,49.86,-125.0267,WSGS84,300,CA,0
PR6-2-20-2016-0,2016-02-20,PR6,49.86,-125.0267,WSGS84,300,CA,0
PR6-2-20-2016-10,2016-02-20,PR6,49.86,-125.0267,WSGS84,300,CA,10
PR6-2-20-2016-20,2016-02-20,PR6,49.86,-125.0267,WSGS84,300,CA,20
PR6-2-20-2016-5,2016-02-20,PR6,49.86,-125.0267,WSGS84,300,CA,5
PR6-2-24-2021-0,2021-02-24,PR6,49.86,-125.0267,WSGS84,300,CA,0
PR6-2-24-2021-10,2021-02-24,PR6,49.86,-125.0267,WSGS84,300,CA,10
PR6-2-24-2021-20,2021-02-24,PR6,49.86,-125.0267,WSGS84,300,CA,20
PR6-2-24-2021-5,2021-02-24,PR6,49.86,-125.0267,WSGS84,300,CA,5
PR6-2-24-2022-0,2022-02-24,PR6,49.86,-125.0267,WSGS84,300,CA,0
PR6-2-24-2022-10,2022-02-24,PR6,49.86,-125.0267,WSGS84,300,CA,10
PR6-2-24-2022-20,2022-02-24,PR6,49.86,-125.0267,WSGS84,300,CA,20
PR6-2-24-2022-5,2022-02-24,PR6,49.86,-125.0267,WSGS84,300,CA,5
PR6-2-26-2020-0,2020-02-26,PR6,49.8602,-125.0276,WSGS84,300,CA,0
PR6-2-26-2020-10,2020-02-26,PR6,49.8602,-125.0276,WSGS84,300,CA,10
PR6-2-26-2020-20,2020-02-26,PR6,49.8602,-125.0276,WSGS84,300,CA,20
PR6-2-26-2020-5,2020-02-26,PR6,49.8602,-125.0276,WSGS84,300,CA,5
PR6-2-27-2023-0,2023-02-27,PR6,49.86,-125.0267,WSGS84,300,CA,0
PR6-2-27-2023-10,2023-02-27,PR6,49.86,-125.0267,WSGS84,300,CA,10
PR6-2-27-2023-20,2023-02-27,PR6,49.86,-125.0267,WSGS84,300,CA,20
PR6-2-27-2023-5,2023-02-27,PR6,49.86,-125.0267,WSGS84,300,CA,5
PR6-3-1-2017-0,2017-03-01,PR6,49.8599,-125.0265,WSGS84,300,CA,0
PR6-3-1-2017-10,2017-03-01,PR6,49.86,-125.0267,WSGS84,300,CA,10
PR6-3-1-2017-20,2017-03-01,PR6,49.86,-125.0267,WSGS84,300,CA,20
PR6-3-1-2017-5,2017-03-01,PR6,49.86,-125.0267,WSGS84,300,CA,5
PR6-3-10-2015-0,2015-03-10,PR6,49.86,-125.0267,WSGS84,300,CA,0
PR6-3-11-2021-0,2021-03-11,PR6,49.8599,-125.0264,WSGS84,300,CA,0
PR6-3-11-2021-10,2021-03-11,PR6,49.8599,-125.0264,WSGS84,300,CA,10
PR6-3-11-2021-20,2021-03-11,PR6,49.8599,-125.0264,WSGS84,300,CA,20
PR6-3-11-2021-5,2021-03-11,PR6,49.8599,-125.0264,WSGS84,300,CA,5
PR6-3-13-2015-0,2015-03-13,PR6,49.8599,-125.027,WSGS84,300,CA,0
PR6-3-13-2018-0,2018-03-13,PR6,49.86,-125.0267,WSGS84,300,CA,0
PR6-3-13-2018-10,2018-03-13,PR6,49.86,-125.0267,WSGS84,300,CA,10
PR6-3-13-2018-20,2018-03-13,PR6,49.86,-125.0267,WSGS84,300,CA,20
PR6-3-13-2018-5,2018-03-13,PR6,49.86,-125.0267,WSGS84,300,CA,5
PR6-3-15-2023-0,2023-03-15,PR6,49.86,-125.0267,WSGS84,300,CA,0
PR6-3-15-2023-10,2023-03-15,PR6,49.86,-125.0267,WSGS84,300,CA,10
PR6-3-15-2023-20,2023-03-15,PR6,49.86,-125.0267,WSGS84,300,CA,20
PR6-3-15-2023-5,2023-03-15,PR6,49.86,-125.0267,WSGS84,300,CA,5
PR6-3-16-2020-0,2020-03-16,PR6,49.86,-124.0267,WSGS84,300,CA,0
PR6-3-16-2020-10,2020-03-16,PR6,49.86,-124.0267,WSGS84,300,CA,10
PR6-3-16-2020-20,2020-03-16,PR6,49.86,-124.0267,WSGS84,300,CA,20
PR6-3-16-2020-5,2020-03-16,PR6,49.86,-124.0267,WSGS84,300,CA,5
PR6-3-16-2022-0,2022-03-16,PR6,49.86,-125.0267,WSGS84,300,CA,0
PR6-3-16-2022-10,2022-03-16,PR6,49.86,-125.0267,WSGS84,300,CA,10
PR6-3-16-2022-20,2022-03-16,PR6,49.86,-125.0267,WSGS84,300,CA,20
PR6-3-16-2022-5,2022-03-16,PR6,49.86,-125.0267,WSGS84,300,CA,5
PR6-3-17-2019-0,2019-03-17,PR6,49.86,-125.0267,WSGS84,300,CA,0
PR6-3-17-2019-10,2019-03-17,PR6,49.86,-125.0267,WSGS84,300,CA,10
PR6-3-17-2019-20,2019-03-17,PR6,49.86,-125.0267,WSGS84,300,CA,20
PR6-3-17-2019-5,2019-03-17,PR6,49.86,-125.0267,WSGS84,300,CA,5
PR6-3-18-2015-0,2015-03-18,PR6,49.8602,-125.0269,WSGS84,300,CA,0
PR6-3-18-2016-0,2016-03-18,PR6,49.86,-125.0267,WSGS84,300,CA,0
PR6-3-18-2016-10,2016-03-18,PR6,49.86,-125.0267,WSGS84,300,CA,10
PR6-3-18-2016-20,2016-03-18,PR6,49.86,-125.0267,WSGS84,300,CA,20
PR6-3-18-2016-5,2016-03-18,PR6,49.86,-125.0267,WSGS84,300,CA,5
PR6-3-20-2017-0,2017-03-20,PR6,49.8598,-125.0267,WSGS84,300,CA,0
PR6-3-20-2017-10,2017-03-20,PR6,49.86,-125.0267,WSGS84,300,CA,10
PR6-3-20-2017-20,2017-03-20,PR6,49.86,-125.0267,WSGS84,300,CA,20
PR6-3-20-2017-5,2017-03-20,PR6,49.86,-125.0267,WSGS84,300,CA,5
PR6-3-22-2021-0,2021-03-22,PR6,49.8598,-125.0264,WSGS84,300,CA,0
PR6-3-22-2021-10,2021-03-22,PR6,49.8598,-125.0264,WSGS84,300,CA,10
PR6-3-22-2021-20,2021-03-22,PR6,49.8598,-125.0264,WSGS84,300,CA,20
PR6-3-22-2021-5,2021-03-22,PR6,49.8598,-125.0264,WSGS84,300,CA,5
PR6-3-24-2018-0,2018-03-24,PR6,49.86,-125.0267,WSGS84,300,CA,0
PR6-3-24-2018-10,2018-03-24,PR6,49.86,-125.0267,WSGS84,300,CA,10
PR6-3-24-2018-20,2018-03-24,PR6,49.86,-125.0267,WSGS84,300,CA,20
PR6-3-24-2018-5,2018-03-24,PR6,49.86,-125.0267,WSGS84,300,CA,5
PR6-3-24-2022-0,2022-03-24,PR6,49.86,-125.0267,WSGS84,300,CA,0
PR6-3-24-2022-10,2022-03-24,PR6,49.86,-125.0267,WSGS84,300,CA,10
PR6-3-24-2022-20,2022-03-24,PR6,49.86,-125.0267,WSGS84,300,CA,20
PR6-3-24-2022-5,2022-03-24,PR6,49.86,-125.0267,WSGS84,300,CA,5
PR6-3-28-2015-0,2015-03-28,PR6,49.86,-125.0266,WSGS84,300,CA,0
PR6-3-29-2016-0,2016-03-29,PR6,49.86,-125.0266,WSGS84,300,CA,0
PR6-3-29-2016-10,2016-03-29,PR6,49.86,-125.0267,WSGS84,300,CA,10
PR6-3-29-2016-20,2016-03-29,PR6,49.86,-125.0267,WSGS84,300,CA,20
PR6-3-29-2016-5,2016-03-29,PR6,49.86,-125.0267,WSGS84,300,CA,5
PR6-3-29-2023-0,2023-03-29,PR6,49.86,-125.0267,WSGS84,300,CA,0
PR6-3-29-2023-10,2023-03-29,PR6,49.86,-125.0267,WSGS84,300,CA,10
PR6-3-29-2023-20,2023-03-29,PR6,49.86,-125.0267,WSGS84,300,CA,20
PR6-3-29-2023-5,2023-03-29,PR6,49.86,-125.0267,WSGS84,300,CA,5
PR6-3-30-2019-0,2019-03-30,PR6,49.86,-125.0267,WSGS84,300,CA,0
PR6-3-30-2019-10,2019-03-30,PR6,49.86,-125.0267,WSGS84,300,CA,10
PR6-3-30-2019-20,2019-03-30,PR6,49.86,-125.0267,WSGS84,300,CA,20
PR6-3-30-2019-5,2019-03-30,PR6,49.86,-125.0267,WSGS84,300,CA,5
PR6-3-30-2021-0,2021-03-30,PR6,49.8599,-125.0267,WSGS84,300,CA,0
PR6-3-30-2021-10,2021-03-30,PR6,49.8599,-125.0267,WSGS84,300,CA,10
PR6-3-30-2021-20,2021-03-30,PR6,49.8599,-125.0267,WSGS84,300,CA,20
PR6-3-30-2021-5,2021-03-30,PR6,49.8599,-125.0267,WSGS84,300,CA,5
PR6-3-5-2023-0,2023-03-05,PR6,49.86,-125.0267,WSGS84,300,CA,0
PR6-3-5-2023-10,2023-03-05,PR6,49.86,-125.0267,WSGS84,300,CA,10
PR6-3-5-2023-20,2023-03-05,PR6,49.86,-125.0267,WSGS84,300,CA,20
PR6-3-5-2023-5,2023-03-05,PR6,49.86,-125.0267,WSGS84,300,CA,5
PR6-3-8-2018-0,2018-03-08,PR6,49.86,-125.0267,WSGS84,300,CA,0
PR6-3-8-2018-10,2018-03-08,PR6,49.86,-125.0267,WSGS84,300,CA,10
PR6-3-8-2018-20,2018-03-08,PR6,49.86,-125.0267,WSGS84,300,CA,20
PR6-3-8-2018-5,2018-03-08,PR6,49.86,-125.0267,WSGS84,300,CA,5
PR6-3-8-2019-0,2019-03-08,PR6,49.86,-125.0267,WSGS84,300,CA,0
PR6-3-8-2019-10,2019-03-08,PR6,49.86,-125.0267,WSGS84,300,CA,10
PR6-3-8-2019-20,2019-03-08,PR6,49.86,-125.0267,WSGS84,300,CA,20
PR6-3-8-2019-5,2019-03-08,PR6,49.86,-125.0267,WSGS84,300,CA,5
PR6-3-9-2017-0,2017-03-09,PR6,49.8603,-125.027,WSGS84,300,CA,0
PR6-3-9-2017-10,2017-03-09,PR6,49.86,-125.0267,WSGS84,300,CA,10
PR6-3-9-2017-20,2017-03-09,PR6,49.86,-125.0267,WSGS84,300,CA,20
PR6-3-9-2017-5,2017-03-09,PR6,49.86,-125.0267,WSGS84,300,CA,5
PR6-3-9-2020-0,2020-03-09,PR6,49.86,-124.0267,WSGS84,300,CA,0
PR6-3-9-2020-10,2020-03-09,PR6,49.86,-124.0267,WSGS84,300,CA,10
PR6-3-9-2020-20,2020-03-09,PR6,49.86,-124.0267,WSGS84,300,CA,20
PR6-3-9-2020-5,2020-03-09,PR6,49.86,-124.0267,WSGS84,300,CA,5
PR6-3-9-2022-0,2022-03-09,PR6,49.86,-125.0267,WSGS84,300,CA,0
PR6-3-9-2022-10,2022-03-09,PR6,49.86,-125.0267,WSGS84,300,CA,10
PR6-3-9-2022-20,2022-03-09,PR6,49.86,-125.0267,WSGS84,300,CA,20
PR6-3-9-2022-5,2022-03-09,PR6,49.86,-125.0267,WSGS84,300,CA,5
PR6-4-1-2020-0,2020-04-01,PR6,49.86,-124.0261,WSGS84,300,CA,0
PR6-4-1-2020-10,2020-04-01,PR6,49.86,-124.0261,WSGS84,300,CA,10
PR6-4-1-2020-20,2020-04-01,PR6,49.86,-124.0261,WSGS84,300,CA,20
PR6-4-1-2020-5,2020-04-01,PR6,49.86,-124.0261,WSGS84,300,CA,5
PR6-4-10-2016-0,2016-04-10,PR6,49.8602,-125.0267,WSGS84,300,CA,0
PR6-4-10-2016-10,2016-04-10,PR6,49.86,-125.0267,WSGS84,300,CA,10
PR6-4-10-2016-20,2016-04-10,PR6,49.86,-125.0267,WSGS84,300,CA,20
PR6-4-10-2016-5,2016-04-10,PR6,49.86,-125.0267,WSGS84,300,CA,5
PR6-4-10-2021-0,2021-04-10,PR6,49.8595,-125.0267,WSGS84,300,CA,0
PR6-4-10-2021-10,2021-04-10,PR6,49.8595,-125.0267,WSGS84,300,CA,10
PR6-4-10-2021-20,2021-04-10,PR6,49.8595,-125.0267,WSGS84,300,CA,20
PR6-4-10-2021-5,2021-04-10,PR6,49.8595,-125.0267,WSGS84,300,CA,5
PR6-4-13-2023-0,2023-04-13,PR6,49.86,-125.0267,WSGS84,300,CA,0
PR6-4-13-2023-10,2023-04-13,PR6,49.86,-125.0267,WSGS84,300,CA,10
PR6-4-13-2023-20,2023-04-13,PR6,49.86,-125.0267,WSGS84,300,CA,20
PR6-4-13-2023-5,2023-04-13,PR6,49.86,-125.0267,WSGS84,300,CA,5
PR6-4-14-2022-0,2022-04-14,PR6,49.86,-125.0267,WSGS84,300,CA,0
PR6-4-14-2022-10,2022-04-14,PR6,49.86,-125.0267,WSGS84,300,CA,10
PR6-4-14-2022-20,2022-04-14,PR6,49.86,-125.0267,WSGS84,300,CA,20
PR6-4-14-2022-5,2022-04-14,PR6,49.86,-125.0267,WSGS84,300,CA,5
PR6-4-15-2017-0,2017-04-15,PR6,49.8599,-125.0266,WSGS84,300,CA,0
PR6-4-18-2016-0,2016-04-18,PR6,49.8598,-125.0266,WSGS84,300,CA,0
PR6-4-18-2016-10,2016-04-18,PR6,49.86,-125.0267,WSGS84,300,CA,10
PR6-4-18-2016-20,2016-04-18,PR6,49.86,-125.0267,WSGS84,300,CA,20
PR6-4-18-2016-5,2016-04-18,PR6,49.86,-125.0267,WSGS84,300,CA,5
PR6-4-18-2018-0,2018-04-18,PR6,49.86,-125.0267,WSGS84,300,CA,0
PR6-4-18-2018-10,2018-04-18,PR6,49.86,-125.0267,WSGS84,300,CA,10
PR6-4-18-2018-20,2018-04-18,PR6,49.86,-125.0267,WSGS84,300,CA,20
PR6-4-18-2018-5,2018-04-18,PR6,49.86,-125.0267,WSGS84,300,CA,5
PR6-4-19-2015-0,2015-04-19,PR6,49.8597,-125.027,WSGS84,300,CA,0
PR6-4-19-2015-10,2015-04-19,PR6,49.8597,-125.027,WSGS84,300,CA,10
PR6-4-19-2015-20,2015-04-19,PR6,49.8597,-125.027,WSGS84,300,CA,20
PR6-4-19-2015-5,2015-04-19,PR6,49.8597,-125.027,WSGS84,300,CA,5
PR6-4-19-2019-0,2019-04-19,PR6,49.86,-125.0267,WSGS84,300,CA,0
PR6-4-19-2019-10,2019-04-19,PR6,49.86,-125.0267,WSGS84,300,CA,10
PR6-4-19-2019-20,2019-04-19,PR6,49.86,-125.0267,WSGS84,300,CA,20
PR6-4-19-2019-5,2019-04-19,PR6,49.86,-125.0267,WSGS84,300,CA,5
PR6-4-2-2015-0,2015-04-02,PR6,49.86,-125.0268,WSGS84,300,CA,0
PR6-4-2-2018-0,2018-04-02,PR6,49.86,-125.0267,WSGS84,300,CA,0
PR6-4-2-2018-10,2018-04-02,PR6,49.86,-125.0267,WSGS84,300,CA,10
PR6-4-2-2018-20,2018-04-02,PR6,49.86,-125.0267,WSGS84,300,CA,20
PR6-4-2-2018-5,2018-04-02,PR6,49.86,-125.0267,WSGS84,300,CA,5
PR6-4-2-2023-0,2023-04-02,PR6,49.86,-125.0267,WSGS84,300,CA,0
PR6-4-2-2023-10,2023-04-02,PR6,49.86,-125.0267,WSGS84,300,CA,10
PR6-4-2-2023-20,2023-04-02,PR6,49.86,-125.0267,WSGS84,300,CA,20
PR6-4-2-2023-5,2023-04-02,PR6,49.86,-125.0267,WSGS84,300,CA,5
PR6-4-20-2021-0,2021-04-20,PR6,49.8599,-125.0267,WSGS84,300,CA,0
PR6-4-20-2021-10,2021-04-20,PR6,49.86,-125.0267,WSGS84,300,CA,10
PR6-4-20-2021-20,2021-04-20,PR6,49.86,-125.0267,WSGS84,300,CA,20
PR6-4-20-2021-5,2021-04-20,PR6,49.86,-125.0267,WSGS84,300,CA,5
PR6-4-22-2022-0,2022-04-22,PR6,49.86,-125.0267,WSGS84,300,CA,0
PR6-4-22-2022-10,2022-04-22,PR6,49.86,-125.0267,WSGS84,300,CA,10
PR6-4-22-2022-20,2022-04-22,PR6,49.86,-125.0267,WSGS84,300,CA,20
PR6-4-22-2022-5,2022-04-22,PR6,49.86,-125.0267,WSGS84,300,CA,5
PR6-4-23-2020-0,2020-04-23,PR6,49.8599,-125.0266,WSGS84,300,CA,0
PR6-4-23-2020-10,2020-04-23,PR6,49.8599,-125.0266,WSGS84,300,CA,10
PR6-4-23-2020-20,2020-04-23,PR6,49.8599,-125.0266,WSGS84,300,CA,20
PR6-4-23-2020-5,2020-04-23,PR6,49.8599,-125.0266,WSGS84,300,CA,5
PR6-4-24-2017-0,2017-04-24,PR6,49.8598,-125.0271,WSGS84,300,CA,0
PR6-4-25-2017-10,2017-04-25,PR6,49.86,-125.0267,WSGS84,300,CA,10
PR6-4-25-2017-5,2017-04-25,PR6,49.86,-125.0267,WSGS84,300,CA,5
PR6-4-25-2018-0,2018-04-25,PR6,49.86,-125.0267,WSGS84,300,CA,0
PR6-4-25-2018-10,2018-04-25,PR6,49.86,-125.0267,WSGS84,300,CA,10
PR6-4-25-2018-20,2018-04-25,PR6,49.86,-125.0267,WSGS84,300,CA,20
PR6-4-25-2018-5,2018-04-25,PR6,49.86,-125.0267,WSGS84,300,CA,5
PR6-4-25-2023-0,2023-04-25,PR6,49.86,-125.0267,WSGS84,300,CA,0
PR6-4-25-2023-10,2023-04-25,PR6,49.86,-125.0267,WSGS84,300,CA,10
PR6-4-25-2023-20,2023-04-25,PR6,49.86,-125.0267,WSGS84,300,CA,20
PR6-4-25-2023-5,2023-04-25,PR6,49.86,-125.0267,WSGS84,300,CA,5
PR6-4-26-2016-0,2016-04-26,PR6,49.8603,-125.0267,WSGS84,300,CA,0
PR6-4-26-2016-10,2016-04-26,PR6,49.86,-125.0267,WSGS84,300,CA,10
PR6-4-26-2016-20,2016-04-26,PR6,49.86,-125.0267,WSGS84,300,CA,20
PR6-4-26-2016-5,2016-04-26,PR6,49.86,-125.0267,WSGS84,300,CA,5
PR6-4-29-2020-0,2020-04-29,PR6,49.91,-124.0267,WSGS84,300,CA,0
PR6-4-29-2020-10,2020-04-29,PR6,49.91,-124.0267,WSGS84,300,CA,10
PR6-4-29-2020-20,2020-04-29,PR6,49.91,-124.0267,WSGS84,300,CA,20
PR6-4-29-2020-5,2020-04-29,PR6,49.91,-124.0267,WSGS84,300,CA,5
PR6-4-6-2021-0,2021-04-06,PR6,49.8601,-125.0266,WSGS84,300,CA,0
PR6-4-6-2021-5,2021-04-06,PR6,49.8601,-125.0266,WSGS84,300,CA,5
PR6-4-7-2022-0,2022-04-07,PR6,49.86,-125.0267,WSGS84,300,CA,0
PR6-4-7-2022-10,2022-04-07,PR6,49.86,-125.0267,WSGS84,300,CA,10
PR6-4-7-2022-20,2022-04-07,PR6,49.86,-125.0267,WSGS84,300,CA,20
PR6-4-7-2022-5,2022-04-07,PR6,49.86,-125.0267,WSGS84,300,CA,5
PR6-4-8-2019-0,2019-04-08,PR6,49.86,-125.0267,WSGS84,300,CA,0
PR6-4-8-2019-10,2019-04-08,PR6,49.86,-125.0267,WSGS84,300,CA,10
PR6-4-8-2019-20,2019-04-08,PR6,49.86,-125.0267,WSGS84,300,CA,20
PR6-4-8-2019-5,2019-04-08,PR6,49.86,-125.0267,WSGS84,300,CA,5
PR6-4-9-2015-0,2015-04-09,PR6,49.8599,-125.0265,WSGS84,300,CA,0
PR6-5-10-2017-0,2017-05-10,PR6,49.8599,-125.0266,WSGS84,300,CA,0
PR6-5-10-2017-10,2017-05-10,PR6,49.86,-125.0267,WSGS84,300,CA,10
PR6-5-10-2017-20,2017-05-10,PR6,49.86,-125.0267,WSGS84,300,CA,20
PR6-5-10-2017-5,2017-05-10,PR6,49.86,-125.0267,WSGS84,300,CA,5
PR6-5-11-2021-0,2021-05-11,PR6,49.8601,-125.0267,WSGS84,300,CA,0
PR6-5-11-2021-10,2021-05-11,PR6,49.8601,-125.0267,WSGS84,300,CA,10
PR6-5-11-2021-20,2021-05-11,PR6,49.8601,-125.0267,WSGS84,300,CA,20
PR6-5-11-2021-5,2021-05-11,PR6,49.8601,-125.0267,WSGS84,300,CA,5
PR6-5-13-2022-0,2022-05-13,PR6,49.86,-125.0267,WSGS84,300,CA,0
PR6-5-14-2020-0,2020-05-14,PR6,49.86,-124.0267,WSGS84,300,CA,0
PR6-5-14-2020-10,2020-05-14,PR6,49.86,-124.0267,WSGS84,300,CA,10
PR6-5-14-2020-20,2020-05-14,PR6,49.86,-124.0267,WSGS84,300,CA,20
PR6-5-14-2020-5,2020-05-14,PR6,49.86,-124.0267,WSGS84,300,CA,5
PR6-5-14-2022-10,2022-05-14,PR6,49.86,-125.0267,WSGS84,300,CA,10
PR6-5-14-2022-20,2022-05-14,PR6,49.86,-125.0267,WSGS84,300,CA,20
PR6-5-14-2022-5,2022-05-14,PR6,49.86,-125.0267,WSGS84,300,CA,5
PR6-5-16-2016-0,2016-05-16,PR6,49.8601,-125.0266,WSGS84,300,CA,0
PR6-5-16-2016-10,2016-05-16,PR6,49.86,-125.0267,WSGS84,300,CA,10
PR6-5-16-2016-20,2016-05-16,PR6,49.86,-125.0267,WSGS84,300,CA,20
PR6-5-16-2016-5,2016-05-16,PR6,49.86,-125.0267,WSGS84,300,CA,5
PR6-5-16-2018-0,2018-05-16,PR6,49.86,-125.0267,WSGS84,300,CA,0
PR6-5-16-2018-10,2018-05-16,PR6,49.86,-125.0267,WSGS84,300,CA,10
PR6-5-16-2018-20,2018-05-16,PR6,49.86,-125.0267,WSGS84,300,CA,20
PR6-5-16-2018-5,2018-05-16,PR6,49.86,-125.0267,WSGS84,300,CA,5
PR6-5-19-2015-0,2015-05-19,PR6,49.8599,-125.0267,WSGS84,300,CA,0
PR6-5-19-2015-10,2015-05-19,PR6,49.8599,-125.0267,WSGS84,300,CA,10
PR6-5-19-2015-20,2015-05-19,PR6,49.8599,-125.0267,WSGS84,300,CA,20
PR6-5-19-2015-5,2015-05-19,PR6,49.8599,-125.0267,WSGS84,300,CA,5
PR6-5-22-2017-0,2017-05-22,PR6,49.86,-125.0268,WSGS84,300,CA,0
PR6-5-22-2022-0,2022-05-22,PR6,49.86,-125.0267,WSGS84,300,CA,0
PR6-5-22-2022-10,2022-05-22,PR6,49.86,-125.0267,WSGS84,300,CA,10
PR6-5-22-2022-20,2022-05-22,PR6,49.86,-125.0267,WSGS84,300,CA,20
PR6-5-22-2022-5,2022-05-22,PR6,49.86,-125.0267,WSGS84,300,CA,5
PR6-5-24-2016-0,2016-05-24,PR6,49.8601,-125.0268,WSGS84,300,CA,0
PR6-5-24-2016-10,2016-05-24,PR6,49.86,-125.0267,WSGS84,300,CA,10
PR6-5-24-2016-20,2016-05-24,PR6,49.86,-125.0267,WSGS84,300,CA,20
PR6-5-24-2016-5,2016-05-24,PR6,49.86,-125.0267,WSGS84,300,CA,5
PR6-5-25-2015-0,2015-05-25,PR6,49.8601,-125.0268,WSGS84,300,CA,0
PR6-5-25-2015-10,2015-05-25,PR6,49.8601,-125.0268,WSGS84,300,CA,10
PR6-5-26-2023-0,2023-05-26,PR6,49.86,-125.0267,WSGS84,300,CA,0
PR6-5-26-2023-10,2023-05-26,PR6,49.86,-125.0267,WSGS84,300,CA,10
PR6-5-26-2023-20,2023-05-26,PR6,49.86,-125.0267,WSGS84,300,CA,20
PR6-5-26-2023-5,2023-05-26,PR6,49.86,-125.0267,WSGS84,300,CA,5
PR6-5-30-2018-0,2018-05-30,PR6,49.86,-125.0267,WSGS84,300,CA,0
PR6-5-30-2018-10,2018-05-30,PR6,49.86,-125.0267,WSGS84,300,CA,10
PR6-5-30-2018-20,2018-05-30,PR6,49.86,-125.0267,WSGS84,300,CA,20
PR6-5-30-2018-5,2018-05-30,PR6,49.86,-125.0267,WSGS84,300,CA,5
PR6-5-4-2017-0,2017-05-04,PR6,49.86,-125.0268,WSGS84,300,CA,0
PR6-5-4-2023-0,2023-05-04,PR6,49.86,-125.0267,WSGS84,300,CA,0
PR6-5-4-2023-10,2023-05-04,PR6,49.86,-125.0267,WSGS84,300,CA,10
PR6-5-4-2023-20,2023-05-04,PR6,49.86,-125.0267,WSGS84,300,CA,20
PR6-5-4-2023-5,2023-05-04,PR6,49.86,-125.0267,WSGS84,300,CA,5
PR6-5-7-2020-0,2020-05-07,PR6,49.8599,-124.0268,WSGS84,300,CA,0
PR6-5-7-2020-10,2020-05-07,PR6,49.8599,-124.0268,WSGS84,300,CA,10
PR6-5-7-2020-20,2020-05-07,PR6,49.8599,-124.0268,WSGS84,300,CA,20
PR6-5-7-2020-5,2020-05-07,PR6,49.8599,-124.0268,WSGS84,300,CA,5
PR6-5-8-2018-0,2018-05-08,PR6,49.86,-125.0267,WSGS84,300,CA,0
PR6-5-8-2018-10,2018-05-08,PR6,49.86,-125.0267,WSGS84,300,CA,10
PR6-5-8-2018-20,2018-05-08,PR6,49.86,-125.0267,WSGS84,300,CA,20
PR6-5-8-2018-5,2018-05-08,PR6,49.86,-125.0267,WSGS84,300,CA,5
PR6-5-9-2016-0,2016-05-09,PR6,49.8599,-125.0266,WSGS84,300,CA,0
PR6-5-9-2016-10,2016-05-09,PR6,49.86,-125.0267,WSGS84,300,CA,10
PR6-5-9-2016-20,2016-05-09,PR6,49.86,-125.0267,WSGS84,300,CA,20
PR6-5-9-2016-5,2016-05-09,PR6,49.86,-125.0267,WSGS84,300,CA,5
PR6-6-10-2015-0,2015-06-10,PR6,49.86,-125.0266,WSGS84,300,CA,0
PR6-6-10-2015-10,2015-06-10,PR6,49.86,-125.0267,WSGS84,300,CA,10
PR6-6-10-2015-20,2015-06-10,PR6,49.86,-125.0267,WSGS84,300,CA,20
PR6-6-10-2015-5,2015-06-10,PR6,49.86,-125.0267,WSGS84,300,CA,5
PR6-6-10-2021-0,2021-06-10,PR6,49.86,-125.0267,WSGS84,300,CA,0
PR6-6-10-2021-10,2021-06-10,PR6,49.86,-125.0267,WSGS84,300,CA,10
PR6-6-10-2021-20,2021-06-10,PR6,49.86,-125.0267,WSGS84,300,CA,20
PR6-6-10-2021-5,2021-06-10,PR6,49.86,-125.0267,WSGS84,300,CA,5
PR6-6-13-2016-0,2016-06-13,PR6,49.86,-125.0267,WSGS84,300,CA,0
PR6-6-13-2016-10,2016-06-13,PR6,49.86,-125.0267,WSGS84,300,CA,10
PR6-6-13-2016-20,2016-06-13,PR6,49.86,-125.0267,WSGS84,300,CA,20
PR6-6-13-2016-5,2016-06-13,PR6,49.86,-125.0267,WSGS84,300,CA,5
PR6-6-13-2017-0,2017-06-13,PR6,49.86,-125.0267,WSGS84,300,CA,0
PR6-6-13-2017-10,2017-06-13,PR6,49.86,-125.0267,WSGS84,300,CA,10
PR6-6-13-2017-20,2017-06-13,PR6,49.86,-125.0267,WSGS84,300,CA,20
PR6-6-13-2017-5,2017-06-13,PR6,49.86,-125.0267,WSGS84,300,CA,5
PR6-6-13-2018-0,2018-06-13,PR6,49.86,-125.0267,WSGS84,300,CA,0
PR6-6-13-2018-10,2018-06-13,PR6,49.86,-125.0267,WSGS84,300,CA,10
PR6-6-13-2018-20,2018-06-13,PR6,49.86,-125.0267,WSGS84,300,CA,20
PR6-6-13-2018-5,2018-06-13,PR6,49.86,-125.0267,WSGS84,300,CA,5
PR6-6-13-2022-0,2022-06-13,PR6,49.86,-125.0267,WSGS84,300,CA,0
PR6-6-13-2022-10,2022-06-13,PR6,49.86,-125.0267,WSGS84,300,CA,10
PR6-6-13-2022-20,2022-06-13,PR6,49.86,-125.0267,WSGS84,300,CA,20
PR6-6-13-2022-5,2022-06-13,PR6,49.86,-125.0267,WSGS84,300,CA,5
PR6-6-15-2021-0,2021-06-15,PR6,49.86,-125.0271,WSGS84,300,CA,0
PR6-6-15-2021-10,2021-06-15,PR6,49.86,-125.0271,WSGS84,300,CA,10
PR6-6-15-2021-20,2021-06-15,PR6,49.86,-125.0271,WSGS84,300,CA,20
PR6-6-15-2021-5,2021-06-15,PR6,49.86,-125.0271,WSGS84,300,CA,5
PR6-6-15-2023-0,2023-06-15,PR6,49.86,-125.0267,WSGS84,300,CA,0
PR6-6-15-2023-10,2023-06-15,PR6,49.86,-125.0267,WSGS84,300,CA,10
PR6-6-15-2023-20,2023-06-15,PR6,49.86,-125.0267,WSGS84,300,CA,20
PR6-6-15-2023-5,2023-06-15,PR6,49.86,-125.0267,WSGS84,300,CA,5
PR6-6-19-2018-0,2018-06-19,PR6,49.86,-125.0267,WSGS84,300,CA,0
PR6-6-19-2018-10,2018-06-19,PR6,49.86,-125.0267,WSGS84,300,CA,10
PR6-6-19-2018-20,2018-06-19,PR6,49.86,-125.0267,WSGS84,300,CA,20
PR6-6-19-2018-5,2018-06-19,PR6,49.86,-125.0267,WSGS84,300,CA,5
PR6-6-21-2019-0,2019-06-21,PR6,49.86,-125.0267,WSGS84,300,CA,0
PR6-6-21-2019-10,2019-06-21,PR6,49.86,-125.0267,WSGS84,300,CA,10
PR6-6-21-2019-20,2019-06-21,PR6,49.86,-125.0267,WSGS84,300,CA,20
PR6-6-21-2019-5,2019-06-21,PR6,49.86,-125.0267,WSGS84,300,CA,5
PR6-6-22-2017-0,2017-06-22,PR6,49.8602,-125.0273,WSGS84,300,CA,0
PR6-6-22-2017-10,2017-06-22,PR6,49.86,-125.0267,WSGS84,300,CA,10
PR6-6-22-2017-20,2017-06-22,PR6,49.86,-125.0267,WSGS84,300,CA,20
PR6-6-22-2017-5,2017-06-22,PR6,49.86,-125.0267,WSGS84,300,CA,5
PR6-6-23-2023-0,2023-06-23,PR6,49.86,-125.0267,WSGS84,300,CA,0
PR6-6-23-2023-10,2023-06-23,PR6,49.86,-125.0267,WSGS84,300,CA,10
PR6-6-23-2023-20,2023-06-23,PR6,49.86,-125.0267,WSGS84,300,CA,20
PR6-6-23-2023-5,2023-06-23,PR6,49.86,-125.0267,WSGS84,300,CA,5
PR6-6-26-2020-0,2020-06-26,PR6,49.86,-125.0268,WSGS84,300,CA,0
PR6-6-26-2020-10,2020-06-26,PR6,49.86,-125.0268,WSGS84,300,CA,10
PR6-6-26-2020-20,2020-06-26,PR6,49.86,-125.0268,WSGS84,300,CA,20
PR6-6-26-2020-5,2020-06-26,PR6,49.86,-125.0268,WSGS84,300,CA,5
PR6-6-28-2016-0,2016-06-28,PR6,49.8601,-125.0267,WSGS84,300,CA,0
PR6-6-28-2016-10,2016-06-28,PR6,49.86,-125.0267,WSGS84,300,CA,10
PR6-6-28-2016-20,2016-06-28,PR6,49.86,-125.0267,WSGS84,300,CA,20
PR6-6-28-2016-5,2016-06-28,PR6,49.86,-125.0267,WSGS84,300,CA,5
PR6-6-4-2019-0,2019-06-04,PR6,49.86,-125.0267,WSGS84,300,CA,0
PR6-6-4-2019-10,2019-06-04,PR6,49.86,-125.0267,WSGS84,300,CA,10
PR6-6-4-2019-20,2019-06-04,PR6,49.86,-125.0267,WSGS84,300,CA,20
PR6-6-4-2019-5,2019-06-04,PR6,49.86,-125.0267,WSGS84,300,CA,5
PR6-6-5-2016-0,2016-06-05,PR6,49.86,-125.0267,WSGS84,300,CA,0
PR6-6-5-2016-10,2016-06-05,PR6,49.86,-125.0267,WSGS84,300,CA,10
PR6-6-5-2016-20,2016-06-05,PR6,49.86,-125.0267,WSGS84,300,CA,20
PR6-6-5-2016-5,2016-06-05,PR6,49.86,-125.0267,WSGS84,300,CA,5
PR6-6-5-2020-0,2020-06-05,PR6,49.8602,-124.027,WSGS84,300,CA,0
PR6-6-5-2020-10,2020-06-05,PR6,49.8602,-124.027,WSGS84,300,CA,10
PR6-6-5-2020-20,2020-06-05,PR6,49.8602,-124.027,WSGS84,300,CA,20
PR6-6-5-2020-5,2020-06-05,PR6,49.8602,-124.027,WSGS84,300,CA,5
PR6-6-6-2017-0,2017-06-06,PR6,49.8602,-125.0271,WSGS84,300,CA,0
PR6-6-6-2017-10,2017-06-06,PR6,49.86,-125.0267,WSGS84,300,CA,10
PR6-6-6-2017-20,2017-06-06,PR6,49.86,-125.0267,WSGS84,300,CA,20
PR6-6-6-2017-5,2017-06-06,PR6,49.86,-125.0267,WSGS84,300,CA,5
PR6-6-6-2018-0,2018-06-06,PR6,49.86,-125.0267,WSGS84,300,CA,0
PR6-6-6-2018-10,2018-06-06,PR6,49.86,-125.0267,WSGS84,300,CA,10
PR6-6-6-2018-20,2018-06-06,PR6,49.86,-125.0267,WSGS84,300,CA,20
PR6-6-6-2018-5,2018-06-06,PR6,49.86,-125.0267,WSGS84,300,CA,5
PR6-7-1-2015-0,2015-07-01,PR6,49.8604,-125.0266,WSGS84,300,CA,0
PR6-7-1-2015-10,2015-07-01,PR6,49.86,-125.0267,WSGS84,300,CA,10
PR6-7-1-2015-20,2015-07-01,PR6,49.86,-125.0267,WSGS84,300,CA,20
PR6-7-1-2015-5,2015-07-01,PR6,49.86,-125.0267,WSGS84,300,CA,5
PR6-7-11-2022-0,2022-07-11,PR6,49.86,-125.0267,WSGS84,300,CA,0
PR6-7-11-2022-10,2022-07-11,PR6,49.86,-125.0267,WSGS84,300,CA,10
PR6-7-11-2022-20,2022-07-11,PR6,49.86,-125.0267,WSGS84,300,CA,20
PR6-7-11-2022-5,2022-07-11,PR6,49.86,-125.0267,WSGS84,300,CA,5
PR6-7-12-2018-0,2018-07-12,PR6,49.86,-125.0267,WSGS84,300,CA,0
PR6-7-12-2018-10,2018-07-12,PR6,49.86,-125.0267,WSGS84,300,CA,10
PR6-7-12-2018-20,2018-07-12,PR6,49.86,-125.0267,WSGS84,300,CA,20
PR6-7-12-2018-5,2018-07-12,PR6,49.86,-125.0267,WSGS84,300,CA,5
PR6-7-15-2015-0,2015-07-15,PR6,49.8602,-125.0268,WSGS84,300,CA,0
PR6-7-15-2015-10,2015-07-15,PR6,49.86,-125.0267,WSGS84,300,CA,10
PR6-7-15-2015-20,2015-07-15,PR6,49.86,-125.0267,WSGS84,300,CA,20
PR6-7-15-2015-5,2015-07-15,PR6,49.86,-125.0267,WSGS84,300,CA,5
PR6-7-16-2023-0,2023-07-16,PR6,49.86,-125.0267,WSGS84,300,CA,0
PR6-7-16-2023-10,2023-07-16,PR6,49.86,-125.0267,WSGS84,300,CA,10
PR6-7-16-2023-20,2023-07-16,PR6,49.86,-125.0267,WSGS84,300,CA,20
PR6-7-16-2023-5,2023-07-16,PR6,49.86,-125.0267,WSGS84,300,CA,5
PR6-7-17-2017-0,2017-07-17,PR6,49.8598,-125.0262,WSGS84,300,CA,0
PR6-7-17-2017-10,2017-07-17,PR6,49.86,-125.0267,WSGS84,300,CA,10
PR6-7-17-2017-20,2017-07-17,PR6,49.86,-125.0267,WSGS84,300,CA,20
PR6-7-17-2017-5,2017-07-17,PR6,49.86,-125.0267,WSGS84,300,CA,5
PR6-7-20-2016-0,2016-07-20,PR6,49.8599,-125.0266,WSGS84,300,CA,0
PR6-7-20-2016-10,2016-07-20,PR6,49.86,-125.0267,WSGS84,300,CA,10
PR6-7-20-2016-20,2016-07-20,PR6,49.86,-125.0267,WSGS84,300,CA,20
PR6-7-20-2016-5,2016-07-20,PR6,49.86,-125.0267,WSGS84,300,CA,5
PR6-7-22-2020-0,2020-07-22,PR6,49.86,-125.0266,WSGS84,300,CA,0
PR6-7-22-2020-10,2020-07-22,PR6,49.86,-125.0266,WSGS84,300,CA,10
PR6-7-22-2020-20,2020-07-22,PR6,49.86,-125.0266,WSGS84,300,CA,20
PR6-7-22-2020-5,2020-07-22,PR6,49.86,-125.0266,WSGS84,300,CA,5
PR6-7-22-2022-0,2022-07-22,PR6,49.86,-125.0267,WSGS84,300,CA,0
PR6-7-22-2022-10,2022-07-22,PR6,49.86,-125.0267,WSGS84,300,CA,10
PR6-7-22-2022-20,2022-07-22,PR6,49.86,-125.0267,WSGS84,300,CA,20
PR6-7-22-2022-5,2022-07-22,PR6,49.86,-125.0267,WSGS84,300,CA,5
PR6-7-23-2019-0,2019-07-23,PR6,49.86,-125.0267,WSGS84,300,CA,0
PR6-7-23-2019-10,2019-07-23,PR6,49.86,-125.0267,WSGS84,300,CA,10
PR6-7-23-2019-20,2019-07-23,PR6,49.86,-125.0267,WSGS84,300,CA,20
PR6-7-23-2019-5,2019-07-23,PR6,49.86,-125.0267,WSGS84,300,CA,5
PR6-7-24-2018-0,2018-07-24,PR6,49.86,-125.0267,WSGS84,300,CA,0
PR6-7-24-2018-10,2018-07-24,PR6,49.86,-125.0267,WSGS84,300,CA,10
PR6-7-24-2018-20,2018-07-24,PR6,49.86,-125.0267,WSGS84,300,CA,20
PR6-7-24-2018-5,2018-07-24,PR6,49.86,-125.0267,WSGS84,300,CA,5
PR6-7-25-2016-0,2016-07-25,PR6,49.8599,-125.0268,WSGS84,300,CA,0
PR6-7-25-2016-10,2016-07-25,PR6,49.86,-125.0267,WSGS84,300,CA,10
PR6-7-25-2016-20,2016-07-25,PR6,49.86,-125.0267,WSGS84,300,CA,20
PR6-7-25-2016-5,2016-07-25,PR6,49.86,-125.0267,WSGS84,300,CA,5
PR6-7-26-2023-0,2023-07-26,PR6,49.86,-125.0267,WSGS84,300,CA,0
PR6-7-26-2023-10,2023-07-26,PR6,49.86,-125.0267,WSGS84,300,CA,10
PR6-7-26-2023-20,2023-07-26,PR6,49.86,-125.0267,WSGS84,300,CA,20
PR6-7-26-2023-5,2023-07-26,PR6,49.86,-125.0267,WSGS84,300,CA,5
PR6-7-29-2017-0,2017-07-29,PR6,49.8601,-125.0268,WSGS84,300,CA,0
PR6-7-29-2017-10,2017-07-29,PR6,49.86,-125.0267,WSGS84,300,CA,10
PR6-7-29-2017-20,2017-07-29,PR6,49.86,-125.0267,WSGS84,300,CA,20
PR6-7-29-2017-5,2017-07-29,PR6,49.86,-125.0267,WSGS84,300,CA,5
PR6-7-4-2018-0,2018-07-04,PR6,49.86,-125.0267,WSGS84,300,CA,0
PR6-7-4-2018-10,2018-07-04,PR6,49.86,-125.0267,WSGS84,300,CA,10
PR6-7-4-2018-20,2018-07-04,PR6,49.86,-125.0267,WSGS84,300,CA,20
PR6-7-4-2018-5,2018-07-04,PR6,49.86,-125.0267,WSGS84,300,CA,5
PR6-7-5-2016-0,2016-07-05,PR6,49.8601,-125.0267,WSGS84,300,CA,0
PR6-7-5-2016-10,2016-07-05,PR6,49.86,-125.0267,WSGS84,300,CA,10
PR6-7-5-2016-20,2016-07-05,PR6,49.86,-125.0267,WSGS84,300,CA,20
PR6-7-5-2016-5,2016-07-05,PR6,49.86,-125.0267,WSGS84,300,CA,5
PR6-7-6-2020-0,2020-07-06,PR6,49.8599,-125.0267,WSGS84,300,CA,0
PR6-7-6-2020-10,2020-07-06,PR6,49.8599,-125.0267,WSGS84,300,CA,10
PR6-7-6-2020-20,2020-07-06,PR6,49.8599,-125.0267,WSGS84,300,CA,20
PR6-7-6-2020-5,2020-07-06,PR6,49.8599,-125.0267,WSGS84,300,CA,5
PR6-7-7-2017-0,2017-07-07,PR6,49.8605,-125.0269,WSGS84,300,CA,0
PR6-7-7-2017-10,2017-07-07,PR6,49.86,-125.0267,WSGS84,300,CA,10
PR6-7-7-2017-20,2017-07-07,PR6,49.86,-125.0267,WSGS84,300,CA,20
PR6-7-7-2017-5,2017-07-07,PR6,49.86,-125.0267,WSGS84,300,CA,5
PR6-7-8-2019-0,2019-07-08,PR6,49.86,-125.0267,WSGS84,300,CA,0
PR6-7-8-2019-10,2019-07-08,PR6,49.86,-125.0267,WSGS84,300,CA,10
PR6-7-8-2019-20,2019-07-08,PR6,49.86,-125.0267,WSGS84,300,CA,20
PR6-7-8-2019-5,2019-07-08,PR6,49.86,-125.0267,WSGS84,300,CA,5
PR6-7-8-2021-0,2021-07-08,PR6,49.8599,-125.0273,WSGS84,300,CA,0
PR6-7-8-2021-10,2021-07-08,PR6,49.8599,-125.0273,WSGS84,300,CA,10
PR6-7-8-2021-20,2021-07-08,PR6,49.8599,-125.0273,WSGS84,300,CA,20
PR6-7-8-2021-5,2021-07-08,PR6,49.8599,-125.0273,WSGS84,300,CA,5
PR6-8-11-2022-0,2022-08-11,PR6,49.86,-125.0267,WSGS84,300,CA,0
PR6-8-11-2022-10,2022-08-11,PR6,49.86,-125.0267,WSGS84,300,CA,10
PR6-8-11-2022-20,2022-08-11,PR6,49.86,-125.0267,WSGS84,300,CA,20
PR6-8-11-2022-5,2022-08-11,PR6,49.86,-125.0267,WSGS84,300,CA,5
PR6-8-14-2015-0,2015-08-14,PR6,49.8601,-125.0266,WSGS84,300,CA,0
PR6-8-14-2015-10,2015-08-14,PR6,49.8601,-125.0266,WSGS84,300,CA,10
PR6-8-14-2015-20,2015-08-14,PR6,49.8601,-125.0266,WSGS84,300,CA,20
PR6-8-14-2015-5,2015-08-14,PR6,49.8601,-125.0266,WSGS84,300,CA,5
PR6-8-14-2017-0,2017-08-14,PR6,49.86,-125.027,WSGS84,300,CA,0
PR6-8-14-2017-10,2017-08-14,PR6,49.86,-125.0267,WSGS84,300,CA,10
PR6-8-14-2017-20,2017-08-14,PR6,49.86,-125.0267,WSGS84,300,CA,20
PR6-8-14-2017-5,2017-08-14,PR6,49.86,-125.0267,WSGS84,300,CA,5
PR6-8-14-2018-0,2018-08-14,PR6,49.86,-125.0267,WSGS84,300,CA,0
PR6-8-14-2018-10,2018-08-14,PR6,49.86,-125.0267,WSGS84,300,CA,10
PR6-8-14-2018-20,2018-08-14,PR6,49.86,-125.0267,WSGS84,300,CA,20
PR6-8-14-2018-5,2018-08-14,PR6,49.86,-125.0267,WSGS84,300,CA,5
PR6-8-16-2023-0,2023-08-16,PR6,49.86,-125.0267,WSGS84,300,CA,0
PR6-8-16-2023-10,2023-08-16,PR6,49.86,-125.0267,WSGS84,300,CA,10
PR6-8-16-2023-20,2023-08-16,PR6,49.86,-125.0267,WSGS84,300,CA,20
PR6-8-16-2023-5,2023-08-16,PR6,49.86,-125.0267,WSGS84,300,CA,5
PR6-8-18-2022-0,2022-08-18,PR6,49.86,-125.0267,WSGS84,300,CA,0
PR6-8-18-2022-10,2022-08-18,PR6,49.86,-125.0267,WSGS84,300,CA,10
PR6-8-18-2022-20,2022-08-18,PR6,49.86,-125.0267,WSGS84,300,CA,20
PR6-8-18-2022-5,2022-08-18,PR6,49.86,-125.0267,WSGS84,300,CA,5
PR6-8-20-2019-0,2019-08-20,PR6,49.86,-125.0267,WSGS84,300,CA,0
PR6-8-20-2019-10,2019-08-20,PR6,49.86,-125.0267,WSGS84,300,CA,10
PR6-8-20-2019-20,2019-08-20,PR6,49.86,-125.0267,WSGS84,300,CA,20
PR6-8-20-2019-5,2019-08-20,PR6,49.86,-125.0267,WSGS84,300,CA,5
PR6-8-22-2017-0,2017-08-22,PR6,49.8601,-125.0268,WSGS84,300,CA,0
PR6-8-22-2017-10,2017-08-22,PR6,49.86,-125.0267,WSGS84,300,CA,10
PR6-8-22-2017-20,2017-08-22,PR6,49.86,-125.0267,WSGS84,300,CA,20
PR6-8-22-2017-5,2017-08-22,PR6,49.86,-125.0267,WSGS84,300,CA,5
PR6-8-23-2016-0,2016-08-23,PR6,49.8601,-125.0266,WSGS84,300,CA,0
PR6-8-23-2016-10,2016-08-23,PR6,49.86,-125.0267,WSGS84,300,CA,10
PR6-8-23-2016-20,2016-08-23,PR6,49.86,-125.0267,WSGS84,300,CA,20
PR6-8-23-2016-5,2016-08-23,PR6,49.86,-125.0267,WSGS84,300,CA,5
PR6-8-23-2018-0,2018-08-23,PR6,49.86,-125.0267,WSGS84,300,CA,0
PR6-8-23-2018-10,2018-08-23,PR6,49.86,-125.0267,WSGS84,300,CA,10
PR6-8-23-2018-20,2018-08-23,PR6,49.86,-125.0267,WSGS84,300,CA,20
PR6-8-23-2018-5,2018-08-23,PR6,49.86,-125.0267,WSGS84,300,CA,5
PR6-8-23-2023-0,2023-08-23,PR6,49.86,-125.0267,WSGS84,300,CA,0
PR6-8-23-2023-10,2023-08-23,PR6,49.86,-125.0267,WSGS84,300,CA,10
PR6-8-23-2023-20,2023-08-23,PR6,49.86,-125.0267,WSGS84,300,CA,20
PR6-8-23-2023-5,2023-08-23,PR6,49.86,-125.0267,WSGS84,300,CA,5
PR6-8-25-2020-0,2020-08-25,PR6,49.8597,-124.0265,WSGS84,300,CA,0
PR6-8-25-2020-10,2020-08-25,PR6,49.8597,-124.0265,WSGS84,300,CA,10
PR6-8-25-2020-20,2020-08-25,PR6,49.8597,-124.0265,WSGS84,300,CA,20
PR6-8-25-2020-5,2020-08-25,PR6,49.8597,-124.0265,WSGS84,300,CA,5
PR6-8-28-2021-0,2021-08-28,PR6,49.8598,-125.0263,WSGS84,300,CA,0
PR6-8-28-2021-10,2021-08-28,PR6,49.8598,-125.0263,WSGS84,300,CA,10
PR6-8-28-2021-20,2021-08-28,PR6,49.8598,-125.0263,WSGS84,300,CA,20
PR6-8-28-2021-5,2021-08-28,PR6,49.8598,-125.0263,WSGS84,300,CA,5
PR6-8-3-2016-0,2016-08-03,PR6,49.8599,-125.0279,WSGS84,300,CA,0
PR6-8-3-2016-10,2016-08-03,PR6,49.86,-125.0267,WSGS84,300,CA,10
PR6-8-3-2016-20,2016-08-03,PR6,49.86,-125.0267,WSGS84,300,CA,20
PR6-8-3-2016-5,2016-08-03,PR6,49.86,-125.0267,WSGS84,300,CA,5
PR6-8-4-2020-0,2020-08-04,PR6,49.8601,-125.0266,WSGS84,300,CA,0
PR6-8-4-2020-10,2020-08-04,PR6,49.8601,-125.0266,WSGS84,300,CA,10
PR6-8-4-2020-20,2020-08-04,PR6,49.8601,-125.0266,WSGS84,300,CA,20
PR6-8-4-2020-5,2020-08-04,PR6,49.8601,-125.0266,WSGS84,300,CA,5
PR6-8-6-2015-0,2015-08-06,PR6,49.8599,-125.0267,WSGS84,300,CA,0
PR6-8-6-2015-10,2015-08-06,PR6,49.8599,-125.0267,WSGS84,300,CA,10
PR6-8-6-2015-20,2015-08-06,PR6,49.8599,-125.0267,WSGS84,300,CA,20
PR6-8-6-2015-5,2015-08-06,PR6,49.8599,-125.0267,WSGS84,300,CA,5
PR6-8-7-2019-0,2019-08-07,PR6,49.86,-125.0267,WSGS84,300,CA,0
PR6-8-7-2019-10,2019-08-07,PR6,49.86,-125.0267,WSGS84,300,CA,10
PR6-8-7-2019-20,2019-08-07,PR6,49.86,-125.0267,WSGS84,300,CA,20
PR6-8-7-2019-5,2019-08-07,PR6,49.86,-125.0267,WSGS84,300,CA,5
PR6-8-8-2017-0,2017-08-08,PR6,49.86,-125.0267,WSGS84,300,CA,0
PR6-8-8-2017-10,2017-08-08,PR6,49.86,-125.0267,WSGS84,300,CA,10
PR6-8-8-2017-20,2017-08-08,PR6,49.86,-125.0267,WSGS84,300,CA,20
PR6-8-8-2017-5,2017-08-08,PR6,49.86,-125.0267,WSGS84,300,CA,5
PR6-8-8-2021-0,2021-08-08,PR6,49.86,-125.0271,WSGS84,300,CA,0
PR6-8-8-2021-10,2021-08-08,PR6,49.86,-125.0271,WSGS84,300,CA,10
PR6-8-8-2021-20,2021-08-08,PR6,49.86,-125.0271,WSGS84,300,CA,20
PR6-8-8-2021-5,2021-08-08,PR6,49.86,-125.0271,WSGS84,300,CA,5
PR6-8-9-2016-0,2016-08-09,PR6,49.8599,-125.0265,WSGS84,300,CA,0
PR6-8-9-2016-10,2016-08-09,PR6,49.86,-125.0267,WSGS84,300,CA,10
PR6-8-9-2016-20,2016-08-09,PR6,49.86,-125.0267,WSGS84,300,CA,20
PR6-8-9-2016-5,2016-08-09,PR6,49.86,-125.0267,WSGS84,300,CA,5
PR6-9-10-2022-0,2022-09-10,PR6,49.86,-125.0267,WSGS84,300,CA,0
PR6-9-10-2022-10,2022-09-10,PR6,49.86,-125.0267,WSGS84,300,CA,10
PR6-9-10-2022-20,2022-09-10,PR6,49.86,-125.0267,WSGS84,300,CA,20
PR6-9-10-2022-5,2022-09-10,PR6,49.86,-125.0267,WSGS84,300,CA,5
PR6-9-13-2023-0,2023-09-13,PR6,49.86,-125.0267,WSGS84,300,CA,0
PR6-9-13-2023-10,2023-09-13,PR6,49.86,-125.0267,WSGS84,300,CA,10
PR6-9-13-2023-20,2023-09-13,PR6,49.86,-125.0267,WSGS84,300,CA,20
PR6-9-13-2023-5,2023-09-13,PR6,49.86,-125.0267,WSGS84,300,CA,5
PR6-9-16-2021-0,2021-09-16,PR6,49.8599,-125.0269,WSGS84,300,CA,0
PR6-9-16-2021-10,2021-09-16,PR6,49.8599,-125.0269,WSGS84,300,CA,10
PR6-9-16-2021-20,2021-09-16,PR6,49.8599,-125.0269,WSGS84,300,CA,20
PR6-9-16-2021-5,2021-09-16,PR6,49.8599,-125.0269,WSGS84,300,CA,5
PR6-9-17-2020-0,2020-09-17,PR6,49.86,-124.0266,WSGS84,300,CA,0
PR6-9-17-2020-10,2020-09-17,PR6,49.86,-124.0266,WSGS84,300,CA,10
PR6-9-17-2020-20,2020-09-17,PR6,49.86,-124.0266,WSGS84,300,CA,20
PR6-9-17-2020-5,2020-09-17,PR6,49.86,-124.0266,WSGS84,300,CA,5
PR6-9-17-2022-0,2022-09-17,PR6,49.86,-125.0267,WSGS84,300,CA,0
PR6-9-17-2022-10,2022-09-17,PR6,49.86,-125.0267,WSGS84,300,CA,10
PR6-9-17-2022-20,2022-09-17,PR6,49.86,-125.0267,WSGS84,300,CA,20
PR6-9-17-2022-5,2022-09-17,PR6,49.86,-125.0267,WSGS84,300,CA,5
PR6-9-19-2019-0,2019-09-19,PR6,49.86,-125.0267,WSGS84,300,CA,0
PR6-9-19-2019-10,2019-09-19,PR6,49.86,-125.0267,WSGS84,300,CA,10
PR6-9-19-2019-20,2019-09-19,PR6,49.86,-125.0267,WSGS84,300,CA,20
PR6-9-19-2019-5,2019-09-19,PR6,49.86,-125.0267,WSGS84,300,CA,5
PR6-9-21-2016-0,2016-09-21,PR6,49.8599,-125.0267,WSGS84,300,CA,0
PR6-9-21-2016-10,2016-09-21,PR6,49.86,-125.0267,WSGS84,300,CA,10
PR6-9-21-2016-20,2016-09-21,PR6,49.86,-125.0267,WSGS84,300,CA,20
PR6-9-21-2016-5,2016-09-21,PR6,49.86,-125.0267,WSGS84,300,CA,5
PR6-9-22-2023-0,2023-09-22,PR6,49.86,-125.0267,WSGS84,300,CA,0
PR6-9-22-2023-10,2023-09-22,PR6,49.86,-125.0267,WSGS84,300,CA,10
PR6-9-22-2023-20,2023-09-22,PR6,49.86,-125.0267,WSGS84,300,CA,20
PR6-9-22-2023-5,2023-09-22,PR6,49.86,-125.0267,WSGS84,300,CA,5
PR6-9-24-2018-0,2018-09-24,PR6,49.86,-125.0267,WSGS84,300,CA,0
PR6-9-24-2018-10,2018-09-24,PR6,49.86,-125.0267,WSGS84,300,CA,10
PR6-9-24-2018-20,2018-09-24,PR6,49.86,-125.0267,WSGS84,300,CA,20
PR6-9-24-2018-5,2018-09-24,PR6,49.86,-125.0267,WSGS84,300,CA,5
PR6-9-24-2021-0,2021-09-24,PR6,49.8599,-125.0265,WSGS84,300,CA,0
PR6-9-24-2021-10,2021-09-24,PR6,49.8599,-125.0265,WSGS84,300,CA,10
PR6-9-24-2021-20,2021-09-24,PR6,49.8599,-125.0265,WSGS84,300,CA,20
PR6-9-24-2021-5,2021-09-24,PR6,49.8599,-125.0265,WSGS84,300,CA,5
PR6-9-26-2017-0,2017-09-26,PR6,49.86,-125.0267,WSGS84,300,CA,0
PR6-9-26-2017-10,2017-09-26,PR6,49.86,-125.0267,WSGS84,300,CA,10
PR6-9-26-2017-20,2017-09-26,PR6,49.86,-125.0267,WSGS84,300,CA,20
PR6-9-26-2017-5,2017-09-26,PR6,49.86,-125.0267,WSGS84,300,CA,5
PR6-9-26-2020-0,2020-09-26,PR6,49.86,-124.0268,WSGS84,300,CA,0
PR6-9-26-2020-10,2020-09-26,PR6,49.86,-124.0268,WSGS84,300,CA,10
PR6-9-26-2020-20,2020-09-26,PR6,49.86,-124.0268,WSGS84,300,CA,20
PR6-9-26-2020-5,2020-09-26,PR6,49.86,-124.0268,WSGS84,300,CA,5
PR6-9-4-2019-0,2019-09-04,PR6,49.86,-125.0267,WSGS84,300,CA,0
PR6-9-4-2019-10,2019-09-04,PR6,49.86,-125.0267,WSGS84,300,CA,10
PR6-9-4-2019-20,2019-09-04,PR6,49.86,-125.0267,WSGS84,300,CA,20
PR6-9-4-2019-5,2019-09-04,PR6,49.86,-125.0267,WSGS84,300,CA,5
PR6-9-5-2018-0,2018-09-05,PR6,49.86,-125.0267,WSGS84,300,CA,0
PR6-9-5-2018-10,2018-09-05,PR6,49.86,-125.0267,WSGS84,300,CA,10
PR6-9-5-2018-20,2018-09-05,PR6,49.86,-125.0267,WSGS84,300,CA,20
PR6-9-5-2018-5,2018-09-05,PR6,49.86,-125.0267,WSGS84,300,CA,5
PR6-9-6-2017-0,2017-09-06,PR6,49.8601,-125.0267,WSGS84,300,CA,0
PR6-9-6-2017-10,2017-09-06,PR6,49.86,-125.0267,WSGS84,300,CA,10
PR6-9-6-2017-20,2017-09-06,PR6,49.86,-125.0267,WSGS84,300,CA,20
PR6-9-6-2017-5,2017-09-06,PR6,49.86,-125.0267,WSGS84,300,CA,5
PR6-9-7-2016-0,2016-09-07,PR6,49.8604,-125.0268,WSGS84,300,CA,0
PR6-9-7-2016-10,2016-09-07,PR6,49.86,-125.0267,WSGS84,300,CA,10
PR6-9-7-2016-20,2016-09-07,PR6,49.86,-125.0267,WSGS84,300,CA,20
PR6-9-7-2016-5,2016-09-07,PR6,49.86,-125.0267,WSGS84,300,CA,5
PR7-1-13-2021-0,2021-01-13,PR7,49.9033,-124.9883,WSGS84,300,CA,0
PR7-1-15-2022-0,2022-01-15,PR7,49.9033,-124.9883,WSGS84,300,CA,0
PR7-1-24-2019-0,2019-01-24,PR7,49.9033,-124.9883,WSGS84,300,CA,0
PR7-10-1-2020-0,2020-10-01,PR7,49.9035,-124.9883,WSGS84,300,CA,0
PR7-10-10-2018-0,2018-10-10,PR7,49.9033,-124.9883,WSGS84,300,CA,0
PR7-10-13-2023-0,2023-10-13,PR7,49.9033,-124.9883,WSGS84,300,CA,0
PR7-10-15-2017-0,2017-10-15,PR7,49.9036,-124.9887,WSGS84,300,CA,0
PR7-10-17-2016-0,2016-10-17,PR7,49.9033,-124.9883,WSGS84,300,CA,0
PR7-10-18-2021-0,2021-10-18,PR7,49.9034,-124.9887,WSGS84,300,CA,0
PR7-10-29-2018-0,2018-10-29,PR7,49.9033,-124.9883,WSGS84,300,CA,0
PR7-10-5-2015-0,2015-10-05,PR7,49.9035,-124.9883,WSGS84,300,CA,0
PR7-10-7-2022-0,2022-10-07,PR7,49.9033,-124.9883,WSGS84,300,CA,0
PR7-10-9-2019-0,2019-10-09,PR7,49.9033,-124.9883,WSGS84,300,CA,0
PR7-11-13-2019-0,2019-11-13,PR7,49.9033,-124.9883,WSGS84,300,CA,0
PR7-12-9-2020-0,2020-12-09,PR7,49.9035,-124.9884,WSGS84,300,CA,0
PR7-12-9-2021-0,2021-12-09,PR7,49.9033,-124.9883,WSGS84,300,CA,0
PR7-2-15-2015-0,2015-02-15,PR7,49.9033,-124.9883,WSGS84,300,CA,0
PR7-2-20-2016-0,2016-02-20,PR7,49.9033,-124.9883,WSGS84,300,CA,0
PR7-2-24-2021-0,2021-02-24,PR7,49.9034,-124.9888,WSGS84,300,CA,0
PR7-2-24-2022-0,2022-02-24,PR7,49.9033,-124.9883,WSGS84,300,CA,0
PR7-2-26-2020-0,2020-02-26,PR7,49.9034,-124.9888,WSGS84,300,CA,0
PR7-2-27-2023-0,2023-02-27,PR7,49.9033,-124.9883,WSGS84,300,CA,0
PR7-3-1-2017-0,2017-03-01,PR7,49.9035,-124.9881,WSGS84,300,CA,0
PR7-3-10-2015-0,2015-03-10,PR7,49.9033,-124.9883,WSGS84,300,CA,0
PR7-3-11-2021-0,2021-03-11,PR7,49.9034,-124.9885,WSGS84,300,CA,0
PR7-3-13-2015-0,2015-03-13,PR7,49.9035,-124.9886,WSGS84,300,CA,0
PR7-3-13-2018-0,2018-03-13,PR7,49.9033,-124.9883,WSGS84,300,CA,0
PR7-3-15-2023-0,2023-03-15,PR7,49.9033,-124.9883,WSGS84,300,CA,0
PR7-3-16-2020-0,2020-03-16,PR7,49.9033,-124.9883,WSGS84,300,CA,0
PR7-3-16-2022-0,2022-03-16,PR7,49.9033,-124.9883,WSGS84,300,CA,0
PR7-3-17-2019-0,2019-03-17,PR7,49.9033,-124.9883,WSGS84,300,CA,0
PR7-3-18-2015-0,2015-03-18,PR7,49.9035,-124.9884,WSGS84,300,CA,0
PR7-3-18-2016-0,2016-03-18,PR7,49.9033,-124.9883,WSGS84,300,CA,0
PR7-3-20-2017-0,2017-03-20,PR7,49.9034,-124.9882,WSGS84,300,CA,0
PR7-3-22-2021-0,2021-03-22,PR7,49.9035,-124.9885,WSGS84,300,CA,0
PR7-3-24-2018-0,2018-03-24,PR7,49.9033,-124.9883,WSGS84,300,CA,0
PR7-3-24-2022-0,2022-03-24,PR7,49.9033,-124.9883,WSGS84,300,CA,0
PR7-3-28-2015-0,2015-03-28,PR7,49.9034,-124.9885,WSGS84,300,CA,0
PR7-3-29-2016-0,2016-03-29,PR7,49.9033,-124.9883,WSGS84,300,CA,0
PR7-3-29-2023-0,2023-03-29,PR7,49.9033,-124.9883,WSGS84,300,CA,0
PR7-3-30-2019-0,2019-03-30,PR7,49.9033,-124.9883,WSGS84,300,CA,0
PR7-3-30-2021-0,2021-03-30,PR7,49.9034,-124.9883,WSGS84,300,CA,0
PR7-3-5-2023-0,2023-03-05,PR7,49.9033,-124.9883,WSGS84,300,CA,0
PR7-3-8-2018-0,2018-03-08,PR7,49.9033,-124.9883,WSGS84,300,CA,0
PR7-3-8-2019-0,2019-03-08,PR7,49.9033,-124.9883,WSGS84,300,CA,0
PR7-3-9-2017-0,2017-03-09,PR7,49.9035,-124.9884,WSGS84,300,CA,0
PR7-3-9-2020-0,2020-03-09,PR7,49.9033,-124.9883,WSGS84,300,CA,0
PR7-3-9-2022-0,2022-03-09,PR7,49.9033,-124.9883,WSGS84,300,CA,0
PR7-4-1-2020-0,2020-04-01,PR7,49.9032,-124.9886,WSGS84,300,CA,0
PR7-4-10-2016-0,2016-04-10,PR7,49.9033,-124.9883,WSGS84,300,CA,0
PR7-4-10-2021-0,2021-04-10,PR7,49.9031,-124.9889,WSGS84,300,CA,0
PR7-4-13-2023-0,2023-04-13,PR7,49.9033,-124.9883,WSGS84,300,CA,0
PR7-4-14-2022-0,2022-04-14,PR7,49.9033,-124.9883,WSGS84,300,CA,0
PR7-4-15-2017-0,2017-04-15,PR7,49.9034,-124.9886,WSGS84,300,CA,0
PR7-4-18-2016-0,2016-04-18,PR7,49.9033,-124.9883,WSGS84,300,CA,0
PR7-4-18-2018-0,2018-04-18,PR7,49.9033,-124.9883,WSGS84,300,CA,0
PR7-4-19-2015-0,2015-04-19,PR7,49.9033,-124.9885,WSGS84,300,CA,0
PR7-4-19-2019-0,2019-04-19,PR7,49.9033,-124.9883,WSGS84,300,CA,0
PR7-4-2-2015-0,2015-04-02,PR7,49.9034,-124.9885,WSGS84,300,CA,0
PR7-4-2-2018-0,2018-04-02,PR7,49.9033,-124.9883,WSGS84,300,CA,0
PR7-4-2-2023-0,2023-04-02,PR7,49.9033,-124.9883,WSGS84,300,CA,0
PR7-4-20-2021-0,2021-04-20,PR7,49.9033,-124.9884,WSGS84,300,CA,0
PR7-4-22-2022-0,2022-04-22,PR7,49.9033,-124.9883,WSGS84,300,CA,0
PR7-4-23-2020-0,2020-04-23,PR7,49.9039,-124.9882,WSGS84,300,CA,0
PR7-4-24-2017-0,2017-04-24,PR7,49.9034,-124.9886,WSGS84,300,CA,0
PR7-4-25-2018-0,2018-04-25,PR7,49.9033,-124.9883,WSGS84,300,CA,0
PR7-4-25-2023-0,2023-04-25,PR7,49.9033,-124.9883,WSGS84,300,CA,0
PR7-4-26-2016-0,2016-04-26,PR7,49.9033,-124.9883,WSGS84,300,CA,0
PR7-4-29-2020-0,2020-04-29,PR7,49.9036,-124.9884,WSGS84,300,CA,0
PR7-4-6-2021-0,2021-04-06,PR7,49.9034,-124.9886,WSGS84,300,CA,0
PR7-4-7-2022-0,2022-04-07,PR7,49.9033,-124.9883,WSGS84,300,CA,0
PR7-4-8-2019-0,2019-04-08,PR7,49.9033,-124.9883,WSGS84,300,CA,0
PR7-4-9-2015-0,2015-04-09,PR7,49.9035,-124.9883,WSGS84,300,CA,0
PR7-5-10-2017-0,2017-05-10,PR7,49.9035,-124.9886,WSGS84,300,CA,0
PR7-5-11-2021-0,2021-05-11,PR7,49.9036,-124.9882,WSGS84,300,CA,0
PR7-5-13-2022-0,2022-05-13,PR7,49.9033,-124.9883,WSGS84,300,CA,0
PR7-5-14-2020-0,2020-05-14,PR7,49.9035,-124.9884,WSGS84,300,CA,0
PR7-5-16-2016-0,2016-05-16,PR7,49.9033,-124.9883,WSGS84,300,CA,0
PR7-5-16-2018-0,2018-05-16,PR7,49.9033,-124.9883,WSGS84,300,CA,0
PR7-5-19-2015-0,2015-05-19,PR7,49.9033,-124.9888,WSGS84,300,CA,0
PR7-5-22-2017-0,2017-05-22,PR7,49.9035,-124.9886,WSGS84,300,CA,0
PR7-5-22-2022-0,2022-05-22,PR7,49.9033,-124.9883,WSGS84,300,CA,0
PR7-5-24-2016-0,2016-05-24,PR7,49.9033,-124.9883,WSGS84,300,CA,0
PR7-5-25-2015-0,2015-05-25,PR7,49.9035,-124.9883,WSGS84,300,CA,0
PR7-5-26-2023-0,2023-05-26,PR7,49.9033,-124.9883,WSGS84,300,CA,0
PR7-5-30-2018-0,2018-05-30,PR7,49.9033,-124.9883,WSGS84,300,CA,0
PR7-5-4-2017-0,2017-05-04,PR7,49.9034,-124.9885,WSGS84,300,CA,0
PR7-5-4-2023-0,2023-05-04,PR7,49.9033,-124.9883,WSGS84,300,CA,0
PR7-5-7-2020-0,2020-05-07,PR7,49.9035,-124.9885,WSGS84,300,CA,0
PR7-5-8-2018-0,2018-05-08,PR7,49.9033,-124.9883,WSGS84,300,CA,0
PR7-5-9-2016-0,2016-05-09,PR7,49.9033,-124.9883,WSGS84,300,CA,0
PR7-6-10-2015-0,2015-06-10,PR7,49.9034,-124.9884,WSGS84,300,CA,0
PR7-6-10-2021-0,2021-06-10,PR7,49.9033,-124.9883,WSGS84,300,CA,0
PR7-6-13-2016-0,2016-06-13,PR7,49.9033,-124.9883,WSGS84,300,CA,0
PR7-6-13-2017-0,2017-06-13,PR7,49.9033,-124.9883,WSGS84,300,CA,0
PR7-6-13-2018-0,2018-06-13,PR7,49.9033,-124.9883,WSGS84,300,CA,0
PR7-6-13-2022-0,2022-06-13,PR7,49.9033,-124.9883,WSGS84,300,CA,0
PR7-6-15-2021-0,2021-06-15,PR7,49.9036,-124.989,WSGS84,300,CA,0
PR7-6-15-2023-0,2023-06-15,PR7,49.9033,-124.9883,WSGS84,300,CA,0
PR7-6-19-2018-0,2018-06-19,PR7,49.9033,-124.9883,WSGS84,300,CA,0
PR7-6-21-2019-0,2019-06-21,PR7,49.9033,-124.9883,WSGS84,300,CA,0
PR7-6-22-2017-0,2017-06-22,PR7,49.9035,-124.9885,WSGS84,300,CA,0
PR7-6-23-2023-0,2023-06-23,PR7,49.9033,-124.9883,WSGS84,300,CA,0
PR7-6-26-2020-0,2020-06-26,PR7,49.9035,-124.9886,WSGS84,300,CA,0
PR7-6-28-2016-0,2016-06-28,PR7,49.9033,-124.9883,WSGS84,300,CA,0
PR7-6-4-2019-0,2019-06-04,PR7,49.9033,-124.9883,WSGS84,300,CA,0
PR7-6-5-2016-0,2016-06-05,PR7,49.9033,-124.9883,WSGS84,300,CA,0
PR7-6-5-2020-0,2020-06-05,PR7,49.9035,-124.9884,WSGS84,300,CA,0
PR7-6-6-2017-0,2017-06-06,PR7,49.9038,-124.9886,WSGS84,300,CA,0
PR7-6-6-2018-0,2018-06-06,PR7,49.9033,-124.9883,WSGS84,300,CA,0
PR7-7-1-2015-0,2015-07-01,PR7,49.9035,-124.9883,WSGS84,300,CA,0
PR7-7-11-2022-0,2022-07-11,PR7,49.9033,-124.9883,WSGS84,300,CA,0
PR7-7-12-2018-0,2018-07-12,PR7,49.9033,-124.9883,WSGS84,300,CA,0
PR7-7-15-2015-0,2015-07-15,PR7,49.9036,-124.9885,WSGS84,300,CA,0
PR7-7-16-2023-0,2023-07-16,PR7,49.9033,-124.9883,WSGS84,300,CA,0
PR7-7-17-2017-0,2017-07-17,PR7,49.9033,-124.9881,WSGS84,300,CA,0
PR7-7-20-2016-0,2016-07-20,PR7,49.9033,-124.9883,WSGS84,300,CA,0
PR7-7-22-2020-0,2020-07-22,PR7,49.9035,-124.9885,WSGS84,300,CA,0
PR7-7-22-2022-0,2022-07-22,PR7,49.9033,-124.9883,WSGS84,300,CA,0
PR7-7-23-2019-0,2019-07-23,PR7,49.9033,-124.9883,WSGS84,300,CA,0
PR7-7-24-2018-0,2018-07-24,PR7,49.9033,-124.9883,WSGS84,300,CA,0
PR7-7-25-2016-0,2016-07-25,PR7,49.9035,-124.9885,WSGS84,300,CA,0
PR7-7-26-2023-0,2023-07-26,PR7,49.9033,-124.9883,WSGS84,300,CA,0
PR7-7-29-2017-0,2017-07-29,PR7,49.9035,-124.9885,WSGS84,300,CA,0
PR7-7-4-2018-0,2018-07-04,PR7,49.9033,-124.9883,WSGS84,300,CA,0
PR7-7-5-2016-0,2016-07-05,PR7,49.9033,-124.9883,WSGS84,300,CA,0
PR7-7-6-2020-0,2020-07-06,PR7,49.9034,-124.9887,WSGS84,300,CA,0
PR7-7-7-2017-0,2017-07-07,PR7,49.9036,-124.9885,WSGS84,300,CA,0
PR7-7-8-2019-0,2019-07-08,PR7,49.9033,-124.9883,WSGS84,300,CA,0
PR7-7-8-2021-0,2021-07-08,PR7,49.9033,-124.9881,WSGS84,300,CA,0
PR7-8-11-2022-0,2022-08-11,PR7,49.9033,-124.9883,WSGS84,300,CA,0
PR7-8-14-2015-0,2015-08-14,PR7,49.9035,-124.9884,WSGS84,300,CA,0
PR7-8-14-2017-0,2017-08-14,PR7,49.9035,-124.9883,WSGS84,300,CA,0
PR7-8-14-2018-0,2018-08-14,PR7,49.9033,-124.9883,WSGS84,300,CA,0
PR7-8-16-2023-0,2023-08-16,PR7,49.9033,-124.9883,WSGS84,300,CA,0
PR7-8-18-2022-0,2022-08-18,PR7,49.9033,-124.9883,WSGS84,300,CA,0
PR7-8-20-2019-0,2019-08-20,PR7,49.9033,-124.9883,WSGS84,300,CA,0
PR7-8-22-2017-0,2017-08-22,PR7,49.9034,-124.9885,WSGS84,300,CA,0
PR7-8-23-2016-0,2016-08-23,PR7,49.9036,-124.9884,WSGS84,300,CA,0
PR7-8-23-2018-0,2018-08-23,PR7,49.9033,-124.9883,WSGS84,300,CA,0
PR7-8-23-2023-0,2023-08-23,PR7,49.9033,-124.9883,WSGS84,300,CA,0
PR7-8-25-2020-0,2020-08-25,PR7,49.9034,-124.9884,WSGS84,300,CA,0
PR7-8-28-2021-0,2021-08-28,PR7,49.9034,-124.9885,WSGS84,300,CA,0
PR7-8-3-2016-0,2016-08-03,PR7,49.9033,-124.9883,WSGS84,300,CA,0
PR7-8-4-2020-0,2020-08-04,PR7,49.9036,-124.9889,WSGS84,300,CA,0
PR7-8-6-2015-0,2015-08-06,PR7,49.9035,-124.9886,WSGS84,300,CA,0
PR7-8-7-2019-0,2019-08-07,PR7,49.9033,-124.9883,WSGS84,300,CA,0
PR7-8-8-2017-0,2017-08-08,PR7,49.9033,-124.9883,WSGS84,300,CA,0
PR7-8-8-2021-0,2021-08-08,PR7,49.9031,-124.9895,WSGS84,300,CA,0
PR7-8-9-2016-0,2016-08-09,PR7,49.9033,-124.9883,WSGS84,300,CA,0
PR7-9-10-2022-0,2022-09-10,PR7,49.9033,-124.9883,WSGS84,300,CA,0
PR7-9-13-2023-0,2023-09-13,PR7,49.9033,-124.9883,WSGS84,300,CA,0
PR7-9-16-2021-0,2021-09-16,PR7,49.9035,-124.9881,WSGS84,300,CA,0
PR7-9-17-2020-0,2020-09-17,PR7,49.9535,-124.9885,WSGS84,300,CA,0
PR7-9-17-2022-0,2022-09-17,PR7,49.9033,-124.9883,WSGS84,300,CA,0
PR7-9-19-2019-0,2019-09-19,PR7,49.9033,-124.9883,WSGS84,300,CA,0
PR7-9-21-2016-0,2016-09-21,PR7,49.9035,-124.9885,WSGS84,300,CA,0
PR7-9-22-2023-0,2023-09-22,PR7,49.9033,-124.9883,WSGS84,300,CA,0
PR7-9-24-2018-0,2018-09-24,PR7,49.9033,-124.9883,WSGS84,300,CA,0
PR7-9-24-2021-0,2021-09-24,PR7,49.9033,-124.9884,WSGS84,300,CA,0
PR7-9-26-2017-0,2017-09-26,PR7,49.9033,-124.9883,WSGS84,300,CA,0
PR7-9-26-2020-0,2020-09-26,PR7,49.9035,-124.9883,WSGS84,300,CA,0
PR7-9-4-2019-0,2019-09-04,PR7,49.9033,-124.9883,WSGS84,300,CA,0
PR7-9-5-2018-0,2018-09-05,PR7,49.9033,-124.9883,WSGS84,300,CA,0
PR7-9-6-2017-0,2017-09-06,PR7,49.9035,-124.9884,WSGS84,300,CA,0
PR7-9-7-2016-0,2016-09-07,PR7,49.9035,-124.9885,WSGS84,300,CA,0
PR8-1-13-2021-0,2021-01-13,PR8,49.9217,-124.92,WSGS84,300,CA,0
PR8-1-15-2022-0,2022-01-15,PR8,49.9217,-124.92,WSGS84,300,CA,0
PR8-1-24-2019-0,2019-01-24,PR8,49.9217,-124.92,WSGS84,300,CA,0
PR8-10-1-2020-0,2020-10-01,PR8,49.9217,-124.92,WSGS84,300,CA,0
PR8-10-10-2018-0,2018-10-10,PR8,49.9217,-124.92,WSGS84,300,CA,0
PR8-10-13-2023-0,2023-10-13,PR8,49.9217,-124.92,WSGS84,300,CA,0
PR8-10-15-2017-0,2017-10-15,PR8,49.9218,-124.9204,WSGS84,300,CA,0
PR8-10-17-2016-0,2016-10-17,PR8,49.9217,-124.92,WSGS84,300,CA,0
PR8-10-18-2021-0,2021-10-18,PR8,49.9216,-124.9204,WSGS84,300,CA,0
PR8-10-29-2018-0,2018-10-29,PR8,49.9217,-124.92,WSGS84,300,CA,0
PR8-10-5-2015-0,2015-10-05,PR8,49.9217,-124.92,WSGS84,300,CA,0
PR8-10-7-2022-0,2022-10-07,PR8,49.9217,-124.92,WSGS84,300,CA,0
PR8-10-9-2019-0,2019-10-09,PR8,49.9217,-124.92,WSGS84,300,CA,0
PR8-11-13-2019-0,2019-11-13,PR8,49.9217,-124.92,WSGS84,300,CA,0
PR8-12-9-2020-0,2020-12-09,PR8,49.9217,-124.92,WSGS84,300,CA,0
PR8-12-9-2021-0,2021-12-09,PR8,49.9217,-124.92,WSGS84,300,CA,0
PR8-2-15-2015-0,2015-02-15,PR8,49.9215,-124.9198,WSGS84,300,CA,0
PR8-2-18-2016-0,2016-02-18,PR8,49.9217,-124.92,WSGS84,300,CA,0
PR8-2-24-2021-0,2021-02-24,PR8,49.9218,-124.92,WSGS84,300,CA,0
PR8-2-24-2022-0,2022-02-24,PR8,49.9217,-124.92,WSGS84,300,CA,0
PR8-2-26-2020-0,2020-02-26,PR8,49.9215,-124.9208,WSGS84,300,CA,0
PR8-2-27-2023-0,2023-02-27,PR8,49.9217,-124.92,WSGS84,300,CA,0
PR8-3-1-2017-0,2017-03-01,PR8,49.9216,-124.92,WSGS84,300,CA,0
PR8-3-10-2015-0,2015-03-10,PR8,49.9217,-124.92,WSGS84,300,CA,0
PR8-3-11-2021-0,2021-03-11,PR8,49.9215,-124.9202,WSGS84,300,CA,0
PR8-3-13-2015-0,2015-03-13,PR8,49.9216,-124.9201,WSGS84,300,CA,0
PR8-3-13-2018-0,2018-03-13,PR8,49.9217,-124.92,WSGS84,300,CA,0
PR8-3-15-2023-0,2023-03-15,PR8,49.9217,-124.92,WSGS84,300,CA,0
PR8-3-16-2020-0,2020-03-16,PR8,49.9217,-124.92,WSGS84,300,CA,0
PR8-3-16-2022-0,2022-03-16,PR8,49.9217,-124.92,WSGS84,300,CA,0
PR8-3-17-2019-0,2019-03-17,PR8,49.9217,-124.92,WSGS84,300,CA,0
PR8-3-18-2015-0,2015-03-18,PR8,49.9216,-124.92,WSGS84,300,CA,0
PR8-3-18-2016-0,2016-03-18,PR8,49.9217,-124.9201,WSGS84,300,CA,0
PR8-3-20-2017-0,2017-03-20,PR8,49.9215,-124.9201,WSGS84,300,CA,0
PR8-3-22-2021-0,2021-03-22,PR8,49.9217,-124.9203,WSGS84,300,CA,0
PR8-3-24-2018-0,2018-03-24,PR8,49.9217,-124.92,WSGS84,300,CA,0
PR8-3-24-2022-0,2022-03-24,PR8,49.9217,-124.92,WSGS84,300,CA,0
PR8-3-28-2015-0,2015-03-28,PR8,49.9216,-124.9201,WSGS84,300,CA,0
PR8-3-29-2016-0,2016-03-29,PR8,49.9216,-124.9202,WSGS84,300,CA,0
PR8-3-29-2023-0,2023-03-29,PR8,49.9217,-124.92,WSGS84,300,CA,0
PR8-3-30-2019-0,2019-03-30,PR8,49.9217,-124.92,WSGS84,300,CA,0
PR8-3-30-2021-0,2021-03-30,PR8,49.9215,-124.9203,WSGS84,300,CA,0
PR8-3-5-2023-0,2023-03-05,PR8,49.9217,-124.92,WSGS84,300,CA,0
PR8-3-8-2018-0,2018-03-08,PR8,49.9217,-124.92,WSGS84,300,CA,0
PR8-3-8-2019-0,2019-03-08,PR8,49.9217,-124.92,WSGS84,300,CA,0
PR8-3-9-2017-0,2017-03-09,PR8,49.9217,-124.9201,WSGS84,300,CA,0
PR8-3-9-2020-0,2020-03-09,PR8,49.9217,-124.92,WSGS84,300,CA,0
PR8-3-9-2022-0,2022-03-09,PR8,49.9217,-124.92,WSGS84,300,CA,0
PR8-4-1-2020-0,2020-04-01,PR8,49.9217,-124.92,WSGS84,300,CA,0
PR8-4-10-2016-0,2016-04-10,PR8,49.922,-124.9202,WSGS84,300,CA,0
PR8-4-10-2021-0,2021-04-10,PR8,49.9211,-124.9201,WSGS84,300,CA,0
PR8-4-13-2023-0,2023-04-13,PR8,49.9217,-124.92,WSGS84,300,CA,0
PR8-4-14-2022-0,2022-04-14,PR8,49.9217,-124.92,WSGS84,300,CA,0
PR8-4-15-2017-0,2017-04-15,PR8,49.9217,-124.92,WSGS84,300,CA,0
PR8-4-18-2016-0,2016-04-18,PR8,49.9216,-124.9198,WSGS84,300,CA,0
PR8-4-18-2018-0,2018-04-18,PR8,49.9217,-124.92,WSGS84,300,CA,0
PR8-4-19-2015-0,2015-04-19,PR8,49.9212,-124.9202,WSGS84,300,CA,0
PR8-4-19-2019-0,2019-04-19,PR8,49.9217,-124.92,WSGS84,300,CA,0
PR8-4-2-2015-0,2015-04-02,PR8,49.9216,-124.9203,WSGS84,300,CA,0
PR8-4-2-2018-0,2018-04-02,PR8,49.9217,-124.92,WSGS84,300,CA,0
PR8-4-2-2023-0,2023-04-02,PR8,49.9217,-124.92,WSGS84,300,CA,0
PR8-4-20-2021-0,2021-04-20,PR8,49.9218,-124.9204,WSGS84,300,CA,0
PR8-4-22-2022-0,2022-04-22,PR8,49.9217,-124.92,WSGS84,300,CA,0
PR8-4-23-2020-0,2020-04-23,PR8,49.9217,-124.92,WSGS84,300,CA,0
PR8-4-24-2017-0,2017-04-24,PR8,49.9217,-124.9201,WSGS84,300,CA,0
PR8-4-25-2018-0,2018-04-25,PR8,49.9217,-124.92,WSGS84,300,CA,0
PR8-4-25-2023-0,2023-04-25,PR8,49.9217,-124.92,WSGS84,300,CA,0
PR8-4-26-2016-0,2016-04-26,PR8,49.9218,-124.9201,WSGS84,300,CA,0
PR8-4-29-2020-0,2020-04-29,PR8,49.9217,-124.9199,WSGS84,300,CA,0
PR8-4-6-2017-0,2017-04-06,PR8,49.9217,-124.92,WSGS84,300,CA,0
PR8-4-6-2021-0,2021-04-06,PR8,49.9218,-124.9202,WSGS84,300,CA,0
PR8-4-7-2022-0,2022-04-07,PR8,49.9217,-124.92,WSGS84,300,CA,0
PR8-4-8-2019-0,2019-04-08,PR8,49.9217,-124.92,WSGS84,300,CA,0
PR8-4-9-2015-0,2015-04-09,PR8,49.9215,-124.9201,WSGS84,300,CA,0
PR8-5-10-2017-0,2017-05-10,PR8,49.9215,-124.92,WSGS84,300,CA,0
PR8-5-11-2021-0,2021-05-11,PR8,49.9215,-124.9199,WSGS84,300,CA,0
PR8-5-13-2022-0,2022-05-13,PR8,49.9217,-124.92,WSGS84,300,CA,0
PR8-5-14-2020-0,2020-05-14,PR8,49.9232,-124.9215,WSGS84,300,CA,0
PR8-5-16-2016-0,2016-05-16,PR8,49.9217,-124.92,WSGS84,300,CA,0
PR8-5-16-2018-0,2018-05-16,PR8,49.9217,-124.92,WSGS84,300,CA,0
PR8-5-19-2015-0,2015-05-19,PR8,49.9215,-124.9203,WSGS84,300,CA,0
PR8-5-22-2017-0,2017-05-22,PR8,49.9216,-124.92,WSGS84,300,CA,0
PR8-5-22-2022-0,2022-05-22,PR8,49.9217,-124.92,WSGS84,300,CA,0
PR8-5-24-2016-0,2016-05-24,PR8,49.9217,-124.92,WSGS84,300,CA,0
PR8-5-25-2015-0,2015-05-25,PR8,49.9215,-124.9204,WSGS84,300,CA,0
PR8-5-26-2023-0,2023-05-26,PR8,49.9217,-124.92,WSGS84,300,CA,0
PR8-5-30-2018-0,2018-05-30,PR8,49.9217,-124.92,WSGS84,300,CA,0
PR8-5-4-2017-0,2017-05-04,PR8,49.9216,-124.9201,WSGS84,300,CA,0
PR8-5-4-2023-0,2023-05-04,PR8,49.9217,-124.92,WSGS84,300,CA,0
PR8-5-7-2020-0,2020-05-07,PR8,49.9217,-124.9201,WSGS84,300,CA,0
PR8-5-8-2018-0,2018-05-08,PR8,49.9217,-124.92,WSGS84,300,CA,0
PR8-5-9-2016-0,2016-05-09,PR8,49.9216,-124.9199,WSGS84,300,CA,0
PR8-6-10-2015-0,2015-06-10,PR8,49.9215,-124.92,WSGS84,300,CA,0
PR8-6-10-2021-0,2021-06-10,PR8,49.9217,-124.92,WSGS84,300,CA,0
PR8-6-13-2016-0,2016-06-13,PR8,49.9217,-124.92,WSGS84,300,CA,0
PR8-6-13-2017-0,2017-06-13,PR8,49.9217,-124.92,WSGS84,300,CA,0
PR8-6-13-2018-0,2018-06-13,PR8,49.9217,-124.92,WSGS84,300,CA,0
PR8-6-13-2022-0,2022-06-13,PR8,49.9217,-124.92,WSGS84,300,CA,0
PR8-6-15-2021-0,2021-06-15,PR8,49.9219,-124.9208,WSGS84,300,CA,0
PR8-6-15-2023-0,2023-06-15,PR8,49.9217,-124.92,WSGS84,300,CA,0
PR8-6-19-2018-0,2018-06-19,PR8,49.9217,-124.92,WSGS84,300,CA,0
PR8-6-21-2019-0,2019-06-21,PR8,49.9217,-124.92,WSGS84,300,CA,0
PR8-6-22-2017-0,2017-06-22,PR8,49.9217,-124.92,WSGS84,300,CA,0
PR8-6-23-2023-0,2023-06-23,PR8,49.9217,-124.92,WSGS84,300,CA,0
PR8-6-26-2020-0,2020-06-26,PR8,49.9214,-124.9199,WSGS84,300,CA,0
PR8-6-28-2016-0,2016-06-28,PR8,49.9216,-124.9198,WSGS84,300,CA,0
PR8-6-5-2016-0,2016-06-05,PR8,49.9217,-124.92,WSGS84,300,CA,0
PR8-6-5-2020-0,2020-06-05,PR8,49.9217,-124.92,WSGS84,300,CA,0
PR8-6-6-2017-0,2017-06-06,PR8,49.9218,-124.9198,WSGS84,300,CA,0
PR8-6-6-2018-0,2018-06-06,PR8,49.9217,-124.92,WSGS84,300,CA,0
PR8-7-1-2015-0,2015-07-01,PR8,49.9216,-124.9196,WSGS84,300,CA,0
PR8-7-11-2022-0,2022-07-11,PR8,49.9217,-124.92,WSGS84,300,CA,0
PR8-7-12-2018-0,2018-07-12,PR8,49.9217,-124.92,WSGS84,300,CA,0
PR8-7-15-2015-0,2015-07-15,PR8,49.9217,-124.92,WSGS84,300,CA,0
PR8-7-16-2023-0,2023-07-16,PR8,49.9217,-124.92,WSGS84,300,CA,0
PR8-7-17-2017-0,2017-07-17,PR8,49.9216,-124.9201,WSGS84,300,CA,0
PR8-7-20-2016-0,2016-07-20,PR8,49.9217,-124.9203,WSGS84,300,CA,0
PR8-7-22-2020-0,2020-07-22,PR8,49.9216,-124.9198,WSGS84,300,CA,0
PR8-7-22-2022-0,2022-07-22,PR8,49.9217,-124.92,WSGS84,300,CA,0
PR8-7-23-2019-0,2019-07-23,PR8,49.9217,-124.92,WSGS84,300,CA,0
PR8-7-24-2018-0,2018-07-24,PR8,49.9217,-124.92,WSGS84,300,CA,0
PR8-7-25-2016-0,2016-07-25,PR8,49.9215,-124.92,WSGS84,300,CA,0
PR8-7-26-2023-0,2023-07-26,PR8,49.9217,-124.92,WSGS84,300,CA,0
PR8-7-29-2017-0,2017-07-29,PR8,49.9215,-124.9196,WSGS84,300,CA,0
PR8-7-4-2018-0,2018-07-04,PR8,49.9217,-124.92,WSGS84,300,CA,0
PR8-7-5-2016-0,2016-07-05,PR8,49.9217,-124.92,WSGS84,300,CA,0
PR8-7-6-2020-0,2020-07-06,PR8,49.9217,-124.9201,WSGS84,300,CA,0
PR8-7-7-2017-0,2017-07-07,PR8,49.9218,-124.92,WSGS84,300,CA,0
PR8-7-8-2019-0,2019-07-08,PR8,49.9217,-124.92,WSGS84,300,CA,0
PR8-7-8-2021-0,2021-07-08,PR8,49.9215,-124.9203,WSGS84,300,CA,0
PR8-8-11-2022-0,2022-08-11,PR8,49.9217,-124.92,WSGS84,300,CA,0
PR8-8-14-2015-0,2015-08-14,PR8,49.9213,-124.9201,WSGS84,300,CA,0
PR8-8-14-2017-0,2017-08-14,PR8,49.9216,-124.92,WSGS84,300,CA,0
PR8-8-14-2018-0,2018-08-14,PR8,49.9217,-124.92,WSGS84,300,CA,0
PR8-8-16-2023-0,2023-08-16,PR8,49.9217,-124.92,WSGS84,300,CA,0
PR8-8-18-2022-0,2022-08-18,PR8,49.9217,-124.92,WSGS84,300,CA,0
PR8-8-20-2019-0,2019-08-20,PR8,49.9217,-124.92,WSGS84,300,CA,0
PR8-8-22-2017-0,2017-08-22,PR8,49.9216,-124.9199,WSGS84,300,CA,0
PR8-8-23-2016-0,2016-08-23,PR8,49.9217,-124.9201,WSGS84,300,CA,0
PR8-8-23-2018-0,2018-08-23,PR8,49.9217,-124.92,WSGS84,300,CA,0
PR8-8-23-2023-0,2023-08-23,PR8,49.9217,-124.92,WSGS84,300,CA,0
PR8-8-25-2020-0,2020-08-25,PR8,49.9217,-124.92,WSGS84,300,CA,0
PR8-8-28-2021-0,2021-08-28,PR8,49.9216,-124.9201,WSGS84,300,CA,0
PR8-8-3-2016-0,2016-08-03,PR8,49.9216,-124.92,WSGS84,300,CA,0
PR8-8-4-2020-0,2020-08-04,PR8,49.9221,-124.9216,WSGS84,300,CA,0
PR8-8-6-2015-0,2015-08-06,PR8,49.9217,-124.92,WSGS84,300,CA,0
PR8-8-7-2019-0,2019-08-07,PR8,49.9217,-124.92,WSGS84,300,CA,0
PR8-8-8-2017-0,2017-08-08,PR8,49.9217,-124.92,WSGS84,300,CA,0
PR8-8-8-2021-0,2021-08-08,PR8,49.9214,-124.92,WSGS84,300,CA,0
PR8-8-9-2016-0,2016-08-09,PR8,49.9218,-124.9201,WSGS84,300,CA,0
PR8-9-10-2022-0,2022-09-10,PR8,49.9217,-124.92,WSGS84,300,CA,0
PR8-9-13-2023-0,2023-09-13,PR8,49.9217,-124.92,WSGS84,300,CA,0
PR8-9-14-2015-0,2015-09-14,PR8,49.9216,-124.9199,WSGS84,300,CA,0
PR8-9-16-2021-0,2021-09-16,PR8,49.9214,-124.9198,WSGS84,300,CA,0
PR8-9-17-2020-0,2020-09-17,PR8,49.9217,-124.9202,WSGS84,300,CA,0
PR8-9-17-2022-0,2022-09-17,PR8,49.9217,-124.92,WSGS84,300,CA,0
PR8-9-19-2019-0,2019-09-19,PR8,49.9217,-124.92,WSGS84,300,CA,0
PR8-9-21-2016-0,2016-09-21,PR8,49.9217,-124.92,WSGS84,300,CA,0
PR8-9-22-2023-0,2023-09-22,PR8,49.9217,-124.92,WSGS84,300,CA,0
PR8-9-24-2018-0,2018-09-24,PR8,49.9217,-124.92,WSGS84,300,CA,0
PR8-9-24-2021-0,2021-09-24,PR8,49.9216,-124.9198,WSGS84,300,CA,0
PR8-9-26-2017-0,2017-09-26,PR8,49.9217,-124.92,WSGS84,300,CA,0
PR8-9-26-2020-0,2020-09-26,PR8,49.9217,-124.92,WSGS84,300,CA,0
PR8-9-4-2019-0,2019-09-04,PR8,49.9217,-124.92,WSGS84,300,CA,0
PR8-9-5-2018-0,2018-09-05,PR8,49.9217,-124.92,WSGS84,300,CA,0
PR8-9-6-2017-0,2017-09-06,PR8,49.9217,-124.9201,WSGS84,300,CA,0
PR8-9-7-2016-0,2016-09-07,PR8,49.9218,-124.9204,WSGS84,300,CA,0
PR9-1-13-2021-0,2021-01-13,PR9,49.8933,-124.7267,WSGS84,300,CA,0
PR9-1-15-2022-0,2022-01-15,PR9,49.8933,-124.7267,WSGS84,300,CA,0
PR9-1-24-2019-0,2019-01-24,PR9,49.8933,-124.7267,WSGS84,300,CA,0
PR9-10-1-2020-0,2020-10-01,PR9,49.8933,-124.7266,WSGS84,300,CA,0
PR9-10-10-2018-0,2018-10-10,PR9,49.8933,-124.7267,WSGS84,300,CA,0
PR9-10-13-2023-0,2023-10-13,PR9,49.8933,-124.7267,WSGS84,300,CA,0
PR9-10-15-2017-0,2017-10-15,PR9,49.8934,-124.7272,WSGS84,300,CA,0
PR9-10-17-2016-0,2016-10-17,PR9,49.8934,-124.7268,WSGS84,300,CA,0
PR9-10-18-2021-0,2021-10-18,PR9,49.8932,-124.7269,WSGS84,300,CA,0
PR9-10-29-2018-0,2018-10-29,PR9,49.8933,-124.7267,WSGS84,300,CA,0
PR9-10-5-2015-0,2015-10-05,PR9,49.8933,-124.7276,WSGS84,300,CA,0
PR9-10-7-2022-0,2022-10-07,PR9,49.8933,-124.7267,WSGS84,300,CA,0
PR9-10-9-2019-0,2019-10-09,PR9,49.8933,-124.7267,WSGS84,300,CA,0
PR9-11-13-2019-0,2019-11-13,PR9,49.8933,-124.7267,WSGS84,300,CA,0
PR9-12-9-2020-0,2020-12-09,PR9,49.8934,-124.7268,WSGS84,300,CA,0
PR9-12-9-2021-0,2021-12-09,PR9,49.8933,-124.7267,WSGS84,300,CA,0
PR9-2-15-2015-0,2015-02-15,PR9,49.8933,-124.7262,WSGS84,300,CA,0
PR9-2-18-2016-0,2016-02-18,PR9,49.8933,-124.7267,WSGS84,300,CA,0
PR9-2-24-2021-0,2021-02-24,PR9,49.8934,-124.7266,WSGS84,300,CA,0
PR9-2-24-2022-0,2022-02-24,PR9,49.8933,-124.7267,WSGS84,300,CA,0
PR9-2-26-2020-0,2020-02-26,PR9,49.8934,-124.727,WSGS84,300,CA,0
PR9-2-27-2023-0,2023-02-27,PR9,49.8933,-124.7267,WSGS84,300,CA,0
PR9-3-1-2017-0,2017-03-01,PR9,49.8933,-124.7267,WSGS84,300,CA,0
PR9-3-10-2015-0,2015-03-10,PR9,49.8933,-124.7267,WSGS84,300,CA,0
PR9-3-11-2021-0,2021-03-11,PR9,49.8934,-124.7268,WSGS84,300,CA,0
PR9-3-13-2015-0,2015-03-13,PR9,49.893,-124.7262,WSGS84,300,CA,0
PR9-3-13-2018-0,2018-03-13,PR9,49.8933,-124.7267,WSGS84,300,CA,0
PR9-3-15-2023-0,2023-03-15,PR9,49.8933,-124.7267,WSGS84,300,CA,0
PR9-3-16-2020-0,2020-03-16,PR9,49.8933,-124.7267,WSGS84,300,CA,0
PR9-3-16-2022-0,2022-03-16,PR9,49.8933,-124.7267,WSGS84,300,CA,0
PR9-3-17-2019-0,2019-03-17,PR9,49.8933,-124.7267,WSGS84,300,CA,0
PR9-3-18-2015-0,2015-03-18,PR9,49.8935,-124.7268,WSGS84,300,CA,0
PR9-3-18-2016-0,2016-03-18,PR9,49.8933,-124.7265,WSGS84,300,CA,0
PR9-3-20-2017-0,2017-03-20,PR9,49.8934,-124.7267,WSGS84,300,CA,0
PR9-3-22-2021-0,2021-03-22,PR9,49.8933,-124.727,WSGS84,300,CA,0
PR9-3-24-2018-0,2018-03-24,PR9,49.8933,-124.7267,WSGS84,300,CA,0
PR9-3-24-2022-0,2022-03-24,PR9,49.8933,-124.7267,WSGS84,300,CA,0
PR9-3-28-2015-0,2015-03-28,PR9,49.8932,-124.7267,WSGS84,300,CA,0
PR9-3-29-2016-0,2016-03-29,PR9,49.893,-124.7266,WSGS84,300,CA,0
PR9-3-29-2023-0,2023-03-29,PR9,49.8933,-124.7267,WSGS84,300,CA,0
PR9-3-30-2019-0,2019-03-30,PR9,49.8933,-124.7267,WSGS84,300,CA,0
PR9-3-30-2021-0,2021-03-30,PR9,49.8934,-124.7266,WSGS84,300,CA,0
PR9-3-5-2023-0,2023-03-05,PR9,49.8933,-124.7267,WSGS84,300,CA,0
PR9-3-8-2018-0,2018-03-08,PR9,49.8933,-124.7267,WSGS84,300,CA,0
PR9-3-8-2019-0,2019-03-08,PR9,49.8933,-124.7267,WSGS84,300,CA,0
PR9-3-9-2017-0,2017-03-09,PR9,49.8933,-124.7267,WSGS84,300,CA,0
PR9-3-9-2020-0,2020-03-09,PR9,49.8933,-124.7267,WSGS84,300,CA,0
PR9-3-9-2022-0,2022-03-09,PR9,49.8933,-124.7267,WSGS84,300,CA,0
PR9-4-1-2020-0,2020-04-01,PR9,49.8932,-124.7265,WSGS84,300,CA,0
PR9-4-10-2016-0,2016-04-10,PR9,49.8934,-124.7264,WSGS84,300,CA,0
PR9-4-10-2021-0,2021-04-10,PR9,49.8931,-124.7269,WSGS84,300,CA,0
PR9-4-13-2023-0,2023-04-13,PR9,49.8933,-124.7267,WSGS84,300,CA,0
PR9-4-14-2022-0,2022-04-14,PR9,49.8933,-124.7267,WSGS84,300,CA,0
PR9-4-15-2017-0,2017-04-15,PR9,49.8933,-124.7267,WSGS84,300,CA,0
PR9-4-18-2016-0,2016-04-18,PR9,49.8934,-124.7267,WSGS84,300,CA,0
PR9-4-18-2018-0,2018-04-18,PR9,49.8933,-124.7267,WSGS84,300,CA,0
PR9-4-19-2015-0,2015-04-19,PR9,49.8932,-124.7267,WSGS84,300,CA,0
PR9-4-19-2019-0,2019-04-19,PR9,49.8933,-124.7267,WSGS84,300,CA,0
PR9-4-2-2015-0,2015-04-02,PR9,49.8933,-124.7271,WSGS84,300,CA,0
PR9-4-2-2018-0,2018-04-02,PR9,49.8933,-124.7267,WSGS84,300,CA,0
PR9-4-2-2023-0,2023-04-02,PR9,49.8933,-124.7267,WSGS84,300,CA,0
PR9-4-20-2021-0,2021-04-20,PR9,49.8934,-124.7268,WSGS84,300,CA,0
PR9-4-22-2022-0,2022-04-22,PR9,49.8933,-124.7267,WSGS84,300,CA,0
PR9-4-23-2020-0,2020-04-23,PR9,49.8933,-124.7267,WSGS84,300,CA,0
PR9-4-24-2017-0,2017-04-24,PR9,49.8933,-124.7266,WSGS84,300,CA,0
PR9-4-25-2018-0,2018-04-25,PR9,49.8933,-124.7267,WSGS84,300,CA,0
PR9-4-25-2023-0,2023-04-25,PR9,49.8933,-124.7267,WSGS84,300,CA,0
PR9-4-26-2016-0,2016-04-26,PR9,49.8934,-124.7266,WSGS84,300,CA,0
PR9-4-29-2020-0,2020-04-29,PR9,49.8934,-124.7266,WSGS84,300,CA,0
PR9-4-6-2017-0,2017-04-06,PR9,49.8933,-124.7267,WSGS84,300,CA,0
PR9-4-6-2021-0,2021-04-06,PR9,49.8934,-124.7269,WSGS84,300,CA,0
PR9-4-7-2022-0,2022-04-07,PR9,49.8933,-124.7267,WSGS84,300,CA,0
PR9-4-8-2019-0,2019-04-08,PR9,49.8933,-124.7267,WSGS84,300,CA,0
PR9-4-9-2015-0,2015-04-09,PR9,49.8934,-124.7269,WSGS84,300,CA,0
PR9-5-10-2017-0,2017-05-10,PR9,49.8934,-124.7266,WSGS84,300,CA,0
PR9-5-11-2021-0,2021-05-11,PR9,49.8933,-124.7267,WSGS84,300,CA,0
PR9-5-13-2022-0,2022-05-13,PR9,49.8933,-124.7267,WSGS84,300,CA,0
PR9-5-14-2020-0,2020-05-14,PR9,49.8934,-124.7268,WSGS84,300,CA,0
PR9-5-16-2016-0,2016-05-16,PR9,49.8932,-124.7267,WSGS84,300,CA,0
PR9-5-16-2018-0,2018-05-16,PR9,49.8933,-124.7267,WSGS84,300,CA,0
PR9-5-19-2015-0,2015-05-19,PR9,49.8932,-124.7265,WSGS84,300,CA,0
PR9-5-22-2017-0,2017-05-22,PR9,49.8933,-124.7267,WSGS84,300,CA,0
PR9-5-22-2022-0,2022-05-22,PR9,49.8933,-124.7267,WSGS84,300,CA,0
PR9-5-24-2016-0,2016-05-24,PR9,49.8934,-124.7267,WSGS84,300,CA,0
PR9-5-25-2015-0,2015-05-25,PR9,49.8932,-124.7269,WSGS84,300,CA,0
PR9-5-26-2023-0,2023-05-26,PR9,49.8933,-124.7267,WSGS84,300,CA,0
PR9-5-30-2018-0,2018-05-30,PR9,49.8933,-124.7267,WSGS84,300,CA,0
PR9-5-4-2017-0,2017-05-04,PR9,49.8932,-124.7265,WSGS84,300,CA,0
PR9-5-4-2023-0,2023-05-04,PR9,49.8933,-124.7267,WSGS84,300,CA,0
PR9-5-7-2020-0,2020-05-07,PR9,49.8934,-124.7267,WSGS84,300,CA,0
PR9-5-8-2018-0,2018-05-08,PR9,49.8933,-124.7267,WSGS84,300,CA,0
PR9-5-9-2016-0,2016-05-09,PR9,49.8932,-124.7262,WSGS84,300,CA,0
PR9-6-10-2015-0,2015-06-10,PR9,49.8932,-124.7266,WSGS84,300,CA,0
PR9-6-10-2021-0,2021-06-10,PR9,49.8933,-124.7267,WSGS84,300,CA,0
PR9-6-13-2016-0,2016-06-13,PR9,49.8933,-124.7267,WSGS84,300,CA,0
PR9-6-13-2017-0,2017-06-13,PR9,49.8933,-124.7267,WSGS84,300,CA,0
PR9-6-13-2018-0,2018-06-13,PR9,49.8933,-124.7267,WSGS84,300,CA,0
PR9-6-13-2022-0,2022-06-13,PR9,49.8933,-124.7267,WSGS84,300,CA,0
PR9-6-15-2021-0,2021-06-15,PR9,49.8935,-124.7266,WSGS84,300,CA,0
PR9-6-15-2023-0,2023-06-15,PR9,49.8933,-124.7267,WSGS84,300,CA,0
PR9-6-19-2018-0,2018-06-19,PR9,49.8933,-124.7267,WSGS84,300,CA,0
PR9-6-21-2019-0,2019-06-21,PR9,49.8933,-124.7267,WSGS84,300,CA,0
PR9-6-22-2017-0,2017-06-22,PR9,49.8931,-124.7266,WSGS84,300,CA,0
PR9-6-23-2023-0,2023-06-23,PR9,49.8933,-124.7267,WSGS84,300,CA,0
PR9-6-26-2020-0,2020-06-26,PR9,49.8933,-124.7268,WSGS84,300,CA,0
PR9-6-28-2016-0,2016-06-28,PR9,49.8933,-124.7266,WSGS84,300,CA,0
PR9-6-4-2019-0,2019-06-04,PR9,49.8933,-124.7267,WSGS84,300,CA,0
PR9-6-5-2016-0,2016-06-05,PR9,49.8933,-124.7266,WSGS84,300,CA,0
PR9-6-5-2020-0,2020-06-05,PR9,49.8933,-124.7267,WSGS84,300,CA,0
PR9-6-6-2017-0,2017-06-06,PR9,49.8932,-124.7266,WSGS84,300,CA,0
PR9-6-6-2018-0,2018-06-06,PR9,49.8933,-124.7267,WSGS84,300,CA,0
PR9-7-1-2015-0,2015-07-01,PR9,49.8932,-124.7268,WSGS84,300,CA,0
PR9-7-11-2022-0,2022-07-11,PR9,49.8933,-124.7267,WSGS84,300,CA,0
PR9-7-12-2018-0,2018-07-12,PR9,49.8933,-124.7267,WSGS84,300,CA,0
PR9-7-15-2015-0,2015-07-15,PR9,49.893,-124.727,WSGS84,300,CA,0
PR9-7-16-2023-0,2023-07-16,PR9,49.8933,-124.7267,WSGS84,300,CA,0
PR9-7-17-2017-0,2017-07-17,PR9,49.8933,-124.7266,WSGS84,300,CA,0
PR9-7-20-2016-0,2016-07-20,PR9,49.8936,-124.7262,WSGS84,300,CA,0
PR9-7-22-2020-0,2020-07-22,PR9,49.8933,-124.7267,WSGS84,300,CA,0
PR9-7-22-2022-0,2022-07-22,PR9,49.8933,-124.7267,WSGS84,300,CA,0
PR9-7-23-2019-0,2019-07-23,PR9,49.8933,-124.7267,WSGS84,300,CA,0
PR9-7-24-2018-0,2018-07-24,PR9,49.8933,-124.7267,WSGS84,300,CA,0
PR9-7-25-2016-0,2016-07-25,PR9,49.8932,-124.7269,WSGS84,300,CA,0
PR9-7-26-2023-0,2023-07-26,PR9,49.8933,-124.7267,WSGS84,300,CA,0
PR9-7-29-2017-0,2017-07-29,PR9,49.8932,-124.7268,WSGS84,300,CA,0
PR9-7-4-2018-0,2018-07-04,PR9,49.8933,-124.7267,WSGS84,300,CA,0
PR9-7-5-2016-0,2016-07-05,PR9,49.893,-124.7267,WSGS84,300,CA,0
PR9-7-6-2020-0,2020-07-06,PR9,49.8933,-124.7267,WSGS84,300,CA,0
PR9-7-7-2017-0,2017-07-07,PR9,49.8935,-124.7267,WSGS84,300,CA,0
PR9-7-8-2019-0,2019-07-08,PR9,49.8933,-124.7267,WSGS84,300,CA,0
PR9-7-8-2021-0,2021-07-08,PR9,49.8932,-124.7266,WSGS84,300,CA,0
PR9-8-11-2022-0,2022-08-11,PR9,49.8933,-124.7267,WSGS84,300,CA,0
PR9-8-14-2015-0,2015-08-14,PR9,49.8932,-124.7267,WSGS84,300,CA,0
PR9-8-14-2017-0,2017-08-14,PR9,49.8933,-124.7267,WSGS84,300,CA,0
PR9-8-14-2018-0,2018-08-14,PR9,49.8933,-124.7267,WSGS84,300,CA,0
PR9-8-16-2023-0,2023-08-16,PR9,49.8933,-124.7267,WSGS84,300,CA,0
PR9-8-18-2022-0,2022-08-18,PR9,49.8933,-124.7267,WSGS84,300,CA,0
PR9-8-20-2019-0,2019-08-20,PR9,49.8933,-124.7267,WSGS84,300,CA,0
PR9-8-22-2017-0,2017-08-22,PR9,49.8933,-124.7267,WSGS84,300,CA,0
PR9-8-23-2016-0,2016-08-23,PR9,49.8933,-124.7268,WSGS84,300,CA,0
PR9-8-23-2018-0,2018-08-23,PR9,49.8933,-124.7267,WSGS84,300,CA,0
PR9-8-23-2023-0,2023-08-23,PR9,49.8933,-124.7267,WSGS84,300,CA,0
PR9-8-25-2020-0,2020-08-25,PR9,49.8934,-124.7266,WSGS84,300,CA,0
PR9-8-28-2021-0,2021-08-28,PR9,49.8935,-124.7267,WSGS84,300,CA,0
PR9-8-3-2016-0,2016-08-03,PR9,49.8931,-124.7273,WSGS84,300,CA,0
PR9-8-4-2020-0,2020-08-04,PR9,49.8933,-124.7267,WSGS84,300,CA,0
PR9-8-6-2015-0,2015-08-06,PR9,49.8933,-124.7267,WSGS84,300,CA,0
PR9-8-7-2019-0,2019-08-07,PR9,49.8933,-124.7267,WSGS84,300,CA,0
PR9-8-8-2017-0,2017-08-08,PR9,49.8933,-124.7266,WSGS84,300,CA,0
PR9-8-8-2021-0,2021-08-08,PR9,49.8931,-124.7274,WSGS84,300,CA,0
PR9-8-9-2016-0,2016-08-09,PR9,49.8933,-124.7268,WSGS84,300,CA,0
PR9-9-10-2022-0,2022-09-10,PR9,49.8933,-124.7267,WSGS84,300,CA,0
PR9-9-13-2023-0,2023-09-13,PR9,49.8933,-124.7267,WSGS84,300,CA,0
PR9-9-14-2015-0,2015-09-14,PR9,49.8933,-124.7266,WSGS84,300,CA,0
PR9-9-16-2021-0,2021-09-16,PR9,49.8931,-124.7265,WSGS84,300,CA,0
PR9-9-17-2020-0,2020-09-17,PR9,49.8934,-124.7267,WSGS84,300,CA,0
PR9-9-17-2022-0,2022-09-17,PR9,49.8933,-124.7267,WSGS84,300,CA,0
PR9-9-19-2019-0,2019-09-19,PR9,49.8933,-124.7267,WSGS84,300,CA,0
PR9-9-21-2016-0,2016-09-21,PR9,49.8933,-124.7264,WSGS84,300,CA,0
PR9-9-22-2023-0,2023-09-22,PR9,49.8933,-124.7267,WSGS84,300,CA,0
PR9-9-24-2018-0,2018-09-24,PR9,49.8933,-124.7267,WSGS84,300,CA,0
PR9-9-24-2021-0,2021-09-24,PR9,49.8934,-124.7267,WSGS84,300,CA,0
PR9-9-26-2017-0,2017-09-26,PR9,49.8933,-124.7267,WSGS84,300,CA,0
PR9-9-26-2020-0,2020-09-26,PR9,49.8933,-124.7266,WSGS84,300,CA,0
PR9-9-4-2019-0,2019-09-04,PR9,49.8933,-124.7267,WSGS84,300,CA,0
PR9-9-5-2018-0,2018-09-05,PR9,49.8933,-124.7267,WSGS84,300,CA,0
PR9-9-6-2017-0,2017-09-06,PR9,49.8933,-124.7268,WSGS84,300,CA,0
PR9-9-7-2016-0,2016-09-07,PR9,49.8934,-124.7267,WSGS84,300,CA,0
SCE-1-15-2021-0,2021-01-15,SCE,48.71,-123.5117,WSGS84,300,CA,0
SCE-1-16-2022-0,2022-01-16,SCE,48.71,-123.5117,WSGS84,300,CA,0
SCE-10-11-2019-0,2019-10-11,SCE,48.71,-123.5117,WSGS84,300,CA,0
SCE-10-17-2016-0,2016-10-17,SCE,48.7112,-123.5135,WSGS84,300,CA,0
SCE-10-17-2017-0,2017-10-17,SCE,48.71,-123.5133,WSGS84,300,CA,0
SCE-10-19-2021-0,2021-10-19,SCE,48.7099,-123.5112,WSGS84,300,CA,0
SCE-10-2-2020-0,2020-10-02,SCE,48.71,-123.5117,WSGS84,300,CA,0
SCE-10-9-2022-0,2022-10-09,SCE,48.71,-123.5117,WSGS84,300,CA,0
SCE-12-7-2020-0,2020-12-07,SCE,48.71,-123.5117,WSGS84,300,CA,0
SCE-2-19-2015-0,2015-02-19,SCE,48.7113,-123.5127,WSGS84,300,CA,0
SCE-2-22-2021-0,2021-02-22,SCE,48.7111,-123.5063,WSGS84,300,CA,0
SCE-2-23-2022-0,2022-02-23,SCE,48.71,-123.5117,WSGS84,300,CA,0
SCE-3-1-2023-0,2023-03-01,SCE,48.71,-123.5117,WSGS84,300,CA,0
SCE-3-10-2022-0,2022-03-10,SCE,48.71,-123.5117,WSGS84,300,CA,0
SCE-3-13-2023-0,2023-03-13,SCE,48.71,-123.5117,WSGS84,300,CA,0
SCE-3-15-2021-0,2021-03-15,SCE,48.7101,-123.5121,WSGS84,300,CA,0
SCE-3-18-2022-0,2022-03-18,SCE,48.71,-123.5117,WSGS84,300,CA,0
SCE-3-19-2015-0,2015-03-19,SCE,48.7112,-123.5133,WSGS84,300,CA,0
SCE-3-2-2020-0,2020-03-02,SCE,48.71,-123.5117,WSGS84,300,CA,0
SCE-3-21-2016-0,2016-03-21,SCE,48.7103,-123.5145,WSGS84,300,CA,0
SCE-3-21-2017-0,2017-03-21,SCE,48.7104,-123.5126,WSGS84,300,CA,0
SCE-3-22-2021-0,2021-03-22,SCE,48.7099,-123.5111,WSGS84,300,CA,0
SCE-3-24-2022-0,2022-03-24,SCE,48.71,-123.5117,WSGS84,300,CA,0
SCE-3-26-2015-0,2015-03-26,SCE,48.7108,-123.5123,WSGS84,300,CA,0
SCE-3-26-2018-0,2018-03-26,SCE,48.71,-123.5117,WSGS84,300,CA,0
SCE-3-3-2016-0,2016-03-03,SCE,48.71,-123.5117,WSGS84,300,CA,0
SCE-3-3-2017-0,2017-03-03,SCE,48.7104,-123.5126,WSGS84,300,CA,0
SCE-3-30-2016-0,2016-03-30,SCE,48.7101,-123.5137,WSGS84,300,CA,0
SCE-3-30-2021-0,2021-03-30,SCE,48.7103,-123.512,WSGS84,300,CA,0
SCE-3-31-2020-0,2020-03-31,SCE,48.71,-123.5117,WSGS84,300,CA,0
SCE-3-6-2023-0,2023-03-06,SCE,48.71,-123.5117,WSGS84,300,CA,0
SCE-3-8-2017-0,2017-03-08,SCE,48.7109,-123.513,WSGS84,300,CA,0
SCE-3-9-2018-0,2018-03-09,SCE,48.71,-123.5117,WSGS84,300,CA,0
SCE-4-1-2022-0,2022-04-01,SCE,48.71,-123.5117,WSGS84,300,CA,0
SCE-4-10-2022-0,2022-04-10,SCE,48.71,-123.5117,WSGS84,300,CA,0
SCE-4-11-2021-0,2021-04-11,SCE,48.7101,-123.5116,WSGS84,300,CA,0
SCE-4-14-2017-0,2017-04-14,SCE,48.71,-123.5133,WSGS84,300,CA,0
SCE-4-14-2023-0,2023-04-14,SCE,48.71,-123.5117,WSGS84,300,CA,0
SCE-4-16-2015-0,2015-04-16,SCE,48.7106,-123.513,WSGS84,300,CA,0
SCE-4-16-2022-0,2022-04-16,SCE,48.71,-123.5117,WSGS84,300,CA,0
SCE-4-18-2019-0,2019-04-18,SCE,48.71,-123.5117,WSGS84,300,CA,0
SCE-4-19-2016-0,2016-04-19,SCE,48.7109,-123.5132,WSGS84,300,CA,0
SCE-4-19-2021-0,2021-04-19,SCE,48.7098,-123.5115,WSGS84,300,CA,0
SCE-4-20-2018-0,2018-04-20,SCE,48.71,-123.5117,WSGS84,300,CA,0
SCE-4-24-2017-0,2017-04-24,SCE,48.7102,-123.5123,WSGS84,300,CA,0
SCE-4-24-2020-0,2020-04-24,SCE,48.71,-123.5117,WSGS84,300,CA,0
SCE-4-24-2022-0,2022-04-24,SCE,48.71,-123.5117,WSGS84,300,CA,0
SCE-4-25-2018-0,2018-04-25,SCE,48.71,-123.5117,WSGS84,300,CA,0
SCE-4-25-2019-0,2019-04-25,SCE,48.71,-123.5117,WSGS84,300,CA,0
SCE-4-27-2016-0,2016-04-27,SCE,48.71,-123.5117,WSGS84,300,CA,0
SCE-4-28-2023-0,2023-04-28,SCE,48.71,-123.5117,WSGS84,300,CA,0
SCE-4-3-2018-0,2018-04-03,SCE,48.71,-123.5117,WSGS84,300,CA,0
SCE-4-30-2020-0,2020-04-30,SCE,48.71,-123.5117,WSGS84,300,CA,0
SCE-4-5-2021-0,2021-04-05,SCE,48.7102,-123.5118,WSGS84,300,CA,0
SCE-4-6-2017-0,2017-04-06,SCE,48.7108,-123.5143,WSGS84,300,CA,0
SCE-5-10-2016-0,2016-05-10,SCE,48.71,-123.5117,WSGS84,300,CA,0
SCE-5-11-2017-0,2017-05-11,SCE,48.71,-123.5133,WSGS84,300,CA,0
SCE-5-13-2020-0,2020-05-13,SCE,48.71,-123.5117,WSGS84,300,CA,0
SCE-5-17-2016-0,2016-05-17,SCE,48.71,-123.5117,WSGS84,300,CA,0
SCE-5-19-2018-0,2018-05-19,SCE,48.71,-123.5117,WSGS84,300,CA,0
SCE-5-20-2021-0,2021-05-20,SCE,48.71,-123.5113,WSGS84,300,CA,0
SCE-5-20-2022-0,2022-05-20,SCE,48.71,-123.5117,WSGS84,300,CA,0
SCE-5-21-2019-0,2019-05-21,SCE,48.71,-123.5117,WSGS84,300,CA,0
SCE-5-23-2017-0,2017-05-23,SCE,48.71,-123.5133,WSGS84,300,CA,0
SCE-5-24-2016-0,2016-05-24,SCE,48.71,-123.5117,WSGS84,300,CA,0
SCE-5-26-2015-0,2015-05-26,SCE,48.7113,-123.5125,WSGS84,300,CA,0
SCE-5-30-2018-0,2018-05-30,SCE,48.71,-123.5117,WSGS84,300,CA,0
SCE-5-5-2017-0,2017-05-05,SCE,48.71,-123.5133,WSGS84,300,CA,0
SCE-5-7-2019-0,2019-05-07,SCE,48.71,-123.5117,WSGS84,300,CA,0
SCE-5-7-2020-0,2020-05-07,SCE,48.71,-123.5117,WSGS84,300,CA,0
SCE-5-9-2018-0,2018-05-09,SCE,48.71,-123.5117,WSGS84,300,CA,0
SCE-5-9-2021-0,2021-05-09,SCE,48.7101,-123.5113,WSGS84,300,CA,0
SCE-6-10-2015-0,2015-06-10,SCE,48.7109,-123.5131,WSGS84,300,CA,0
SCE-6-12-2017-0,2017-06-12,SCE,48.71,-123.5133,WSGS84,300,CA,0
SCE-6-15-2016-0,2016-06-15,SCE,48.71,-123.5117,WSGS84,300,CA,0
SCE-6-15-2018-0,2018-06-15,SCE,48.71,-123.5117,WSGS84,300,CA,0
SCE-6-16-2021-0,2021-06-16,SCE,48.7101,-123.5119,WSGS84,300,CA,0
SCE-6-16-2022-0,2022-06-16,SCE,48.71,-123.5117,WSGS84,300,CA,0
SCE-6-16-2023-0,2023-06-16,SCE,48.71,-123.5117,WSGS84,300,CA,0
SCE-6-18-2019-0,2019-06-18,SCE,48.71,-123.5117,WSGS84,300,CA,0
SCE-6-19-2022-0,2022-06-19,SCE,48.71,-123.5117,WSGS84,300,CA,0
SCE-6-2-2019-0,2019-06-02,SCE,48.71,-123.5117,WSGS84,300,CA,0
SCE-6-21-2018-0,2018-06-21,SCE,48.71,-123.5117,WSGS84,300,CA,0
SCE-6-23-2017-0,2017-06-23,SCE,48.71,-123.5133,WSGS84,300,CA,0
SCE-6-25-2020-0,2020-06-25,SCE,48.71,-123.5117,WSGS84,300,CA,0
SCE-6-25-2023-0,2023-06-25,SCE,48.71,-123.5117,WSGS84,300,CA,0
SCE-6-28-2016-0,2016-06-28,SCE,48.7108,-123.5143,WSGS84,300,CA,0
SCE-6-5-2020-0,2020-06-05,SCE,48.71,-123.5117,WSGS84,300,CA,0
SCE-6-6-2018-0,2018-06-06,SCE,48.71,-123.5117,WSGS84,300,CA,0
SCE-6-7-2016-0,2016-06-07,SCE,48.711,-123.5128,WSGS84,300,CA,0
SCE-6-7-2017-0,2017-06-07,SCE,48.71,-123.5133,WSGS84,300,CA,0
SCE-6-9-2021-0,2021-06-09,SCE,48.71,-123.5117,WSGS84,300,CA,0
SCE-7-11-2022-0,2022-07-11,SCE,48.71,-123.5117,WSGS84,300,CA,0
SCE-7-12-2018-0,2018-07-12,SCE,48.71,-123.5117,WSGS84,300,CA,0
SCE-7-16-2015-0,2015-07-16,SCE,48.7101,-123.5123,WSGS84,300,CA,0
SCE-7-17-2023-0,2023-07-17,SCE,48.71,-123.5117,WSGS84,300,CA,0
SCE-7-18-2017-0,2017-07-18,SCE,48.71,-123.5133,WSGS84,300,CA,0
SCE-7-19-2021-0,2021-07-19,SCE,48.7099,-123.512,WSGS84,300,CA,0
SCE-7-20-2016-0,2016-07-20,SCE,48.7105,-123.513,WSGS84,300,CA,0
SCE-7-21-2019-0,2019-07-21,SCE,48.71,-123.5117,WSGS84,300,CA,0
SCE-7-21-2022-0,2022-07-21,SCE,48.71,-123.5117,WSGS84,300,CA,0
SCE-7-26-2016-0,2016-07-26,SCE,48.71,-123.5233,WSGS84,300,CA,0
SCE-7-26-2018-0,2018-07-26,SCE,48.71,-123.5117,WSGS84,300,CA,0
SCE-7-26-2020-0,2020-07-26,SCE,48.71,-123.5117,WSGS84,300,CA,0
SCE-7-3-2015-0,2015-07-03,SCE,48.7097,-123.5135,WSGS84,300,CA,0
SCE-7-31-2017-0,2017-07-31,SCE,48.71,-123.5133,WSGS84,300,CA,0
SCE-7-4-2018-0,2018-07-04,SCE,48.71,-123.5117,WSGS84,300,CA,0
SCE-7-6-2016-0,2016-07-06,SCE,48.7106,-123.5127,WSGS84,300,CA,0
SCE-7-6-2020-0,2020-07-06,SCE,48.71,-123.5117,WSGS84,300,CA,0
SCE-7-7-2017-0,2017-07-07,SCE,48.71,-123.5117,WSGS84,300,CA,0
SCE-7-9-2019-0,2019-07-09,SCE,48.71,-123.5117,WSGS84,300,CA,0
SCE-7-9-2021-0,2021-07-09,SCE,48.7102,-123.5122,WSGS84,300,CA,0
SCE-8-12-2022-0,2022-08-12,SCE,48.71,-123.5117,WSGS84,300,CA,0
SCE-8-15-2017-0,2017-08-15,SCE,48.71,-123.5133,WSGS84,300,CA,0
SCE-8-15-2018-0,2018-08-15,SCE,48.71,-123.5117,WSGS84,300,CA,0
SCE-8-16-2022-0,2022-08-16,SCE,48.71,-123.5117,WSGS84,300,CA,0
SCE-8-2-2018-0,2018-08-02,SCE,48.71,-123.5117,WSGS84,300,CA,0
SCE-8-20-2019-0,2019-08-20,SCE,48.71,-123.5117,WSGS84,300,CA,0
SCE-8-22-2016-0,2016-08-22,SCE,48.71,-123.5117,WSGS84,300,CA,0
SCE-8-22-2017-0,2017-08-22,SCE,48.71,-123.5133,WSGS84,300,CA,0
SCE-8-22-2018-0,2018-08-22,SCE,48.71,-123.5117,WSGS84,300,CA,0
SCE-8-25-2020-0,2020-08-25,SCE,48.71,-123.5117,WSGS84,300,CA,0
SCE-8-29-2021-0,2021-08-29,SCE,48.7101,-123.5112,WSGS84,300,CA,0
SCE-8-6-2015-0,2015-08-06,SCE,48.7106,-123.5123,WSGS84,300,CA,0
SCE-8-7-2017-0,2017-08-07,SCE,48.71,-123.5133,WSGS84,300,CA,0
SCE-8-7-2019-0,2019-08-07,SCE,48.71,-123.5117,WSGS84,300,CA,0
SCE-8-8-2021-0,2021-08-08,SCE,48.7103,-123.5118,WSGS84,300,CA,0
SCE-8-9-2016-0,2016-08-09,SCE,48.71,-123.5117,WSGS84,300,CA,0
SCE-9-16-2015-0,2015-09-16,SCE,48.7106,-123.5127,WSGS84,300,CA,0
SCE-9-18-2020-0,2020-09-18,SCE,48.71,-123.5117,WSGS84,300,CA,0
SCE-9-19-2021-0,2021-09-19,SCE,48.7099,-123.5119,WSGS84,300,CA,0
SCE-9-21-2016-0,2016-09-21,SCE,48.7109,-123.5142,WSGS84,300,CA,0
SCE-9-24-2021-0,2021-09-24,SCE,48.7099,-123.5122,WSGS84,300,CA,0
SCE-9-26-2017-0,2017-09-26,SCE,48.71,-123.5117,WSGS84,300,CA,0
SCE-9-26-2018-0,2018-09-26,SCE,48.71,-123.5117,WSGS84,300,CA,0
SCE-9-7-2017-0,2017-09-07,SCE,48.71,-123.5133,WSGS84,300,CA,0
SCE-9-7-2018-0,2018-09-07,SCE,48.71,-123.5117,WSGS84,300,CA,0
SCE-9-8-2016-0,2016-09-08,SCE,48.7107,-123.5129,WSGS84,300,CA,0
SCW-1-16-2022-0,2022-01-16,SCW,48.7333,-123.5483,WSGS84,300,CA,0
SCW-10-11-2019-0,2019-10-11,SCW,48.7333,-123.5483,WSGS84,300,CA,0
SCW-10-17-2016-0,2016-10-17,SCW,48.7351,-123.549,WSGS84,300,CA,0
SCW-10-17-2017-0,2017-10-17,SCW,48.7333,-123.5483,WSGS84,300,CA,0
SCW-10-19-2021-0,2021-10-19,SCW,48.7333,-123.5482,WSGS84,300,CA,0
SCW-10-2-2020-0,2020-10-02,SCW,48.7333,-123.5483,WSGS84,300,CA,0
SCW-10-9-2022-0,2022-10-09,SCW,48.7333,-123.5483,WSGS84,300,CA,0
SCW-12-7-2020-0,2020-12-07,SCW,48.7333,-123.5483,WSGS84,300,CA,0
SCW-2-19-2015-0,2015-02-19,SCW,48.7344,-123.5481,WSGS84,300,CA,0
SCW-2-22-2021-0,2021-02-22,SCW,48.7332,-123.5486,WSGS84,300,CA,0
SCW-2-23-2022-0,2022-02-23,SCW,48.7333,-123.5483,WSGS84,300,CA,0
SCW-3-1-2023-0,2023-03-01,SCW,48.7333,-123.5483,WSGS84,300,CA,0
SCW-3-10-2022-0,2022-03-10,SCW,48.7333,-123.5483,WSGS84,300,CA,0
SCW-3-12-2015-0,2015-03-12,SCW,48.7351,-123.5446,WSGS84,300,CA,0
SCW-3-13-2023-0,2023-03-13,SCW,48.7333,-123.5483,WSGS84,300,CA,0
SCW-3-15-2021-0,2021-03-15,SCW,48.7333,-123.5468,WSGS84,300,CA,0
SCW-3-18-2022-0,2022-03-18,SCW,48.7333,-123.5483,WSGS84,300,CA,0
SCW-3-19-2015-0,2015-03-19,SCW,48.7316,-123.5453,WSGS84,300,CA,0
SCW-3-2-2020-0,2020-03-02,SCW,48.7333,-123.5483,WSGS84,300,CA,0
SCW-3-21-2016-0,2016-03-21,SCW,48.7352,-123.5485,WSGS84,300,CA,0
SCW-3-21-2017-0,2017-03-21,SCW,48.7333,-123.5483,WSGS84,300,CA,0
SCW-3-22-2021-0,2021-03-22,SCW,48.732,-123.5475,WSGS84,300,CA,0
SCW-3-24-2022-0,2022-03-24,SCW,48.7333,-123.5483,WSGS84,300,CA,0
SCW-3-26-2015-0,2015-03-26,SCW,48.7351,-123.5505,WSGS84,300,CA,0
SCW-3-26-2018-0,2018-03-26,SCW,48.7333,-123.5483,WSGS84,300,CA,0
SCW-3-3-2016-0,2016-03-03,SCW,48.7333,-123.5483,WSGS84,300,CA,0
SCW-3-3-2017-0,2017-03-03,SCW,48.7333,-123.5483,WSGS84,300,CA,0
SCW-3-30-2016-0,2016-03-30,SCW,48.7351,-123.5481,WSGS84,300,CA,0
SCW-3-30-2021-0,2021-03-30,SCW,48.7341,-123.5482,WSGS84,300,CA,0
SCW-3-31-2020-0,2020-03-31,SCW,48.7333,-123.5483,WSGS84,300,CA,0
SCW-3-6-2023-0,2023-03-06,SCW,48.7333,-123.5483,WSGS84,300,CA,0
SCW-3-8-2017-0,2017-03-08,SCW,48.7344,-123.5485,WSGS84,300,CA,0
SCW-3-9-2018-0,2018-03-09,SCW,48.7333,-123.6483,WSGS84,300,CA,0
SCW-4-1-2022-0,2022-04-01,SCW,48.7333,-123.5483,WSGS84,300,CA,0
SCW-4-10-2022-0,2022-04-10,SCW,48.7333,-123.5483,WSGS84,300,CA,0
SCW-4-11-2021-0,2021-04-11,SCW,48.7327,-123.548,WSGS84,300,CA,0
SCW-4-14-2017-0,2017-04-14,SCW,48.7333,-123.5483,WSGS84,300,CA,0
SCW-4-14-2023-0,2023-04-14,SCW,48.7333,-123.5483,WSGS84,300,CA,0
SCW-4-16-2015-0,2015-04-16,SCW,48.7341,-123.5477,WSGS84,300,CA,0
SCW-4-16-2022-0,2022-04-16,SCW,48.7333,-123.5483,WSGS84,300,CA,0
SCW-4-18-2019-0,2019-04-18,SCW,48.7333,-123.5483,WSGS84,300,CA,0
SCW-4-19-2016-0,2016-04-19,SCW,48.734,-123.5481,WSGS84,300,CA,0
SCW-4-19-2021-0,2021-04-19,SCW,48.7334,-123.5484,WSGS84,300,CA,0
SCW-4-20-2018-0,2018-04-20,SCW,48.7333,-123.5483,WSGS84,300,CA,0
SCW-4-24-2017-0,2017-04-24,SCW,48.7333,-123.5483,WSGS84,300,CA,0
SCW-4-24-2020-0,2020-04-24,SCW,48.7333,-123.5483,WSGS84,300,CA,0
SCW-4-25-2018-0,2018-04-25,SCW,48.7333,-123.5483,WSGS84,300,CA,0
SCW-4-25-2019-0,2019-04-25,SCW,48.7333,-123.5483,WSGS84,300,CA,0
SCW-4-27-2016-0,2016-04-27,SCW,48.7333,-123.5483,WSGS84,300,CA,0
SCW-4-28-2023-0,2023-04-28,SCW,48.7333,-123.5483,WSGS84,300,CA,0
SCW-4-3-2018-0,2018-04-03,SCW,48.7333,-123.5483,WSGS84,300,CA,0
SCW-4-30-2020-0,2020-04-30,SCW,48.7333,-123.5483,WSGS84,300,CA,0
SCW-4-5-2021-0,2021-04-05,SCW,48.7335,-123.5483,WSGS84,300,CA,0
SCW-4-6-2017-0,2017-04-06,SCW,48.7333,-123.5483,WSGS84,300,CA,0
SCW-5-10-2016-0,2016-05-10,SCW,48.7333,-123.5483,WSGS84,300,CA,0
SCW-5-11-2017-0,2017-05-11,SCW,48.7333,-123.5483,WSGS84,300,CA,0
SCW-5-13-2020-0,2020-05-13,SCW,48.7333,-123.5483,WSGS84,300,CA,0
SCW-5-17-2016-0,2016-05-17,SCW,48.7333,-123.5483,WSGS84,300,CA,0
SCW-5-19-2018-0,2018-05-19,SCW,48.7333,-123.6483,WSGS84,300,CA,0
SCW-5-20-2021-0,2021-05-20,SCW,48.7332,-123.5484,WSGS84,300,CA,0
SCW-5-20-2022-0,2022-05-20,SCW,48.7333,-123.5483,WSGS84,300,CA,0
SCW-5-21-2019-0,2019-05-21,SCW,48.7333,-123.5483,WSGS84,300,CA,0
SCW-5-23-2017-0,2017-05-23,SCW,48.7333,-123.5483,WSGS84,300,CA,0
SCW-5-24-2016-0,2016-05-24,SCW,48.7333,-123.5483,WSGS84,300,CA,0
SCW-5-26-2015-0,2015-05-26,SCW,48.7348,-123.5489,WSGS84,300,CA,0
SCW-5-30-2018-0,2018-05-30,SCW,48.7333,-123.5483,WSGS84,300,CA,0
SCW-5-5-2017-0,2017-05-05,SCW,48.7333,-123.5483,WSGS84,300,CA,0
SCW-5-7-2019-0,2019-05-07,SCW,48.7333,-123.5483,WSGS84,300,CA,0
SCW-5-7-2020-0,2020-05-07,SCW,48.7333,-123.5483,WSGS84,300,CA,0
SCW-5-9-2018-0,2018-05-09,SCW,48.7333,-123.6483,WSGS84,300,CA,0
SCW-5-9-2021-0,2021-05-09,SCW,48.7333,-123.5496,WSGS84,300,CA,0
SCW-6-12-2017-0,2017-06-12,SCW,48.7333,-123.5483,WSGS84,300,CA,0
SCW-6-15-2016-0,2016-06-15,SCW,48.7333,-123.5483,WSGS84,300,CA,0
SCW-6-15-2018-0,2018-06-15,SCW,48.7333,-123.5483,WSGS84,300,CA,0
SCW-6-16-2021-0,2021-06-16,SCW,48.7335,-123.5486,WSGS84,300,CA,0
SCW-6-16-2022-0,2022-06-16,SCW,48.7333,-123.5483,WSGS84,300,CA,0
SCW-6-16-2023-0,2023-06-16,SCW,48.7333,-123.5483,WSGS84,300,CA,0
SCW-6-18-2019-0,2019-06-18,SCW,48.7333,-123.5483,WSGS84,300,CA,0
SCW-6-19-2022-0,2022-06-19,SCW,48.7333,-123.5483,WSGS84,300,CA,0
SCW-6-2-2019-0,2019-06-02,SCW,48.7333,-123.5483,WSGS84,300,CA,0
SCW-6-21-2018-0,2018-06-21,SCW,48.7333,-123.5483,WSGS84,300,CA,0
SCW-6-23-2017-0,2017-06-23,SCW,48.7333,-123.5483,WSGS84,300,CA,0
SCW-6-25-2020-0,2020-06-25,SCW,48.7333,-123.5483,WSGS84,300,CA,0
SCW-6-25-2023-0,2023-06-25,SCW,48.7333,-123.5483,WSGS84,300,CA,0
SCW-6-28-2016-0,2016-06-28,SCW,48.735,-123.5486,WSGS84,300,CA,0
SCW-6-5-2020-0,2020-06-05,SCW,48.7333,-123.5483,WSGS84,300,CA,0
SCW-6-6-2018-0,2018-06-06,SCW,48.7333,-123.5483,WSGS84,300,CA,0
SCW-6-7-2016-0,2016-06-07,SCW,48.7342,-123.5488,WSGS84,300,CA,0
SCW-6-7-2017-0,2017-06-07,SCW,48.7333,-123.5483,WSGS84,300,CA,0
SCW-6-9-2021-0,2021-06-09,SCW,48.7334,-123.5483,WSGS84,300,CA,0
SCW-7-11-2022-0,2022-07-11,SCW,48.7333,-123.5483,WSGS84,300,CA,0
SCW-7-12-2018-0,2018-07-12,SCW,48.7333,-123.5483,WSGS84,300,CA,0
SCW-7-16-2015-0,2015-07-16,SCW,48.7337,-123.5481,WSGS84,300,CA,0
SCW-7-17-2023-0,2023-07-17,SCW,48.7333,-123.5483,WSGS84,300,CA,0
SCW-7-18-2017-0,2017-07-18,SCW,48.7333,-123.5483,WSGS84,300,CA,0
SCW-7-19-2021-0,2021-07-19,SCW,48.7336,-123.5481,WSGS84,300,CA,0
SCW-7-20-2016-0,2016-07-20,SCW,48.7343,-123.5485,WSGS84,300,CA,0
SCW-7-21-2019-0,2019-07-21,SCW,48.7333,-123.5483,WSGS84,300,CA,0
SCW-7-21-2022-0,2022-07-21,SCW,48.7333,-123.5483,WSGS84,300,CA,0
SCW-7-26-2016-0,2016-07-26,SCW,48.7333,-123.5583,WSGS84,300,CA,0
SCW-7-26-2018-0,2018-07-26,SCW,48.7333,-123.5483,WSGS84,300,CA,0
SCW-7-26-2020-0,2020-07-26,SCW,48.7333,-123.5483,WSGS84,300,CA,0
SCW-7-3-2015-0,2015-07-03,SCW,48.7349,-123.5483,WSGS84,300,CA,0
SCW-7-31-2017-0,2017-07-31,SCW,48.7333,-123.5483,WSGS84,300,CA,0
SCW-7-4-2018-0,2018-07-04,SCW,48.7333,-123.5483,WSGS84,300,CA,0
SCW-7-6-2016-0,2016-07-06,SCW,48.734,-123.5483,WSGS84,300,CA,0
SCW-7-6-2020-0,2020-07-06,SCW,48.7333,-123.5483,WSGS84,300,CA,0
SCW-7-7-2017-0,2017-07-07,SCW,48.7333,-123.5483,WSGS84,300,CA,0
SCW-7-9-2019-0,2019-07-09,SCW,48.7333,-123.5483,WSGS84,300,CA,0
SCW-7-9-2021-0,2021-07-09,SCW,48.7339,-123.5486,WSGS84,300,CA,0
SCW-8-12-2022-0,2022-08-12,SCW,48.7333,-123.5483,WSGS84,300,CA,0
SCW-8-15-2017-0,2017-08-15,SCW,48.7333,-123.5483,WSGS84,300,CA,0
SCW-8-15-2018-0,2018-08-15,SCW,48.7333,-123.5483,WSGS84,300,CA,0
SCW-8-16-2022-0,2022-08-16,SCW,48.7333,-123.5483,WSGS84,300,CA,0
SCW-8-2-2018-0,2018-08-02,SCW,48.7333,-123.5483,WSGS84,300,CA,0
SCW-8-20-2019-0,2019-08-20,SCW,48.7333,-123.5483,WSGS84,300,CA,0
SCW-8-22-2016-0,2016-08-22,SCW,48.7333,-123.5483,WSGS84,300,CA,0
SCW-8-22-2017-0,2017-08-22,SCW,48.7333,-123.5483,WSGS84,300,CA,0
SCW-8-22-2018-0,2018-08-22,SCW,48.7333,-123.5483,WSGS84,300,CA,0
SCW-8-25-2020-0,2020-08-25,SCW,48.7333,-123.5483,WSGS84,300,CA,0
SCW-8-29-2021-0,2021-08-29,SCW,48.7335,-123.5486,WSGS84,300,CA,0
SCW-8-6-2015-0,2015-08-06,SCW,48.7346,-123.5486,WSGS84,300,CA,0
SCW-8-7-2017-0,2017-08-07,SCW,48.7333,-123.5483,WSGS84,300,CA,0
SCW-8-7-2019-0,2019-08-07,SCW,48.7333,-123.5483,WSGS84,300,CA,0
SCW-8-8-2021-0,2021-08-08,SCW,48.7334,-123.5486,WSGS84,300,CA,0
SCW-8-9-2016-0,2016-08-09,SCW,48.7333,-123.5483,WSGS84,300,CA,0
SCW-9-16-2019-0,2019-09-16,SCW,48.7333,-123.5483,WSGS84,300,CA,0
SCW-9-18-2020-0,2020-09-18,SCW,48.7333,-123.5483,WSGS84,300,CA,0
SCW-9-19-2021-0,2021-09-19,SCW,48.7334,-123.5485,WSGS84,300,CA,0
SCW-9-21-2016-0,2016-09-21,SCW,48.7346,-123.5488,WSGS84,300,CA,0
SCW-9-24-2021-0,2021-09-24,SCW,48.7332,-123.5481,WSGS84,300,CA,0
SCW-9-26-2017-0,2017-09-26,SCW,48.7333,-123.5483,WSGS84,300,CA,0
SCW-9-26-2018-0,2018-09-26,SCW,48.7333,-123.5483,WSGS84,300,CA,0
SCW-9-7-2017-0,2017-09-07,SCW,48.7333,-123.5483,WSGS84,300,CA,0
SCW-9-7-2018-0,2018-09-07,SCW,48.7333,-123.5483,WSGS84,300,CA,0
SCW-9-8-2016-0,2016-09-08,SCW,48.7346,-123.5486,WSGS84,300,CA,0
SFN1-6-26-2023-0,2023-06-26,SFN1,49.2031,-123.955,WSGS84,300,CA,0
SFN1-6-26-2023-10,2023-06-26,SFN1,49.2031,-123.955,WSGS84,300,CA,10
SFN1-6-26-2023-20,2023-06-26,SFN1,49.2031,-123.955,WSGS84,300,CA,20
SFN1-6-26-2023-5,2023-06-26,SFN1,49.2031,-123.955,WSGS84,300,CA,5
SFN1-7-19-2023-0,2023-07-19,SFN1,49.2031,-123.955,WSGS84,300,CA,0
SFN1-7-19-2023-10,2023-07-19,SFN1,49.2031,-123.955,WSGS84,300,CA,10
SFN1-7-19-2023-20,2023-07-19,SFN1,49.2031,-123.955,WSGS84,300,CA,20
SFN1-7-19-2023-5,2023-07-19,SFN1,49.2031,-123.955,WSGS84,300,CA,5
SFN12-6-26-2023-0,2023-06-26,SFN12,49.0483,-123.5881,WSGS84,300,CA,0
SFN12-7-18-2023-0,2023-07-18,SFN12,49.0483,-123.5881,WSGS84,300,CA,0
SFN13-6-26-2023-0,2023-06-26,SFN13,49.0741,-123.5369,WSGS84,300,CA,0
SFN13-7-18-2023-0,2023-07-18,SFN13,49.0741,-123.5369,WSGS84,300,CA,0
SFN18-6-26-2023-0,2023-06-26,SFN18,49.2221,-123.8551,WSGS84,300,CA,0
SFN3-6-26-2023-0,2023-06-26,SFN3,49.1663,-123.8982,WSGS84,300,CA,0
SFN3-7-18-2023-0,2023-07-18,SFN3,49.1663,-123.8982,WSGS84,300,CA,0
SFN4-6-26-2023-0,2023-06-26,SFN4,49.1774,-123.8833,WSGS84,300,CA,0
SFN4-7-18-2023-0,2023-07-18,SFN4,49.1774,-123.8833,WSGS84,300,CA,0
SFN6-6-26-2023-0,2023-06-26,SFN6,49.1292,-123.8055,WSGS84,300,CA,0
SFN6-7-18-2023-0,2023-07-18,SFN6,49.1292,-123.8055,WSGS84,300,CA,0
SFN7-6-26-2023-0,2023-06-26,SFN7,49.1236,-123.7604,WSGS84,300,CA,0
SFN7-7-18-2023-0,2023-07-18,SFN7,49.1236,-123.7604,WSGS84,300,CA,0
SFN8-6-26-2023-0,2023-06-26,SFN8,49.0802,-123.7528,WSGS84,300,CA,0
SFN8-6-26-2023-10,2023-06-26,SFN8,49.0802,-123.7528,WSGS84,300,CA,10
SFN8-6-26-2023-20,2023-06-26,SFN8,49.0802,-123.7528,WSGS84,300,CA,20
SFN8-6-26-2023-5,2023-06-26,SFN8,49.0802,-123.7528,WSGS84,300,CA,5
SFN8-7-18-2023-0,2023-07-18,SFN8,49.0802,-123.7528,WSGS84,300,CA,0
SFN8-7-18-2023-10,2023-07-18,SFN8,49.0802,-123.7528,WSGS84,300,CA,10
SFN8-7-18-2023-20,2023-07-18,SFN8,49.0802,-123.7528,WSGS84,300,CA,20
SFN8-7-18-2023-5,2023-07-18,SFN8,49.0802,-123.7528,WSGS84,300,CA,5
SN1-1-27-2015-0,2015-01-27,SN1,48.7683,-123.5733,WSGS84,300,CA,0
SN1-10-17-2016-0,2016-10-17,SN1,48.7689,-123.573,WSGS84,300,CA,0
SN1-10-17-2017-0,2017-10-17,SN1,48.7683,-123.5733,WSGS84,300,CA,0
SN1-2-19-2015-0,2015-02-19,SN1,48.7698,-123.5754,WSGS84,300,CA,0
SN1-3-12-2015-0,2015-03-12,SN1,48.7679,-123.574,WSGS84,300,CA,0
SN1-3-19-2015-0,2015-03-19,SN1,48.7693,-123.573,WSGS84,300,CA,0
SN1-3-21-2016-0,2016-03-21,SN1,48.7685,-123.5729,WSGS84,300,CA,0
SN1-3-26-2015-0,2015-03-26,SN1,48.7695,-123.5748,WSGS84,300,CA,0
SN1-3-3-2016-0,2016-03-03,SN1,48.7683,-123.5733,WSGS84,300,CA,0
SN1-3-3-2017-0,2017-03-03,SN1,48.7683,-123.5733,WSGS84,300,CA,0
SN1-3-21-2017-0,2017-03-21,SN1,49.3017,-123.2548,WSGS84,300,CA,0
SN1-3-8-2017-0,2017-03-08,SN1,48.7682,-123.572,WSGS84,300,CA,0
SN1-4-14-2017-0,2017-04-14,SN1,48.7683,-123.5733,WSGS84,300,CA,0
SN1-4-16-2015-0,2015-04-16,SN1,48.7683,-123.5733,WSGS84,300,CA,0
SN1-4-19-2016-0,2016-04-19,SN1,48.7695,-123.5719,WSGS84,300,CA,0
SN1-3-30-2016-0,2016-03-30,SN1,49.3018,-123.2542,WSGS84,300,CA,0
SN1-4-4-2015-0,2015-04-04,SN1,49.3017,-123.255,WSGS84,300,CA,0
SN1-4-6-2017-0,2017-04-06,SN1,48.7694,-123.573,WSGS84,300,CA,0
SN1-5-11-2015-0,2015-05-11,SN1,48.7689,-123.5736,WSGS84,300,CA,0
SN1-5-11-2017-0,2017-05-11,SN1,48.7683,-123.5733,WSGS84,300,CA,0
SN1-4-24-2017-0,2017-04-24,SN1,49.3017,-123.255,WSGS84,300,CA,0
SN1-5-19-2015-0,2015-05-19,SN1,48.7689,-123.574,WSGS84,300,CA,0
SN1-5-23-2017-0,2017-05-23,SN1,48.7683,-123.5733,WSGS84,300,CA,0
SN1-5-26-2015-0,2015-05-26,SN1,48.7691,-123.5741,WSGS84,300,CA,0
SN1-5-5-2017-0,2017-05-05,SN1,49.3017,-123.255,WSGS84,300,CA,0
SN1-6-12-2017-0,2017-06-12,SN1,48.7683,-123.5733,WSGS84,300,CA,0
SN1-6-15-2016-0,2016-06-15,SN1,48.7683,-123.5733,WSGS84,300,CA,0
SN1-4-27-2016-0,2016-04-27,SN1,49.3016,-123.2549,WSGS84,300,CA,0
SN1-6-7-2016-0,2016-06-07,SN1,48.7683,-123.5727,WSGS84,300,CA,0
SN1-6-7-2017-0,2017-06-07,SN1,48.7683,-123.5733,WSGS84,300,CA,0
SN1-7-16-2015-0,2015-07-16,SN1,48.7683,-123.5744,WSGS84,300,CA,0
SN1-7-18-2017-0,2017-07-18,SN1,49.3017,-123.255,WSGS84,300,CA,0
SN1-7-20-2016-0,2016-07-20,SN1,48.7693,-123.5741,WSGS84,300,CA,0
SN1-7-26-2016-0,2016-07-26,SN1,48.7683,-123.5733,WSGS84,300,CA,0
SN1-7-3-2015-0,2015-07-03,SN1,48.769,-123.5732,WSGS84,300,CA,0
SN1-7-31-2017-0,2017-07-31,SN1,48.7683,-123.5733,WSGS84,300,CA,0
SN1-7-7-2017-0,2017-07-07,SN1,49.3017,-123.255,WSGS84,300,CA,0
SN1-8-15-2017-0,2017-08-15,SN1,49.3017,-123.255,WSGS84,300,CA,0
SN1-8-22-2016-0,2016-08-22,SN1,48.7683,-123.5733,WSGS84,300,CA,0
SN1-8-22-2017-0,2017-08-22,SN1,48.7683,-123.5733,WSGS84,300,CA,0
SN1-5-10-2016-0,2016-05-10,SN1,49.3017,-123.255,WSGS84,300,CA,0
SN1-8-7-2017-0,2017-08-07,SN1,48.7683,-123.5733,WSGS84,300,CA,0
SN1-9-16-2015-0,2015-09-16,SN1,48.769,-123.5731,WSGS84,300,CA,0
SN1-9-21-2016-0,2016-09-21,SN1,48.7688,-123.573,WSGS84,300,CA,0
SN1-5-17-2016-0,2016-05-17,SN1,49.3018,-123.2547,WSGS84,300,CA,0
SN1-9-7-2017-0,2017-09-07,SN1,48.7683,-123.5733,WSGS84,300,CA,0
SN1-9-8-2016-0,2016-09-08,SN1,48.7689,-123.5734,WSGS84,300,CA,0
SN1-3-26-2018-0,2018-03-26,SN1,49.3017,-123.255,WSGS84,300,CA,0
SN1-3-9-2018-0,2018-03-09,SN1,49.3017,-123.255,WSGS84,300,CA,0
SN1-4-20-2018-0,2018-04-20,SN1,49.3017,-123.255,WSGS84,300,CA,0
SN1-4-25-2018-0,2018-04-25,SN1,49.3017,-123.255,WSGS84,300,CA,0
SN1-4-3-2018-0,2018-04-03,SN1,49.3017,-123.255,WSGS84,300,CA,0
SN1-5-19-2018-0,2018-05-19,SN1,49.3017,-123.255,WSGS84,300,CA,0
SN1-5-30-2018-0,2018-05-30,SN1,49.3017,-123.255,WSGS84,300,CA,0
SN1-5-9-2018-0,2018-05-09,SN1,49.3017,-123.255,WSGS84,300,CA,0
SN1-6-15-2018-0,2018-06-15,SN1,49.3017,-123.255,WSGS84,300,CA,0
SN1-6-21-2018-0,2018-06-21,SN1,49.3017,-123.255,WSGS84,300,CA,0
SN1-6-6-2018-0,2018-06-06,SN1,49.3017,-123.255,WSGS84,300,CA,0
SN1-7-12-2018-0,2018-07-12,SN1,49.3017,-123.255,WSGS84,300,CA,0
SN1-7-26-2018-0,2018-07-26,SN1,49.3017,-123.255,WSGS84,300,CA,0
SN1-7-4-2018-0,2018-07-04,SN1,49.3017,-123.255,WSGS84,300,CA,0
SN1-8-15-2018-0,2018-08-15,SN1,49.3017,-123.255,WSGS84,300,CA,0
SN1-8-2-2018-0,2018-08-02,SN1,49.3017,-123.255,WSGS84,300,CA,0
SN1-8-22-2018-0,2018-08-22,SN1,49.3017,-123.255,WSGS84,300,CA,0
SN1-9-26-2018-0,2018-09-26,SN1,49.3017,-123.255,WSGS84,300,CA,0
SN1-9-7-2018-0,2018-09-07,SN1,49.3017,-123.255,WSGS84,300,CA,0
SN1-1-14-2021-0,2021-01-14,SN1,49.3017,-123.255,WSGS84,300,CA,0
SN1-1-16-2022-0,2022-01-16,SN1,49.3017,-123.255,WSGS84,300,CA,0
SN1-1-24-2019-0,2019-01-24,SN1,49.3017,-123.255,WSGS84,300,CA,0
SN1-10-15-2023-0,2023-10-15,SN1,49.3017,-123.255,WSGS84,300,CA,0
SN1-10-19-2017-0,2017-10-19,SN1,49.3017,-123.2546,WSGS84,300,CA,0
SN1-10-19-2021-0,2021-10-19,SN1,49.3019,-123.2564,WSGS84,300,CA,0
SN1-10-2-2020-0,2020-10-02,SN1,49.3017,-123.255,WSGS84,300,CA,0
SN1-10-7-2022-0,2022-10-07,SN1,49.3017,-123.255,WSGS84,300,CA,0
SN1-11-28-2018-0,2018-11-28,SN1,49.3017,-123.255,WSGS84,300,CA,0
SN1-12-8-2020-0,2020-12-08,SN1,49.3017,-123.255,WSGS84,300,CA,0
SN1-12-9-2021-0,2021-12-09,SN1,49.3017,-123.255,WSGS84,300,CA,0
SN1-2-21-2022-0,2022-02-21,SN1,49.3017,-123.255,WSGS84,300,CA,0
SN1-2-24-2021-0,2021-02-24,SN1,49.3019,-123.2584,WSGS84,300,CA,0
SN1-2-26-2020-0,2020-02-26,SN1,49.3017,-123.255,WSGS84,300,CA,0
SN1-3-10-2021-0,2021-03-10,SN1,49.3017,-123.255,WSGS84,300,CA,0
SN1-3-10-2022-0,2022-03-10,SN1,49.3017,-123.255,WSGS84,300,CA,0
SN1-3-12-2023-0,2023-03-12,SN1,49.3017,-123.255,WSGS84,300,CA,0
SN1-3-15-2018-0,2018-03-15,SN1,49.3017,-123.255,WSGS84,300,CA,0
SN1-3-16-2019-0,2019-03-16,SN1,49.3017,-123.255,WSGS84,300,CA,0
SN1-3-16-2020-0,2020-03-16,SN1,49.3017,-123.255,WSGS84,300,CA,0
SN1-3-16-2022-0,2022-03-16,SN1,49.3017,-123.255,WSGS84,300,CA,0
SN1-3-17-2016-0,2016-03-17,SN1,49.3016,-123.2546,WSGS84,300,CA,0
SN1-3-23-2021-0,2021-03-23,SN1,49.3017,-123.2588,WSGS84,300,CA,0
SN1-3-24-2020-0,2020-03-24,SN1,49.3017,-123.255,WSGS84,300,CA,0
SN1-3-24-2022-0,2022-03-24,SN1,49.3017,-123.255,WSGS84,300,CA,0
SN1-3-27-2018-0,2018-03-27,SN1,49.3017,-123.255,WSGS84,300,CA,0
SN1-3-27-2021-0,2021-03-27,SN1,49.3012,-123.2598,WSGS84,300,CA,0
SN1-5-24-2016-0,2016-05-24,SN1,49.3014,-123.2547,WSGS84,300,CA,0
SN1-3-30-2019-0,2019-03-30,SN1,49.3017,-123.255,WSGS84,300,CA,0
SN1-3-30-2022-0,2022-03-30,SN1,49.3017,-123.255,WSGS84,300,CA,0
SN1-3-30-2023-0,2023-03-30,SN1,49.3017,-123.255,WSGS84,300,CA,0
SN1-3-7-2023-0,2023-03-07,SN1,49.3017,-123.255,WSGS84,300,CA,0
SN1-3-9-2017-0,2017-03-09,SN1,49.3016,-123.2559,WSGS84,300,CA,0
SN1-3-9-2019-0,2019-03-09,SN1,49.3017,-123.255,WSGS84,300,CA,0
SN1-3-9-2020-0,2020-03-09,SN1,49.3017,-123.255,WSGS84,300,CA,0
SN1-4-10-2019-0,2019-04-10,SN1,49.3017,-123.255,WSGS84,300,CA,0
SN1-4-12-2017-0,2017-04-12,SN1,49.3016,-123.2551,WSGS84,300,CA,0
SN1-4-13-2016-0,2016-04-13,SN1,49.3015,-123.2555,WSGS84,300,CA,0
SN1-4-14-2022-0,2022-04-14,SN1,49.3017,-123.255,WSGS84,300,CA,0
SN1-4-14-2023-0,2023-04-14,SN1,49.3017,-123.255,WSGS84,300,CA,0
SN1-4-15-2021-0,2021-04-15,SN1,49.3031,-123.2586,WSGS84,300,CA,0
SN1-4-17-2019-0,2019-04-17,SN1,49.3017,-123.255,WSGS84,300,CA,0
SN1-4-18-2016-0,2016-04-18,SN1,49.3016,-123.2552,WSGS84,300,CA,0
SN1-4-19-2018-0,2018-04-19,SN1,49.3017,-123.255,WSGS84,300,CA,0
SN1-4-19-2021-0,2021-04-19,SN1,49.302,-123.255,WSGS84,300,CA,0
SN1-4-2-2020-0,2020-04-02,SN1,49.3017,-123.255,WSGS84,300,CA,0
SN1-4-21-2023-0,2023-04-21,SN1,49.3017,-123.255,WSGS84,300,CA,0
SN1-4-22-2022-0,2022-04-22,SN1,49.3017,-123.255,WSGS84,300,CA,0
SN1-4-26-2018-0,2018-04-26,SN1,49.3017,-123.255,WSGS84,300,CA,0
SN1-4-26-2023-0,2023-04-26,SN1,49.3017,-123.255,WSGS84,300,CA,0
SN1-6-28-2016-0,2016-06-28,SN1,49.3017,-123.2537,WSGS84,300,CA,0
SN1-4-30-2020-0,2020-04-30,SN1,49.3017,-123.255,WSGS84,300,CA,0
SN1-4-5-2018-0,2018-04-05,SN1,49.3017,-123.255,WSGS84,300,CA,0
SN1-4-6-2021-0,2021-04-06,SN1,49.3016,-123.2572,WSGS84,300,CA,0
SN1-4-7-2017-0,2017-04-07,SN1,49.3017,-123.255,WSGS84,300,CA,0
SN1-4-7-2022-0,2022-04-07,SN1,49.3017,-123.255,WSGS84,300,CA,0
SN1-5-10-2018-0,2018-05-10,SN1,49.3017,-123.255,WSGS84,300,CA,0
SN1-5-12-2017-0,2017-05-12,SN1,49.3012,-123.2557,WSGS84,300,CA,0
SN1-5-12-2021-0,2021-05-12,SN1,49.3002,-123.2551,WSGS84,300,CA,0
SN1-5-14-2020-0,2020-05-14,SN1,49.3017,-123.255,WSGS84,300,CA,0
SN1-5-15-2022-0,2022-05-15,SN1,49.3017,-123.255,WSGS84,300,CA,0
SN1-7-6-2016-0,2016-07-06,SN1,49.3016,-123.2553,WSGS84,300,CA,0
SN1-5-20-2021-0,2021-05-20,SN1,49.3027,-123.2533,WSGS84,300,CA,0
SN1-5-21-2022-0,2022-05-21,SN1,49.3017,-123.255,WSGS84,300,CA,0
SN1-5-22-2019-0,2019-05-22,SN1,49.3017,-123.255,WSGS84,300,CA,0
SN1-5-24-2017-0,2017-05-24,SN1,49.3034,-123.2512,WSGS84,300,CA,0
SN1-5-25-2015-0,2015-05-25,SN1,49.1067,-123.3333,WSGS84,300,CA,0
SN1-5-25-2015-10,2015-05-25,SN1,49.3017,-123.255,WSGS84,300,CA,10
SN1-5-25-2015-20,2015-05-25,SN1,49.3017,-123.255,WSGS84,300,CA,20
SN1-5-25-2015-5,2015-05-25,SN1,49.3017,-123.255,WSGS84,300,CA,5
SN1-5-28-2018-0,2018-05-28,SN1,49.3017,-123.255,WSGS84,300,CA,0
SN1-5-28-2023-0,2023-05-28,SN1,49.3017,-123.255,WSGS84,300,CA,0
SN1-5-3-2023-0,2023-05-03,SN1,49.3017,-123.255,WSGS84,300,CA,0
SN1-5-7-2020-0,2020-05-07,SN1,49.3017,-123.255,WSGS84,300,CA,0
SN1-5-9-2019-0,2019-05-09,SN1,49.3017,-123.255,WSGS84,300,CA,0
SN1-6-13-2017-0,2017-06-13,SN1,49.3018,-123.2552,WSGS84,300,CA,0
SN1-6-15-2021-0,2021-06-15,SN1,49.3022,-123.2579,WSGS84,300,CA,0
SN1-6-15-2022-0,2022-06-15,SN1,49.3017,-123.255,WSGS84,300,CA,0
SN1-6-16-2016-0,2016-06-16,SN1,49.3015,-123.2553,WSGS84,300,CA,0
SN1-6-20-2019-0,2019-06-20,SN1,49.3017,-123.255,WSGS84,300,CA,0
SN1-6-20-2022-0,2022-06-20,SN1,49.3017,-123.255,WSGS84,300,CA,0
SN1-6-22-2017-0,2017-06-22,SN1,49.3017,-123.2552,WSGS84,300,CA,0
SN1-6-24-2015-0,2015-06-24,SN1,49.3004,-123.2549,WSGS84,300,CA,0
SN1-6-24-2015-10,2015-06-24,SN1,49.3017,-123.255,WSGS84,300,CA,10
SN1-6-24-2015-20,2015-06-24,SN1,49.3017,-123.255,WSGS84,300,CA,20
SN1-6-24-2015-5,2015-06-24,SN1,49.3017,-123.255,WSGS84,300,CA,5
SN1-6-26-2020-0,2020-06-26,SN1,49.3017,-123.255,WSGS84,300,CA,0
SN1-6-27-2023-0,2023-06-27,SN1,49.3017,-123.255,WSGS84,300,CA,0
SN1-8-6-2015-0,2015-08-06,SN1,49.3016,-123.2563,WSGS84,300,CA,0
SN1-6-4-2019-0,2019-06-04,SN1,49.3017,-123.255,WSGS84,300,CA,0
SN1-6-5-2018-0,2018-06-05,SN1,49.3017,-123.255,WSGS84,300,CA,0
SN1-6-6-2017-0,2017-06-06,SN1,49.3017,-123.2544,WSGS84,300,CA,0
SN1-6-6-2020-0,2020-06-06,SN1,49.3017,-123.255,WSGS84,300,CA,0
SN1-6-8-2021-0,2021-06-08,SN1,49.3021,-123.2588,WSGS84,300,CA,0
SN1-7-11-2022-0,2022-07-11,SN1,49.3017,-123.255,WSGS84,300,CA,0
SN1-7-15-2015-0,2015-07-15,SN1,49.3025,-123.2543,WSGS84,300,CA,0
SN1-7-16-2023-0,2023-07-16,SN1,49.3017,-123.255,WSGS84,300,CA,0
SN1-7-17-2017-0,2017-07-17,SN1,49.3018,-123.2545,WSGS84,300,CA,0
SN1-7-18-2021-0,2021-07-18,SN1,49.3017,-123.2539,WSGS84,300,CA,0
SN1-7-18-2022-0,2022-07-18,SN1,49.3017,-123.255,WSGS84,300,CA,0
SN1-7-21-2019-0,2019-07-21,SN1,49.3017,-123.255,WSGS84,300,CA,0
SN1-7-22-2016-0,2016-07-22,SN1,49.3015,-123.2558,WSGS84,300,CA,0
SN1-7-23-2023-0,2023-07-23,SN1,49.3017,-123.255,WSGS84,300,CA,0
SN1-7-27-2016-0,2016-07-27,SN1,49.3017,-123.255,WSGS84,300,CA,0
SN1-7-29-2020-0,2020-07-29,SN1,49.3017,-123.255,WSGS84,300,CA,0
SN1-7-4-2020-0,2020-07-04,SN1,49.3017,-123.255,WSGS84,300,CA,0
SN1-7-5-2018-0,2018-07-05,SN1,49.3017,-123.255,WSGS84,300,CA,0
SN1-7-6-2017-0,2017-07-06,SN1,49.3017,-123.2547,WSGS84,300,CA,0
SN1-7-7-2019-0,2019-07-07,SN1,49.3017,-123.255,WSGS84,300,CA,0
SN1-7-8-2021-0,2021-07-08,SN1,49.3021,-123.2576,WSGS84,300,CA,0
SN1-8-10-2017-0,2017-08-10,SN1,49.3016,-123.2549,WSGS84,300,CA,0
SN1-8-14-2017-0,2017-08-14,SN1,49.3015,-123.2555,WSGS84,300,CA,0
SN1-8-14-2018-0,2018-08-14,SN1,49.3017,-123.255,WSGS84,300,CA,0
SN1-8-16-2021-0,2021-08-16,SN1,49.3017,-123.255,WSGS84,300,CA,0
SN1-8-16-2022-0,2022-08-16,SN1,49.3017,-123.255,WSGS84,300,CA,0
SN1-8-2-2017-0,2017-08-02,SN1,49.3012,-123.2558,WSGS84,300,CA,0
SN1-8-23-2016-0,2016-08-23,SN1,49.3017,-123.2547,WSGS84,300,CA,0
SN1-8-23-2018-0,2018-08-23,SN1,49.3017,-123.255,WSGS84,300,CA,0
SN1-8-24-2020-0,2020-08-24,SN1,49.3017,-123.255,WSGS84,300,CA,0
SN1-8-26-2023-0,2023-08-26,SN1,49.3017,-123.255,WSGS84,300,CA,0
SN1-8-28-2021-0,2021-08-28,SN1,49.3032,-123.2538,WSGS84,300,CA,0
SN1-8-3-2016-0,2016-08-03,SN1,49.3017,-123.2551,WSGS84,300,CA,0
SN1-8-5-2019-0,2019-08-05,SN1,49.3017,-123.255,WSGS84,300,CA,0
SN1-8-5-2020-0,2020-08-05,SN1,49.3017,-123.255,WSGS84,300,CA,0
SN1-8-9-2016-0,2016-08-09,SN1,49.3016,-123.2552,WSGS84,300,CA,0
SN1-8-9-2022-0,2022-08-09,SN1,49.3017,-123.255,WSGS84,300,CA,0
SN1-9-11-2022-0,2022-09-11,SN1,49.3017,-123.255,WSGS84,300,CA,0
SN1-9-14-2015-0,2015-09-14,SN1,49.3021,-123.2542,WSGS84,300,CA,0
SN1-9-15-2022-0,2022-09-15,SN1,49.3017,-123.255,WSGS84,300,CA,0
SN1-9-16-2021-0,2021-09-16,SN1,49.3018,-123.2573,WSGS84,300,CA,0
SN1-9-18-2020-0,2020-09-18,SN1,49.3017,-123.255,WSGS84,300,CA,0
SN1-9-23-2016-0,2016-09-23,SN1,49.3018,-123.2558,WSGS84,300,CA,0
SN1-9-23-2021-0,2021-09-23,SN1,49.3025,-123.2545,WSGS84,300,CA,0
SN1-9-26-2017-0,2017-09-26,SN1,49.3015,-123.2546,WSGS84,300,CA,0
SN1-9-26-2020-0,2020-09-26,SN1,49.3017,-123.255,WSGS84,300,CA,0
SN1-9-27-2018-0,2018-09-27,SN1,49.3017,-123.255,WSGS84,300,CA,0
SN1-9-6-2017-0,2017-09-06,SN1,49.3014,-123.2557,WSGS84,300,CA,0
SN1-9-9-2016-0,2016-09-09,SN1,49.3019,-123.2551,WSGS84,300,CA,0
SN2-1-14-2021-0,2021-01-14,SN2,49.2667,-123.2933,WSGS84,300,CA,0
SN2-1-16-2022-0,2022-01-16,SN2,49.2667,-123.2933,WSGS84,300,CA,0
SN2-1-24-2019-0,2019-01-24,SN2,49.2667,-123.2933,WSGS84,300,CA,0
SN2-10-15-2023-0,2023-10-15,SN2,49.2667,-123.2933,WSGS84,300,CA,0
SN2-10-19-2017-0,2017-10-19,SN2,49.2669,-123.2934,WSGS84,300,CA,0
SN2-10-19-2021-0,2021-10-19,SN2,49.2662,-123.2941,WSGS84,300,CA,0
SN2-10-2-2020-0,2020-10-02,SN2,49.2667,-123.2933,WSGS84,300,CA,0
SN2-10-5-2015-0,2015-10-05,SN2,49.3017,-123.255,WSGS84,300,CA,0
SN2-10-7-2022-0,2022-10-07,SN2,49.2667,-123.2933,WSGS84,300,CA,0
SN2-11-28-2018-0,2018-11-28,SN2,49.2667,-123.2933,WSGS84,300,CA,0
SN2-12-8-2020-0,2020-12-08,SN2,49.2667,-123.2933,WSGS84,300,CA,0
SN2-12-9-2021-0,2021-12-09,SN2,49.2667,-123.2933,WSGS84,300,CA,0
SN2-2-21-2022-0,2022-02-21,SN2,49.2667,-123.2933,WSGS84,300,CA,0
SN2-2-24-2021-0,2021-02-24,SN2,49.2657,-123.2946,WSGS84,300,CA,0
SN2-2-26-2020-0,2020-02-26,SN2,49.2667,-123.2933,WSGS84,300,CA,0
SN2-3-10-2021-0,2021-03-10,SN2,49.2667,-123.2933,WSGS84,300,CA,0
SN2-3-10-2022-0,2022-03-10,SN2,49.2667,-123.2933,WSGS84,300,CA,0
SN2-3-12-2023-0,2023-03-12,SN2,49.2667,-123.2933,WSGS84,300,CA,0
SN2-3-15-2018-0,2018-03-15,SN2,49.2667,-123.2933,WSGS84,300,CA,0
SN2-3-16-2019-0,2019-03-16,SN2,49.2667,-123.2933,WSGS84,300,CA,0
SN2-3-16-2020-0,2020-03-16,SN2,49.2667,-123.2933,WSGS84,300,CA,0
SN2-3-16-2022-0,2022-03-16,SN2,49.2667,-123.2933,WSGS84,300,CA,0
SN2-3-17-2016-0,2016-03-17,SN2,49.2664,-123.2939,WSGS84,300,CA,0
SN2-3-21-2017-0,2017-03-21,SN2,49.2667,-123.2934,WSGS84,300,CA,0
SN2-3-23-2021-0,2021-03-23,SN2,49.267,-123.2932,WSGS84,300,CA,0
SN2-3-24-2020-0,2020-03-24,SN2,49.2667,-123.2933,WSGS84,300,CA,0
SN2-3-24-2022-0,2022-03-24,SN2,49.2667,-123.2933,WSGS84,300,CA,0
SN2-3-27-2018-0,2018-03-27,SN2,49.2667,-123.2933,WSGS84,300,CA,0
SN2-3-27-2021-0,2021-03-27,SN2,49.2666,-123.2944,WSGS84,300,CA,0
SN2-3-30-2016-0,2016-03-30,SN2,49.2666,-123.2936,WSGS84,300,CA,0
SN2-3-30-2019-0,2019-03-30,SN2,49.2667,-123.2933,WSGS84,300,CA,0
SN2-3-30-2022-0,2022-03-30,SN2,49.2667,-123.2933,WSGS84,300,CA,0
SN2-3-30-2023-0,2023-03-30,SN2,49.2667,-123.2933,WSGS84,300,CA,0
SN2-3-7-2023-0,2023-03-07,SN2,49.2667,-123.2933,WSGS84,300,CA,0
SN2-3-9-2017-0,2017-03-09,SN2,49.2666,-123.2934,WSGS84,300,CA,0
SN2-3-9-2019-0,2019-03-09,SN2,49.2667,-123.2933,WSGS84,300,CA,0
SN2-3-9-2020-0,2020-03-09,SN2,49.2667,-123.2933,WSGS84,300,CA,0
SN2-4-10-2019-0,2019-04-10,SN2,49.2667,-123.2933,WSGS84,300,CA,0
SN2-4-12-2017-0,2017-04-12,SN2,49.2668,-123.2943,WSGS84,300,CA,0
SN2-4-13-2016-0,2016-04-13,SN2,49.2668,-123.2932,WSGS84,300,CA,0
SN2-4-14-2022-0,2022-04-14,SN2,49.2667,-123.2933,WSGS84,300,CA,0
SN2-4-14-2023-0,2023-04-14,SN2,49.2667,-123.2933,WSGS84,300,CA,0
SN2-4-15-2021-0,2021-04-15,SN2,49.2673,-123.2946,WSGS84,300,CA,0
SN2-4-17-2019-0,2019-04-17,SN2,49.2667,-123.2933,WSGS84,300,CA,0
SN2-4-18-2016-0,2016-04-18,SN2,49.2665,-123.2935,WSGS84,300,CA,0
SN2-4-19-2018-0,2018-04-19,SN2,49.2667,-123.2933,WSGS84,300,CA,0
SN2-4-19-2021-0,2021-04-19,SN2,49.2664,-123.2941,WSGS84,300,CA,0
SN2-4-2-2020-0,2020-04-02,SN2,49.2667,-123.2933,WSGS84,300,CA,0
SN2-4-21-2023-0,2023-04-21,SN2,49.2667,-123.2933,WSGS84,300,CA,0
SN2-4-22-2020-0,2020-04-22,SN2,49.2667,-123.2933,WSGS84,300,CA,0
SN2-4-22-2022-0,2022-04-22,SN2,49.2667,-123.2933,WSGS84,300,CA,0
SN2-4-24-2017-0,2017-04-24,SN2,49.2667,-123.2938,WSGS84,300,CA,0
SN2-4-26-2018-0,2018-04-26,SN2,49.2667,-123.2933,WSGS84,300,CA,0
SN2-4-26-2023-0,2023-04-26,SN2,49.2667,-123.2933,WSGS84,300,CA,0
SN2-4-27-2016-0,2016-04-27,SN2,49.2666,-123.2935,WSGS84,300,CA,0
SN2-4-30-2020-0,2020-04-30,SN2,49.2667,-123.2933,WSGS84,300,CA,0
SN2-4-5-2018-0,2018-04-05,SN2,49.2667,-123.2933,WSGS84,300,CA,0
SN2-4-6-2021-0,2021-04-06,SN2,49.2668,-123.2942,WSGS84,300,CA,0
SN2-4-7-2017-0,2017-04-07,SN2,49.2668,-123.2942,WSGS84,300,CA,0
SN2-4-7-2022-0,2022-04-07,SN2,49.2667,-123.2933,WSGS84,300,CA,0
SN2-5-10-2016-0,2016-05-10,SN2,49.2667,-123.2933,WSGS84,300,CA,0
SN2-5-10-2018-0,2018-05-10,SN2,49.2667,-123.2933,WSGS84,300,CA,0
SN2-5-12-2017-0,2017-05-12,SN2,49.2668,-123.294,WSGS84,300,CA,0
SN2-5-12-2021-0,2021-05-12,SN2,49.2669,-123.2952,WSGS84,300,CA,0
SN2-5-14-2020-0,2020-05-14,SN2,49.2667,-123.2933,WSGS84,300,CA,0
SN2-5-16-2018-0,2018-05-16,SN2,49.2667,-123.2933,WSGS84,300,CA,0
SN2-5-17-2016-0,2016-05-17,SN2,49.2671,-123.2943,WSGS84,300,CA,0
SN2-5-20-2021-0,2021-05-20,SN2,49.2674,-123.2943,WSGS84,300,CA,0
SN2-5-21-2022-0,2022-05-21,SN2,49.2667,-123.2933,WSGS84,300,CA,0
SN2-5-22-2019-0,2019-05-22,SN2,49.2667,-123.2933,WSGS84,300,CA,0
SN2-5-24-2016-0,2016-05-24,SN2,49.2665,-123.2936,WSGS84,300,CA,0
SN2-5-24-2017-0,2017-05-24,SN2,49.2676,-123.2938,WSGS84,300,CA,0
SN2-5-25-2015-0,2015-05-25,SN2,49.2276,-123.3456,WSGS84,300,CA,0
SN2-5-28-2018-0,2018-05-28,SN2,49.2667,-123.2933,WSGS84,300,CA,0
SN2-5-28-2023-0,2023-05-28,SN2,49.2667,-123.2933,WSGS84,300,CA,0
SN2-5-3-2023-0,2023-05-03,SN2,49.2667,-123.2933,WSGS84,300,CA,0
SN2-5-7-2020-0,2020-05-07,SN2,49.2667,-123.2933,WSGS84,300,CA,0
SN2-5-9-2019-0,2019-05-09,SN2,49.2667,-123.2933,WSGS84,300,CA,0
SN2-6-13-2017-0,2017-06-13,SN2,49.2665,-123.2939,WSGS84,300,CA,0
SN2-6-15-2021-0,2021-06-15,SN2,49.2666,-123.2945,WSGS84,300,CA,0
SN2-6-15-2022-0,2022-06-15,SN2,49.2667,-123.2933,WSGS84,300,CA,0
SN2-6-16-2016-0,2016-06-16,SN2,49.2667,-123.2942,WSGS84,300,CA,0
SN2-6-20-2019-0,2019-06-20,SN2,49.2667,-123.2933,WSGS84,300,CA,0
SN2-6-20-2022-0,2022-06-20,SN2,49.2667,-123.2933,WSGS84,300,CA,0
SN2-6-22-2017-0,2017-06-22,SN2,49.2672,-123.2946,WSGS84,300,CA,0
SN2-6-24-2015-0,2015-06-24,SN2,49.3017,-123.255,WSGS84,300,CA,0
SN2-6-26-2020-0,2020-06-26,SN2,49.2667,-123.2933,WSGS84,300,CA,0
SN2-6-27-2023-0,2023-06-27,SN2,49.2667,-123.2933,WSGS84,300,CA,0
SN2-6-28-2016-0,2016-06-28,SN2,49.2678,-123.2932,WSGS84,300,CA,0
SN2-6-4-2019-0,2019-06-04,SN2,49.2667,-123.2933,WSGS84,300,CA,0
SN2-6-5-2018-0,2018-06-05,SN2,49.2667,-123.2933,WSGS84,300,CA,0
SN2-6-6-2017-0,2017-06-06,SN2,49.2667,-123.2933,WSGS84,300,CA,0
SN2-6-6-2020-0,2020-06-06,SN2,49.2667,-123.2933,WSGS84,300,CA,0
SN2-6-8-2021-0,2021-06-08,SN2,49.268,-123.2941,WSGS84,300,CA,0
SN2-7-11-2022-0,2022-07-11,SN2,49.2667,-123.2933,WSGS84,300,CA,0
SN2-7-15-2015-0,2015-07-15,SN2,49.3017,-123.255,WSGS84,300,CA,0
SN2-7-16-2023-0,2023-07-16,SN2,49.2667,-123.2933,WSGS84,300,CA,0
SN2-7-17-2017-0,2017-07-17,SN2,49.2667,-123.2933,WSGS84,300,CA,0
SN2-7-18-2021-0,2021-07-18,SN2,49.2671,-123.2931,WSGS84,300,CA,0
SN2-7-18-2022-0,2022-07-18,SN2,49.2667,-123.2933,WSGS84,300,CA,0
SN2-7-21-2019-0,2019-07-21,SN2,49.2667,-123.2933,WSGS84,300,CA,0
SN2-7-22-2016-0,2016-07-22,SN2,49.2667,-123.2936,WSGS84,300,CA,0
SN2-7-23-2023-0,2023-07-23,SN2,49.2667,-123.2933,WSGS84,300,CA,0
SN2-7-25-2018-0,2018-07-25,SN2,49.2667,-123.2933,WSGS84,300,CA,0
SN2-7-27-2016-0,2016-07-27,SN2,49.2668,-123.2932,WSGS84,300,CA,0
SN2-7-29-2020-0,2020-07-29,SN2,49.2667,-123.2933,WSGS84,300,CA,0
SN2-7-4-2020-0,2020-07-04,SN2,49.2667,-123.2933,WSGS84,300,CA,0
SN2-7-5-2018-0,2018-07-05,SN2,49.2667,-123.2933,WSGS84,300,CA,0
SN2-7-6-2016-0,2016-07-06,SN2,49.2672,-123.2941,WSGS84,300,CA,0
SN2-7-6-2017-0,2017-07-06,SN2,49.2672,-123.2941,WSGS84,300,CA,0
SN2-7-7-2019-0,2019-07-07,SN2,49.2667,-123.2933,WSGS84,300,CA,0
SN2-7-8-2021-0,2021-07-08,SN2,49.2676,-123.2944,WSGS84,300,CA,0
SN2-8-10-2017-0,2017-08-10,SN2,49.2669,-123.2937,WSGS84,300,CA,0
SN2-8-14-2017-0,2017-08-14,SN2,49.2666,-123.2936,WSGS84,300,CA,0
SN2-8-14-2018-0,2018-08-14,SN2,49.2667,-123.2933,WSGS84,300,CA,0
SN2-8-16-2021-0,2021-08-16,SN2,49.2667,-123.2933,WSGS84,300,CA,0
SN2-8-16-2022-0,2022-08-16,SN2,49.2667,-123.2933,WSGS84,300,CA,0
SN2-8-2-2017-0,2017-08-02,SN2,49.2666,-123.2938,WSGS84,300,CA,0
SN2-8-23-2018-0,2018-08-23,SN2,49.2667,-123.2933,WSGS84,300,CA,0
SN2-8-24-2020-0,2020-08-24,SN2,49.2667,-123.2933,WSGS84,300,CA,0
SN2-8-26-2023-0,2023-08-26,SN2,49.2667,-123.2933,WSGS84,300,CA,0
SN2-8-28-2021-0,2021-08-28,SN2,49.2672,-123.2926,WSGS84,300,CA,0
SN2-8-3-2016-0,2016-08-03,SN2,49.2675,-123.2936,WSGS84,300,CA,0
SN2-8-5-2019-0,2019-08-05,SN2,49.2667,-123.2933,WSGS84,300,CA,0
SN2-8-5-2020-0,2020-08-05,SN2,49.2667,-123.2933,WSGS84,300,CA,0
SN2-8-6-2015-0,2015-08-06,SN2,49.3017,-123.255,WSGS84,300,CA,0
SN2-8-9-2016-0,2016-08-09,SN2,49.2674,-123.2934,WSGS84,300,CA,0
SN2-8-9-2022-0,2022-08-09,SN2,49.2667,-123.2933,WSGS84,300,CA,0
SN2-9-11-2022-0,2022-09-11,SN2,49.2667,-123.2933,WSGS84,300,CA,0
SN2-9-14-2015-0,2015-09-14,SN2,49.3017,-123.255,WSGS84,300,CA,0
SN2-9-15-2022-0,2022-09-15,SN2,49.2667,-123.2933,WSGS84,300,CA,0
SN2-9-16-2021-0,2021-09-16,SN2,49.2664,-123.2943,WSGS84,300,CA,0
SN2-9-18-2020-0,2020-09-18,SN2,49.2667,-123.2933,WSGS84,300,CA,0
SN2-9-23-2016-0,2016-09-23,SN2,49.2668,-123.2939,WSGS84,300,CA,0
SN2-9-23-2021-0,2021-09-23,SN2,49.2672,-123.2943,WSGS84,300,CA,0
SN2-9-26-2017-0,2017-09-26,SN2,49.2657,-123.2938,WSGS84,300,CA,0
SN2-9-26-2020-0,2020-09-26,SN2,49.2667,-123.2933,WSGS84,300,CA,0
SN2-9-27-2018-0,2018-09-27,SN2,49.2667,-123.2933,WSGS84,300,CA,0
SN2-9-6-2017-0,2017-09-06,SN2,49.2663,-123.2935,WSGS84,300,CA,0
SN2-9-7-2018-0,2018-09-07,SN2,49.2667,-123.2933,WSGS84,300,CA,0
SN2-9-9-2016-0,2016-09-09,SN2,49.2667,-123.2934,WSGS84,300,CA,0
SN3-1-14-2021-0,2021-01-14,SN3,49.1817,-123.3117,WSGS84,300,CA,0
SN3-1-24-2019-0,2019-01-24,SN3,49.1817,-123.3117,WSGS84,300,CA,0
SN3-10-19-2021-0,2021-10-19,SN3,49.1821,-123.3117,WSGS84,300,CA,0
SN3-10-2-2020-0,2020-10-02,SN3,49.1817,-123.3117,WSGS84,300,CA,0
SN3-10-5-2015-0,2015-10-05,SN3,49.2,-123.44,WSGS84,300,CA,0
SN3-10-7-2022-0,2022-10-07,SN3,49.1817,-123.3117,WSGS84,300,CA,0
SN3-11-28-2018-0,2018-11-28,SN3,49.1817,-123.3117,WSGS84,300,CA,0
SN3-12-8-2020-0,2020-12-08,SN3,49.1817,-123.3117,WSGS84,300,CA,0
SN3-12-9-2021-0,2021-12-09,SN3,49.1817,-123.3117,WSGS84,300,CA,0
SN3-2-21-2022-0,2022-02-21,SN3,49.1817,-123.3117,WSGS84,300,CA,0
SN3-2-24-2021-0,2021-02-24,SN3,49.1821,-123.3119,WSGS84,300,CA,0
SN3-2-26-2020-0,2020-02-26,SN3,49.1817,-123.3117,WSGS84,300,CA,0
SN3-3-10-2021-0,2021-03-10,SN3,49.1817,-123.3117,WSGS84,300,CA,0
SN3-3-10-2022-0,2022-03-10,SN3,49.1817,-123.3117,WSGS84,300,CA,0
SN3-3-12-2023-0,2023-03-12,SN3,49.1817,-123.3117,WSGS84,300,CA,0
SN3-3-15-2018-0,2018-03-15,SN3,49.1817,-123.3117,WSGS84,300,CA,0
SN3-3-16-2019-0,2019-03-16,SN3,49.1817,-123.3117,WSGS84,300,CA,0
SN3-3-16-2020-0,2020-03-16,SN3,49.1817,-123.3117,WSGS84,300,CA,0
SN3-3-16-2022-0,2022-03-16,SN3,49.1817,-123.3117,WSGS84,300,CA,0
SN3-3-17-2016-0,2016-03-17,SN3,49.1818,-123.3113,WSGS84,300,CA,0
SN3-3-21-2017-0,2017-03-21,SN3,49.1816,-123.3117,WSGS84,300,CA,0
SN3-3-23-2021-0,2021-03-23,SN3,49.1813,-123.3108,WSGS84,300,CA,0
SN3-3-24-2020-0,2020-03-24,SN3,49.1817,-123.3117,WSGS84,300,CA,0
SN3-3-24-2022-0,2022-03-24,SN3,49.1817,-123.3117,WSGS84,300,CA,0
SN3-3-27-2018-0,2018-03-27,SN3,49.1817,-123.3117,WSGS84,300,CA,0
SN3-3-27-2021-0,2021-03-27,SN3,49.1819,-123.3118,WSGS84,300,CA,0
SN3-3-30-2016-0,2016-03-30,SN3,49.1817,-123.3116,WSGS84,300,CA,0
SN3-3-30-2019-0,2019-03-30,SN3,49.1817,-123.3117,WSGS84,300,CA,0
SN3-3-30-2023-0,2023-03-30,SN3,49.1817,-123.3117,WSGS84,300,CA,0
SN3-3-7-2023-0,2023-03-07,SN3,49.1817,-123.3117,WSGS84,300,CA,0
SN3-3-9-2017-0,2017-03-09,SN3,49.1813,-123.3129,WSGS84,300,CA,0
SN3-3-9-2019-0,2019-03-09,SN3,49.1817,-123.3117,WSGS84,300,CA,0
SN3-3-9-2020-0,2020-03-09,SN3,49.1817,-123.3117,WSGS84,300,CA,0
SN3-4-10-2019-0,2019-04-10,SN3,49.1817,-123.3117,WSGS84,300,CA,0
SN3-4-14-2022-0,2022-04-14,SN3,49.1817,-123.3117,WSGS84,300,CA,0
SN3-4-14-2023-0,2023-04-14,SN3,49.1817,-123.3117,WSGS84,300,CA,0
SN3-4-15-2021-0,2021-04-15,SN3,49.1807,-123.312,WSGS84,300,CA,0
SN3-4-17-2019-0,2019-04-17,SN3,49.1817,-123.3117,WSGS84,300,CA,0
SN3-4-18-2016-0,2016-04-18,SN3,49.1815,-123.3129,WSGS84,300,CA,0
SN3-4-19-2018-0,2018-04-19,SN3,49.1817,-123.3117,WSGS84,300,CA,0
SN3-4-19-2021-0,2021-04-19,SN3,49.1815,-123.3116,WSGS84,300,CA,0
SN3-4-2-2020-0,2020-04-02,SN3,49.1817,-123.3117,WSGS84,300,CA,0
SN3-4-21-2023-0,2023-04-21,SN3,49.1817,-123.3117,WSGS84,300,CA,0
SN3-4-22-2020-0,2020-04-22,SN3,49.1817,-123.3117,WSGS84,300,CA,0
SN3-4-22-2022-0,2022-04-22,SN3,49.1817,-123.3117,WSGS84,300,CA,0
SN3-4-24-2017-0,2017-04-24,SN3,49.1819,-123.3125,WSGS84,300,CA,0
SN3-4-26-2018-0,2018-04-26,SN3,49.1817,-123.3117,WSGS84,300,CA,0
SN3-4-26-2023-0,2023-04-26,SN3,49.1817,-123.3117,WSGS84,300,CA,0
SN3-4-30-2020-0,2020-04-30,SN3,49.1817,-123.3117,WSGS84,300,CA,0
SN3-4-6-2021-0,2021-04-06,SN3,49.1824,-123.3127,WSGS84,300,CA,0
SN3-4-7-2022-0,2022-04-07,SN3,49.1817,-123.3117,WSGS84,300,CA,0
SN3-5-10-2016-0,2016-05-10,SN3,49.1817,-123.3117,WSGS84,300,CA,0
SN3-5-10-2018-0,2018-05-10,SN3,49.1817,-123.3117,WSGS84,300,CA,0
SN3-5-12-2017-0,2017-05-12,SN3,49.1813,-123.3119,WSGS84,300,CA,0
SN3-5-12-2021-0,2021-05-12,SN3,49.1818,-123.3133,WSGS84,300,CA,0
SN3-5-14-2020-0,2020-05-14,SN3,49.1817,-123.3117,WSGS84,300,CA,0
SN3-5-16-2018-0,2018-05-16,SN3,49.1817,-123.3117,WSGS84,300,CA,0
SN3-5-17-2016-0,2016-05-17,SN3,49.1819,-123.312,WSGS84,300,CA,0
SN3-5-20-2021-0,2021-05-20,SN3,49.1816,-123.3115,WSGS84,300,CA,0
SN3-5-21-2022-0,2022-05-21,SN3,49.1817,-123.3117,WSGS84,300,CA,0
SN3-5-22-2019-20,2019-05-22,SN3,49.1817,-123.3117,WSGS84,300,CA,20
SN3-5-24-2016-0,2016-05-24,SN3,49.1815,-123.3118,WSGS84,300,CA,0
SN3-5-25-2015-0,2015-05-25,SN3,49.2,-123.44,WSGS84,300,CA,0
SN3-5-28-2018-0,2018-05-28,SN3,49.1817,-123.3117,WSGS84,300,CA,0
SN3-5-28-2023-0,2023-05-28,SN3,49.1817,-123.3117,WSGS84,300,CA,0
SN3-5-3-2023-0,2023-05-03,SN3,49.1817,-123.3117,WSGS84,300,CA,0
SN3-5-7-2020-0,2020-05-07,SN3,49.1817,-123.3117,WSGS84,300,CA,0
SN3-5-9-2019-0,2019-05-09,SN3,49.1817,-123.3117,WSGS84,300,CA,0
SN3-6-13-2017-0,2017-06-13,SN3,49.1818,-123.3119,WSGS84,300,CA,0
SN3-6-15-2021-0,2021-06-15,SN3,49.1814,-123.3129,WSGS84,300,CA,0
SN3-6-15-2022-0,2022-06-15,SN3,49.1817,-123.3117,WSGS84,300,CA,0
SN3-6-20-2019-0,2019-06-20,SN3,49.1817,-123.3117,WSGS84,300,CA,0
SN3-6-20-2022-0,2022-06-20,SN3,49.1817,-123.3117,WSGS84,300,CA,0
SN3-6-24-2015-0,2015-06-24,SN3,49.2,-123.44,WSGS84,300,CA,0
SN3-6-26-2020-0,2020-06-26,SN3,49.1817,-123.3117,WSGS84,300,CA,0
SN3-6-27-2023-0,2023-06-27,SN3,49.1817,-123.3117,WSGS84,300,CA,0
SN3-6-28-2016-0,2016-06-28,SN3,49.1823,-123.3119,WSGS84,300,CA,0
SN3-6-4-2019-0,2019-06-04,SN3,49.1817,-123.3117,WSGS84,300,CA,0
SN3-6-5-2018-0,2018-06-05,SN3,49.1817,-123.3117,WSGS84,300,CA,0
SN3-6-6-2017-0,2017-06-06,SN3,49.182,-123.3118,WSGS84,300,CA,0
SN3-6-6-2020-0,2020-06-06,SN3,49.1817,-123.3117,WSGS84,300,CA,0
SN3-6-8-2021-0,2021-06-08,SN3,49.1823,-123.3116,WSGS84,300,CA,0
SN3-7-11-2022-0,2022-07-11,SN3,49.1817,-123.3117,WSGS84,300,CA,0
SN3-7-15-2015-0,2015-07-15,SN3,49.2,-123.44,WSGS84,300,CA,0
SN3-7-16-2023-0,2023-07-16,SN3,49.1817,-123.3117,WSGS84,300,CA,0
SN3-7-18-2021-0,2021-07-18,SN3,49.1828,-123.3125,WSGS84,300,CA,0
SN3-7-18-2022-0,2022-07-18,SN3,49.1817,-123.3117,WSGS84,300,CA,0
SN3-7-21-2019-0,2019-07-21,SN3,49.1817,-123.3117,WSGS84,300,CA,0
SN3-7-22-2016-0,2016-07-22,SN3,49.1817,-123.313,WSGS84,300,CA,0
SN3-7-23-2023-0,2023-07-23,SN3,49.1817,-123.3117,WSGS84,300,CA,0
SN3-7-25-2018-0,2018-07-25,SN3,49.1817,-123.3117,WSGS84,300,CA,0
SN3-7-29-2020-0,2020-07-29,SN3,49.1817,-123.3117,WSGS84,300,CA,0
SN3-7-4-2020-0,2020-07-04,SN3,49.1817,-123.3117,WSGS84,300,CA,0
SN3-7-5-2018-0,2018-07-05,SN3,49.1817,-123.3117,WSGS84,300,CA,0
SN3-7-6-2017-0,2017-07-06,SN3,49.1813,-123.3111,WSGS84,300,CA,0
SN3-7-7-2019-0,2019-07-07,SN3,49.1817,-123.3117,WSGS84,300,CA,0
SN3-7-8-2021-0,2021-07-08,SN3,49.1829,-123.3148,WSGS84,300,CA,0
SN3-8-10-2017-0,2017-08-10,SN3,49.1819,-123.3116,WSGS84,300,CA,0
SN3-8-14-2017-0,2017-08-14,SN3,49.1816,-123.3117,WSGS84,300,CA,0
SN3-8-16-2021-0,2021-08-16,SN3,49.1817,-123.3117,WSGS84,300,CA,0
SN3-8-16-2022-0,2022-08-16,SN3,49.1817,-123.3117,WSGS84,300,CA,0
SN3-8-23-2016-0,2016-08-23,SN3,49.1813,-123.3113,WSGS84,300,CA,0
SN3-8-24-2020-0,2020-08-24,SN3,49.1817,-123.3117,WSGS84,300,CA,0
SN3-8-26-2023-0,2023-08-26,SN3,49.1817,-123.3117,WSGS84,300,CA,0
SN3-8-28-2021-0,2021-08-28,SN3,49.1812,-123.3112,WSGS84,300,CA,0
SN3-8-3-2016-0,2016-08-03,SN3,49.1825,-123.3122,WSGS84,300,CA,0
SN3-8-5-2019-0,2019-08-05,SN3,49.1817,-123.3117,WSGS84,300,CA,0
SN3-8-5-2020-0,2020-08-05,SN3,49.1817,-123.3117,WSGS84,300,CA,0
SN3-8-6-2015-0,2015-08-06,SN3,49.2,-123.44,WSGS84,300,CA,0
SN3-8-9-2016-0,2016-08-09,SN3,49.1813,-123.3118,WSGS84,300,CA,0
SN3-8-9-2022-0,2022-08-09,SN3,49.1817,-123.3117,WSGS84,300,CA,0
SN3-9-11-2022-0,2022-09-11,SN3,49.1817,-123.3117,WSGS84,300,CA,0
SN3-9-14-2015-0,2015-09-14,SN3,49.2,-123.44,WSGS84,300,CA,0
SN3-9-15-2022-0,2022-09-15,SN3,49.1817,-123.3117,WSGS84,300,CA,0
SN3-9-16-2021-0,2021-09-16,SN3,49.1817,-123.3129,WSGS84,300,CA,0
SN3-9-18-2020-0,2020-09-18,SN3,49.1817,-123.3117,WSGS84,300,CA,0
SN3-9-23-2021-0,2021-09-23,SN3,49.1817,-123.3113,WSGS84,300,CA,0
SN3-9-26-2017-0,2017-09-26,SN3,49.1816,-123.3112,WSGS84,300,CA,0
SN3-9-26-2020-0,2020-09-26,SN3,49.1817,-123.3117,WSGS84,300,CA,0
SN3-9-6-2017-0,2017-09-06,SN3,49.1816,-123.312,WSGS84,300,CA,0
SN3-9-7-2018-0,2018-09-07,SN3,49.1817,-123.3117,WSGS84,300,CA,0
SN3-9-9-2016-0,2016-09-09,SN3,49.1818,-123.3117,WSGS84,300,CA,0
SN4-1-14-2021-0,2021-01-14,SN4,49.2067,-123.3483,WSGS84,300,CA,0
SN4-1-24-2019-0,2019-01-24,SN4,49.2067,-123.3483,WSGS84,300,CA,0
SN4-10-19-2021-0,2021-10-19,SN4,49.2069,-123.3486,WSGS84,300,CA,0
SN4-10-2-2020-0,2020-10-02,SN4,49.2067,-123.3483,WSGS84,300,CA,0
SN4-10-7-2022-0,2022-10-07,SN4,49.2067,-123.3483,WSGS84,300,CA,0
SN4-11-28-2018-0,2018-11-28,SN4,49.2067,-123.3483,WSGS84,300,CA,0
SN4-12-8-2020-0,2020-12-08,SN4,49.2067,-123.3483,WSGS84,300,CA,0
SN4-12-9-2021-0,2021-12-09,SN4,49.2067,-123.3483,WSGS84,300,CA,0
SN4-2-21-2022-0,2022-02-21,SN4,49.2067,-123.3483,WSGS84,300,CA,0
SN4-2-24-2021-0,2021-02-24,SN4,49.2072,-123.349,WSGS84,300,CA,0
SN4-2-26-2020-0,2020-02-26,SN4,49.2067,-123.3483,WSGS84,300,CA,0
SN4-3-10-2021-0,2021-03-10,SN4,49.2067,-123.3483,WSGS84,300,CA,0
SN4-3-10-2022-0,2022-03-10,SN4,49.2067,-123.3483,WSGS84,300,CA,0
SN4-3-12-2023-0,2023-03-12,SN4,49.2067,-123.3483,WSGS84,300,CA,0
SN4-3-15-2018-0,2018-03-15,SN4,49.2067,-123.3483,WSGS84,300,CA,0
SN4-3-16-2019-0,2019-03-16,SN4,49.2067,-123.3483,WSGS84,300,CA,0
SN4-3-16-2020-0,2020-03-16,SN4,49.2067,-123.3483,WSGS84,300,CA,0
SN4-3-16-2022-0,2022-03-16,SN4,49.2067,-123.3483,WSGS84,300,CA,0
SN4-3-17-2016-0,2016-03-17,SN4,49.2064,-123.3484,WSGS84,300,CA,0
SN4-3-21-2017-0,2017-03-21,SN4,49.2066,-123.3486,WSGS84,300,CA,0
SN4-3-23-2021-0,2021-03-23,SN4,49.207,-123.3486,WSGS84,300,CA,0
SN4-3-24-2020-0,2020-03-24,SN4,49.2067,-123.3483,WSGS84,300,CA,0
SN4-3-24-2022-0,2022-03-24,SN4,49.2067,-123.3483,WSGS84,300,CA,0
SN4-3-27-2018-0,2018-03-27,SN4,49.2067,-123.3483,WSGS84,300,CA,0
SN4-3-27-2021-0,2021-03-27,SN4,49.2074,-123.3492,WSGS84,300,CA,0
SN4-3-30-2016-0,2016-03-30,SN4,49.2064,-123.3479,WSGS84,300,CA,0
SN4-3-30-2019-0,2019-03-30,SN4,49.2067,-123.3483,WSGS84,300,CA,0
SN4-3-30-2023-0,2023-03-30,SN4,49.2067,-123.3483,WSGS84,300,CA,0
SN4-3-7-2023-0,2023-03-07,SN4,49.2067,-123.3483,WSGS84,300,CA,0
SN4-3-9-2017-0,2017-03-09,SN4,49.2063,-123.3485,WSGS84,300,CA,0
SN4-3-9-2019-0,2019-03-09,SN4,49.2067,-123.3483,WSGS84,300,CA,0
SN4-3-9-2020-0,2020-03-09,SN4,49.2067,-123.3483,WSGS84,300,CA,0
SN4-4-10-2019-0,2019-04-10,SN4,49.2067,-123.3483,WSGS84,300,CA,0
SN4-4-13-2016-0,2016-04-13,SN4,49.2069,-123.3489,WSGS84,300,CA,0
SN4-4-14-2022-0,2022-04-14,SN4,49.2067,-123.3483,WSGS84,300,CA,0
SN4-4-14-2023-0,2023-04-14,SN4,49.2067,-123.3483,WSGS84,300,CA,0
SN4-4-15-2021-0,2021-04-15,SN4,49.2065,-123.3487,WSGS84,300,CA,0
SN4-4-17-2019-0,2019-04-17,SN4,49.2067,-123.3483,WSGS84,300,CA,0
SN4-4-18-2016-0,2016-04-18,SN4,49.2059,-123.3488,WSGS84,300,CA,0
SN4-4-19-2018-0,2018-04-19,SN4,49.2067,-123.3483,WSGS84,300,CA,0
SN4-4-19-2021-0,2021-04-19,SN4,49.2066,-123.3482,WSGS84,300,CA,0
SN4-4-2-2020-0,2020-04-02,SN4,49.2067,-123.3483,WSGS84,300,CA,0
SN4-4-21-2023-0,2023-04-21,SN4,49.2067,-123.3483,WSGS84,300,CA,0
SN4-4-22-2020-0,2020-04-22,SN4,49.2067,-123.3483,WSGS84,300,CA,0
SN4-4-22-2022-0,2022-04-22,SN4,49.2067,-123.3483,WSGS84,300,CA,0
SN4-4-24-2017-0,2017-04-24,SN4,49.207,-123.349,WSGS84,300,CA,0
SN4-4-26-2018-0,2018-04-26,SN4,49.2067,-123.3483,WSGS84,300,CA,0
SN4-4-26-2023-0,2023-04-26,SN4,49.2067,-123.3483,WSGS84,300,CA,0
SN4-4-30-2020-0,2020-04-30,SN4,49.2067,-123.3483,WSGS84,300,CA,0
SN4-4-5-2018-0,2018-04-05,SN4,49.2067,-123.3483,WSGS84,300,CA,0
SN4-4-6-2021-0,2021-04-06,SN4,49.2081,-123.3498,WSGS84,300,CA,0
SN4-4-7-2022-0,2022-04-07,SN4,49.2067,-123.3483,WSGS84,300,CA,0
SN4-5-10-2016-0,2016-05-10,SN4,49.2067,-123.3483,WSGS84,300,CA,0
SN4-5-10-2018-0,2018-05-10,SN4,49.2067,-123.3483,WSGS84,300,CA,0
SN4-5-12-2021-0,2021-05-12,SN4,49.2071,-123.3492,WSGS84,300,CA,0
SN4-5-14-2020-0,2020-05-14,SN4,49.2067,-123.3483,WSGS84,300,CA,0
SN4-5-16-2018-0,2018-05-16,SN4,49.2067,-123.3483,WSGS84,300,CA,0
SN4-5-17-2016-0,2016-05-17,SN4,49.2066,-123.3484,WSGS84,300,CA,0
SN4-5-20-2021-0,2021-05-20,SN4,49.2077,-123.3481,WSGS84,300,CA,0
SN4-5-21-2022-0,2022-05-21,SN4,49.2067,-123.3483,WSGS84,300,CA,0
SN4-5-24-2016-0,2016-05-24,SN4,49.207,-123.3481,WSGS84,300,CA,0
SN4-5-25-2015-0,2015-05-25,SN4,49.1633,-123.55,WSGS84,300,CA,0
SN4-5-28-2018-0,2018-05-28,SN4,49.2067,-123.3483,WSGS84,300,CA,0
SN4-5-28-2023-0,2023-05-28,SN4,49.2067,-123.3483,WSGS84,300,CA,0
SN4-5-3-2023-0,2023-05-03,SN4,49.2067,-123.3483,WSGS84,300,CA,0
SN4-5-7-2020-0,2020-05-07,SN4,49.2067,-123.3483,WSGS84,300,CA,0
SN4-5-9-2019-0,2019-05-09,SN4,49.2067,-123.3483,WSGS84,300,CA,0
SN4-6-13-2017-0,2017-06-13,SN4,49.207,-123.3492,WSGS84,300,CA,0
SN4-6-15-2021-0,2021-06-15,SN4,49.2076,-123.3502,WSGS84,300,CA,0
SN4-6-15-2022-0,2022-06-15,SN4,49.2067,-123.3483,WSGS84,300,CA,0
SN4-6-20-2019-0,2019-06-20,SN4,49.2067,-123.3483,WSGS84,300,CA,0
SN4-6-20-2022-0,2022-06-20,SN4,49.2067,-123.3483,WSGS84,300,CA,0
SN4-6-24-2015-0,2015-06-24,SN4,49.1633,-123.55,WSGS84,300,CA,0
SN4-6-26-2020-0,2020-06-26,SN4,49.2067,-123.3483,WSGS84,300,CA,0
SN4-6-27-2023-0,2023-06-27,SN4,49.2067,-123.3483,WSGS84,300,CA,0
SN4-6-28-2016-0,2016-06-28,SN4,49.2073,-123.3494,WSGS84,300,CA,0
SN4-6-4-2019-0,2019-06-04,SN4,49.2067,-123.3483,WSGS84,300,CA,0
SN4-6-6-2017-0,2017-06-06,SN4,49.2063,-123.349,WSGS84,300,CA,0
SN4-6-6-2020-0,2020-06-06,SN4,49.2067,-123.3483,WSGS84,300,CA,0
SN4-6-8-2021-0,2021-06-08,SN4,49.208,-123.3489,WSGS84,300,CA,0
SN4-7-11-2022-0,2022-07-11,SN4,49.2067,-123.3483,WSGS84,300,CA,0
SN4-7-15-2015-0,2015-07-15,SN4,49.1634,-123.5499,WSGS84,300,CA,0
SN4-7-16-2023-0,2023-07-16,SN4,49.2067,-123.3483,WSGS84,300,CA,0
SN4-7-17-2017-0,2017-07-17,SN4,49.2065,-123.3491,WSGS84,300,CA,0
SN4-7-18-2021-0,2021-07-18,SN4,49.2079,-123.3499,WSGS84,300,CA,0
SN4-7-18-2022-0,2022-07-18,SN4,49.2067,-123.3483,WSGS84,300,CA,0
SN4-7-21-2019-0,2019-07-21,SN4,49.2067,-123.3483,WSGS84,300,CA,0
SN4-7-22-2016-0,2016-07-22,SN4,49.2064,-123.3492,WSGS84,300,CA,0
SN4-7-23-2023-0,2023-07-23,SN4,49.2067,-123.3483,WSGS84,300,CA,0
SN4-7-25-2018-0,2018-07-25,SN4,49.2067,-123.3483,WSGS84,300,CA,0
SN4-7-29-2020-0,2020-07-29,SN4,49.2067,-123.3483,WSGS84,300,CA,0
SN4-7-4-2020-0,2020-07-04,SN4,49.2067,-123.3483,WSGS84,300,CA,0
SN4-7-5-2018-0,2018-07-05,SN4,49.2067,-123.3483,WSGS84,300,CA,0
SN4-7-6-2016-0,2016-07-06,SN4,49.2069,-123.3483,WSGS84,300,CA,0
SN4-7-6-2017-0,2017-07-06,SN4,49.2065,-123.3484,WSGS84,300,CA,0
SN4-7-7-2019-0,2019-07-07,SN4,49.2067,-123.3483,WSGS84,300,CA,0
SN4-7-8-2021-0,2021-07-08,SN4,49.2076,-123.3494,WSGS84,300,CA,0
SN4-8-10-2017-0,2017-08-10,SN4,49.2066,-123.3483,WSGS84,300,CA,0
SN4-8-14-2017-0,2017-08-14,SN4,49.207,-123.3486,WSGS84,300,CA,0
SN4-8-14-2018-0,2018-08-14,SN4,49.2067,-123.3483,WSGS84,300,CA,0
SN4-8-16-2021-0,2021-08-16,SN4,49.2067,-123.3483,WSGS84,300,CA,0
SN4-8-16-2022-0,2022-08-16,SN4,49.2067,-123.3483,WSGS84,300,CA,0
SN4-8-23-2016-0,2016-08-23,SN4,49.2068,-123.3478,WSGS84,300,CA,0
SN4-8-23-2018-0,2018-08-23,SN4,49.2067,-123.3483,WSGS84,300,CA,0
SN4-8-24-2020-0,2020-08-24,SN4,49.2067,-123.3483,WSGS84,300,CA,0
SN4-8-26-2023-0,2023-08-26,SN4,49.2067,-123.3483,WSGS84,300,CA,0
SN4-8-28-2021-0,2021-08-28,SN4,49.2067,-123.3493,WSGS84,300,CA,0
SN4-8-3-2016-0,2016-08-03,SN4,49.2067,-123.3486,WSGS84,300,CA,0
SN4-8-5-2019-0,2019-08-05,SN4,49.2067,-123.3483,WSGS84,300,CA,0
SN4-8-5-2020-0,2020-08-05,SN4,49.2067,-123.3483,WSGS84,300,CA,0
SN4-8-6-2015-0,2015-08-06,SN4,49.1633,-123.55,WSGS84,300,CA,0
SN4-8-9-2016-0,2016-08-09,SN4,49.2069,-123.3483,WSGS84,300,CA,0
SN4-8-9-2022-0,2022-08-09,SN4,49.2067,-123.3483,WSGS84,300,CA,0
SN4-9-11-2022-0,2022-09-11,SN4,49.2067,-123.3483,WSGS84,300,CA,0
SN4-9-15-2022-0,2022-09-15,SN4,49.2067,-123.3483,WSGS84,300,CA,0
SN4-9-16-2021-0,2021-09-16,SN4,49.2071,-123.3471,WSGS84,300,CA,0
SN4-9-18-2020-0,2020-09-18,SN4,49.2067,-123.3483,WSGS84,300,CA,0
SN4-9-23-2021-0,2021-09-23,SN4,49.2075,-123.3494,WSGS84,300,CA,0
SN4-9-26-2017-0,2017-09-26,SN4,49.2068,-123.3484,WSGS84,300,CA,0
SN4-9-26-2020-0,2020-09-26,SN4,49.2067,-123.3483,WSGS84,300,CA,0
SN4-9-6-2017-0,2017-09-06,SN4,49.2064,-123.3488,WSGS84,300,CA,0
SN4-9-7-2018-0,2018-09-07,SN4,49.2067,-123.3483,WSGS84,300,CA,0
SN4-9-9-2016-0,2016-09-09,SN4,49.2072,-123.3487,WSGS84,300,CA,0
SN5-1-14-2021-0,2021-01-14,SN5,49.2067,-123.39,WSGS84,300,CA,0
SN5-1-24-2019-0,2019-01-24,SN5,49.2067,-123.39,WSGS84,300,CA,0
SN5-10-19-2021-0,2021-10-19,SN5,49.2074,-123.3905,WSGS84,300,CA,0
SN5-10-2-2020-0,2020-10-02,SN5,49.2067,-123.39,WSGS84,300,CA,0
SN5-10-5-2015-0,2015-10-05,SN5,49.0917,-123.5,WSGS84,300,CA,0
SN5-10-7-2022-0,2022-10-07,SN5,49.2067,-123.39,WSGS84,300,CA,0
SN5-11-28-2018-0,2018-11-28,SN5,49.2067,-123.39,WSGS84,300,CA,0
SN5-12-8-2020-0,2020-12-08,SN5,49.2067,-123.39,WSGS84,300,CA,0
SN5-12-9-2021-0,2021-12-09,SN5,49.2067,-123.39,WSGS84,300,CA,0
SN5-2-21-2022-0,2022-02-21,SN5,49.2067,-123.39,WSGS84,300,CA,0
SN5-2-24-2021-0,2021-02-24,SN5,49.2072,-123.3907,WSGS84,300,CA,0
SN5-2-26-2020-0,2020-02-26,SN5,49.2067,-123.39,WSGS84,300,CA,0
SN5-3-10-2021-0,2021-03-10,SN5,49.2067,-123.39,WSGS84,300,CA,0
SN5-3-10-2022-0,2022-03-10,SN5,49.2067,-123.39,WSGS84,300,CA,0
SN5-3-12-2023-0,2023-03-12,SN5,49.2067,-123.39,WSGS84,300,CA,0
SN5-3-15-2018-0,2018-03-15,SN5,49.2067,-123.39,WSGS84,300,CA,0
SN5-3-16-2019-0,2019-03-16,SN5,49.2067,-123.39,WSGS84,300,CA,0
SN5-3-16-2020-0,2020-03-16,SN5,49.2067,-123.39,WSGS84,300,CA,0
SN5-3-16-2022-0,2022-03-16,SN5,49.2067,-123.39,WSGS84,300,CA,0
SN5-3-17-2016-0,2016-03-17,SN5,49.206,-123.3895,WSGS84,300,CA,0
SN5-3-21-2017-0,2017-03-21,SN5,49.2061,-123.3906,WSGS84,300,CA,0
SN5-3-23-2021-0,2021-03-23,SN5,49.207,-123.3913,WSGS84,300,CA,0
SN5-3-24-2020-0,2020-03-24,SN5,49.2067,-123.39,WSGS84,300,CA,0
SN5-3-24-2022-0,2022-03-24,SN5,49.2067,-123.39,WSGS84,300,CA,0
SN5-3-27-2018-0,2018-03-27,SN5,49.2067,-123.39,WSGS84,300,CA,0
SN5-3-27-2021-0,2021-03-27,SN5,49.2069,-123.3908,WSGS84,300,CA,0
SN5-3-30-2016-0,2016-03-30,SN5,49.2067,-123.3904,WSGS84,300,CA,0
SN5-3-30-2019-0,2019-03-30,SN5,49.2067,-123.39,WSGS84,300,CA,0
SN5-3-30-2023-0,2023-03-30,SN5,49.2067,-123.39,WSGS84,300,CA,0
SN5-3-7-2023-0,2023-03-07,SN5,49.2067,-123.39,WSGS84,300,CA,0
SN5-3-9-2017-0,2017-03-09,SN5,49.2065,-123.3899,WSGS84,300,CA,0
SN5-3-9-2019-0,2019-03-09,SN5,49.2067,-123.39,WSGS84,300,CA,0
SN5-3-9-2020-0,2020-03-09,SN5,49.2067,-123.39,WSGS84,300,CA,0
SN5-4-10-2019-0,2019-04-10,SN5,49.2067,-123.39,WSGS84,300,CA,0
SN5-4-12-2017-0,2017-04-12,SN5,49.2069,-123.3898,WSGS84,300,CA,0
SN5-4-13-2016-0,2016-04-13,SN5,49.2069,-123.3903,WSGS84,300,CA,0
SN5-4-14-2023-0,2023-04-14,SN5,49.2067,-123.39,WSGS84,300,CA,0
SN5-4-15-2021-0,2021-04-15,SN5,49.2063,-123.3906,WSGS84,300,CA,0
SN5-4-17-2019-0,2019-04-17,SN5,49.2067,-123.39,WSGS84,300,CA,0
SN5-4-18-2016-0,2016-04-18,SN5,49.2058,-123.3902,WSGS84,300,CA,0
SN5-4-19-2018-0,2018-04-19,SN5,49.2067,-123.39,WSGS84,300,CA,0
SN5-4-19-2021-0,2021-04-19,SN5,49.207,-123.3898,WSGS84,300,CA,0
SN5-4-2-2020-0,2020-04-02,SN5,49.2067,-123.39,WSGS84,300,CA,0
SN5-4-21-2023-0,2023-04-21,SN5,49.2067,-123.39,WSGS84,300,CA,0
SN5-4-22-2020-0,2020-04-22,SN5,49.2067,-123.39,WSGS84,300,CA,0
SN5-4-22-2022-0,2022-04-22,SN5,49.2067,-123.39,WSGS84,300,CA,0
SN5-4-24-2017-0,2017-04-24,SN5,49.2067,-123.3896,WSGS84,300,CA,0
SN5-4-26-2018-0,2018-04-26,SN5,49.2067,-123.39,WSGS84,300,CA,0
SN5-4-26-2023-0,2023-04-26,SN5,49.2067,-123.39,WSGS84,300,CA,0
SN5-4-27-2016-0,2016-04-27,SN5,49.2061,-123.3898,WSGS84,300,CA,0
SN5-4-30-2020-0,2020-04-30,SN5,49.2067,-123.39,WSGS84,300,CA,0
SN5-4-5-2018-0,2018-04-05,SN5,49.2067,-123.39,WSGS84,300,CA,0
SN5-4-6-2021-0,2021-04-06,SN5,49.2069,-123.3914,WSGS84,300,CA,0
SN5-4-7-2022-0,2022-04-07,SN5,49.2067,-123.39,WSGS84,300,CA,0
SN5-5-10-2016-0,2016-05-10,SN5,49.2067,-123.39,WSGS84,300,CA,0
SN5-5-10-2018-0,2018-05-10,SN5,49.2067,-123.39,WSGS84,300,CA,0
SN5-5-12-2017-0,2017-05-12,SN5,49.206,-123.3904,WSGS84,300,CA,0
SN5-5-12-2021-0,2021-05-12,SN5,49.2084,-123.3914,WSGS84,300,CA,0
SN5-5-14-2020-0,2020-05-14,SN5,49.2067,-123.39,WSGS84,300,CA,0
SN5-5-16-2018-0,2018-05-16,SN5,49.2067,-123.39,WSGS84,300,CA,0
SN5-5-17-2016-0,2016-05-17,SN5,49.2066,-123.3902,WSGS84,300,CA,0
SN5-5-20-2021-0,2021-05-20,SN5,49.2073,-123.3904,WSGS84,300,CA,0
SN5-5-21-2022-0,2022-05-21,SN5,49.2067,-123.39,WSGS84,300,CA,0
SN5-5-24-2016-0,2016-05-24,SN5,49.2068,-123.3897,WSGS84,300,CA,0
SN5-5-25-2015-0,2015-05-25,SN5,49.0917,-123.5,WSGS84,300,CA,0
SN5-5-28-2018-0,2018-05-28,SN5,49.2067,-123.39,WSGS84,300,CA,0
SN5-5-28-2023-0,2023-05-28,SN5,49.2067,-123.39,WSGS84,300,CA,0
SN5-5-3-2023-0,2023-05-03,SN5,49.2067,-123.39,WSGS84,300,CA,0
SN5-5-7-2020-0,2020-05-07,SN5,49.2067,-123.39,WSGS84,300,CA,0
SN5-5-9-2019-0,2019-05-09,SN5,49.2067,-123.39,WSGS84,300,CA,0
SN5-6-13-2017-0,2017-06-13,SN5,49.207,-123.3906,WSGS84,300,CA,0
SN5-6-15-2021-0,2021-06-15,SN5,49.2073,-123.3913,WSGS84,300,CA,0
SN5-6-15-2022-0,2022-06-15,SN5,49.2067,-123.39,WSGS84,300,CA,0
SN5-6-20-2019-0,2019-06-20,SN5,49.2067,-123.39,WSGS84,300,CA,0
SN5-6-20-2022-0,2022-06-20,SN5,49.2067,-123.39,WSGS84,300,CA,0
SN5-6-24-2015-0,2015-06-24,SN5,49.0917,-123.5,WSGS84,300,CA,0
SN5-6-26-2020-0,2020-06-26,SN5,49.2067,-123.39,WSGS84,300,CA,0
SN5-6-27-2023-0,2023-06-27,SN5,49.2067,-123.39,WSGS84,300,CA,0
SN5-6-28-2016-0,2016-06-28,SN5,49.207,-123.3907,WSGS84,300,CA,0
SN5-6-4-2019-0,2019-06-04,SN5,49.2067,-123.39,WSGS84,300,CA,0
SN5-6-5-2018-0,2018-06-05,SN5,49.2067,-123.39,WSGS84,300,CA,0
SN5-6-6-2017-0,2017-06-06,SN5,49.2067,-123.39,WSGS84,300,CA,0
SN5-6-6-2020-0,2020-06-06,SN5,49.2067,-123.39,WSGS84,300,CA,0
SN5-6-8-2021-0,2021-06-08,SN5,49.2067,-123.3899,WSGS84,300,CA,0
SN5-7-11-2022-0,2022-07-11,SN5,49.2067,-123.39,WSGS84,300,CA,0
SN5-7-15-2015-0,2015-07-15,SN5,49.0915,-123.5002,WSGS84,300,CA,0
SN5-7-16-2023-0,2023-07-16,SN5,49.2067,-123.39,WSGS84,300,CA,0
SN5-7-17-2017-0,2017-07-17,SN5,49.2067,-123.39,WSGS84,300,CA,0
SN5-7-18-2021-0,2021-07-18,SN5,49.2067,-123.392,WSGS84,300,CA,0
SN5-7-18-2022-0,2022-07-18,SN5,49.2067,-123.39,WSGS84,300,CA,0
SN5-7-21-2019-0,2019-07-21,SN5,49.2067,-123.39,WSGS84,300,CA,0
SN5-7-22-2016-0,2016-07-22,SN5,49.2065,-123.3905,WSGS84,300,CA,0
SN5-7-23-2023-0,2023-07-23,SN5,49.2067,-123.39,WSGS84,300,CA,0
SN5-7-25-2018-0,2018-07-25,SN5,49.2067,-123.39,WSGS84,300,CA,0
SN5-7-29-2020-0,2020-07-29,SN5,49.2067,-123.39,WSGS84,300,CA,0
SN5-7-4-2020-0,2020-07-04,SN5,49.2067,-123.39,WSGS84,300,CA,0
SN5-7-5-2018-0,2018-07-05,SN5,49.2067,-123.39,WSGS84,300,CA,0
SN5-7-6-2016-0,2016-07-06,SN5,49.2068,-123.3898,WSGS84,300,CA,0
SN5-7-6-2017-0,2017-07-06,SN5,49.2067,-123.39,WSGS84,300,CA,0
SN5-7-7-2019-0,2019-07-07,SN5,49.2067,-123.39,WSGS84,300,CA,0
SN5-7-8-2021-0,2021-07-08,SN5,49.2069,-123.3902,WSGS84,300,CA,0
SN5-8-10-2017-0,2017-08-10,SN5,49.2067,-123.3904,WSGS84,300,CA,0
SN5-8-14-2017-0,2017-08-14,SN5,49.2067,-123.3909,WSGS84,300,CA,0
SN5-8-14-2018-0,2018-08-14,SN5,49.2067,-123.39,WSGS84,300,CA,0
SN5-8-16-2021-0,2021-08-16,SN5,49.2067,-123.39,WSGS84,300,CA,0
SN5-8-16-2022-0,2022-08-16,SN5,49.2067,-123.39,WSGS84,300,CA,0
SN5-8-23-2016-0,2016-08-23,SN5,49.2064,-123.3895,WSGS84,300,CA,0
SN5-8-23-2018-0,2018-08-23,SN5,49.2067,-123.39,WSGS84,300,CA,0
SN5-8-24-2020-0,2020-08-24,SN5,49.2067,-123.39,WSGS84,300,CA,0
SN5-8-26-2023-0,2023-08-26,SN5,49.2067,-123.39,WSGS84,300,CA,0
SN5-8-28-2021-0,2021-08-28,SN5,49.207,-123.3911,WSGS84,300,CA,0
SN5-8-3-2016-0,2016-08-03,SN5,49.2067,-123.3904,WSGS84,300,CA,0
SN5-8-5-2019-0,2019-08-05,SN5,49.2067,-123.39,WSGS84,300,CA,0
SN5-8-5-2020-0,2020-08-05,SN5,49.2067,-123.39,WSGS84,300,CA,0
SN5-8-6-2015-0,2015-08-06,SN5,49.0917,-123.5,WSGS84,300,CA,0
SN5-8-9-2016-0,2016-08-09,SN5,49.207,-123.3898,WSGS84,300,CA,0
SN5-8-9-2022-0,2022-08-09,SN5,49.2067,-123.39,WSGS84,300,CA,0
SN5-9-11-2022-0,2022-09-11,SN5,49.2067,-123.39,WSGS84,300,CA,0
SN5-9-14-2015-0,2015-09-14,SN5,49.0917,-123.5,WSGS84,300,CA,0
SN5-9-15-2022-0,2022-09-15,SN5,49.2067,-123.39,WSGS84,300,CA,0
SN5-9-16-2021-0,2021-09-16,SN5,49.2073,-123.3907,WSGS84,300,CA,0
SN5-9-18-2020-0,2020-09-18,SN5,49.2067,-123.39,WSGS84,300,CA,0
SN5-9-23-2021-0,2021-09-23,SN5,49.2065,-123.391,WSGS84,300,CA,0
SN5-9-26-2017-0,2017-09-26,SN5,49.2067,-123.3905,WSGS84,300,CA,0
SN5-9-26-2020-0,2020-09-26,SN5,49.2067,-123.39,WSGS84,300,CA,0
SN5-9-6-2017-0,2017-09-06,SN5,49.2067,-123.3906,WSGS84,300,CA,0
SN5-9-7-2018-0,2018-09-07,SN5,49.2067,-123.39,WSGS84,300,CA,0
SN5-9-9-2016-0,2016-09-09,SN5,49.207,-123.3901,WSGS84,300,CA,0
SN6-1-14-2021-0,2021-01-14,SN6,49.2,-123.44,WSGS84,300,CA,0
SN6-10-19-2021-0,2021-10-19,SN6,49.2002,-123.441,WSGS84,300,CA,0
SN6-10-2-2020-0,2020-10-02,SN6,49.2,-123.44,WSGS84,300,CA,0
SN6-10-5-2015-0,2015-10-05,SN6,49.1998,-123.4402,WSGS84,300,CA,0
SN6-10-7-2022-0,2022-10-07,SN6,49.2,-123.44,WSGS84,300,CA,0
SN6-12-8-2020-0,2020-12-08,SN6,49.2,-123.44,WSGS84,300,CA,0
SN6-12-9-2021-0,2021-12-09,SN6,49.2,-123.44,WSGS84,300,CA,0
SN6-2-21-2022-0,2022-02-21,SN6,49.2,-123.44,WSGS84,300,CA,0
SN6-2-24-2021-0,2021-02-24,SN6,49.2003,-123.4412,WSGS84,300,CA,0
SN6-2-26-2020-0,2020-02-26,SN6,49.2,-123.44,WSGS84,300,CA,0
SN6-3-10-2021-0,2021-03-10,SN6,49.2,-123.44,WSGS84,300,CA,0
SN6-3-10-2022-0,2022-03-10,SN6,49.2,-123.44,WSGS84,300,CA,0
SN6-3-12-2023-0,2023-03-12,SN6,49.2,-123.44,WSGS84,300,CA,0
SN6-3-15-2018-0,2018-03-15,SN6,49.2,-123.44,WSGS84,300,CA,0
SN6-3-16-2019-0,2019-03-16,SN6,49.2,-123.44,WSGS84,300,CA,0
SN6-3-16-2020-0,2020-03-16,SN6,49.2,-123.44,WSGS84,300,CA,0
SN6-3-16-2022-0,2022-03-16,SN6,49.2,-123.44,WSGS84,300,CA,0
SN6-3-17-2016-0,2016-03-17,SN6,49.1996,-123.4398,WSGS84,300,CA,0
SN6-3-21-2017-0,2017-03-21,SN6,49.1999,-123.44,WSGS84,300,CA,0
SN6-3-23-2021-0,2021-03-23,SN6,49.2,-123.4412,WSGS84,300,CA,0
SN6-3-24-2020-0,2020-03-24,SN6,49.2,-123.44,WSGS84,300,CA,0
SN6-3-24-2022-0,2022-03-24,SN6,49.2,-123.44,WSGS84,300,CA,0
SN6-3-27-2021-0,2021-03-27,SN6,49.2003,-123.4409,WSGS84,300,CA,0
SN6-3-30-2016-0,2016-03-30,SN6,49.2,-123.4399,WSGS84,300,CA,0
SN6-3-30-2019-0,2019-03-30,SN6,49.2,-123.44,WSGS84,300,CA,0
SN6-3-30-2023-0,2023-03-30,SN6,49.2,-123.44,WSGS84,300,CA,0
SN6-3-7-2023-0,2023-03-07,SN6,49.2,-123.44,WSGS84,300,CA,0
SN6-3-9-2017-0,2017-03-09,SN6,49.2,-123.44,WSGS84,300,CA,0
SN6-3-9-2019-0,2019-03-09,SN6,49.2,-123.44,WSGS84,300,CA,0
SN6-3-9-2020-0,2020-03-09,SN6,49.2,-123.44,WSGS84,300,CA,0
SN6-4-10-2019-0,2019-04-10,SN6,49.2,-123.44,WSGS84,300,CA,0
SN6-4-13-2016-0,2016-04-13,SN6,49.2,-123.44,WSGS84,300,CA,0
SN6-4-14-2023-0,2023-04-14,SN6,49.2,-123.44,WSGS84,300,CA,0
SN6-4-15-2021-0,2021-04-15,SN6,49.2,-123.4406,WSGS84,300,CA,0
SN6-4-17-2019-0,2019-04-17,SN6,49.2,-123.44,WSGS84,300,CA,0
SN6-4-18-2016-0,2016-04-18,SN6,49.1993,-123.4402,WSGS84,300,CA,0
SN6-4-19-2018-0,2018-04-19,SN6,49.2,-123.44,WSGS84,300,CA,0
SN6-4-19-2021-0,2021-04-19,SN6,49.2003,-123.4401,WSGS84,300,CA,0
SN6-4-2-2020-0,2020-04-02,SN6,49.2,-123.44,WSGS84,300,CA,0
SN6-4-21-2023-0,2023-04-21,SN6,49.2,-123.44,WSGS84,300,CA,0
SN6-4-22-2020-0,2020-04-22,SN6,49.2,-123.44,WSGS84,300,CA,0
SN6-4-22-2022-0,2022-04-22,SN6,49.2,-123.44,WSGS84,300,CA,0
SN6-4-24-2017-0,2017-04-24,SN6,49.2004,-123.4404,WSGS84,300,CA,0
SN6-4-26-2018-0,2018-04-26,SN6,49.2,-123.44,WSGS84,300,CA,0
SN6-4-26-2023-0,2023-04-26,SN6,49.2,-123.44,WSGS84,300,CA,0
SN6-4-30-2020-0,2020-04-30,SN6,49.2,-123.44,WSGS84,300,CA,0
SN6-4-6-2021-0,2021-04-06,SN6,49.2,-123.44,WSGS84,300,CA,0
SN6-4-7-2022-0,2022-04-07,SN6,49.2,-123.44,WSGS84,300,CA,0
SN6-5-10-2016-0,2016-05-10,SN6,49.2,-123.44,WSGS84,300,CA,0
SN6-5-10-2018-0,2018-05-10,SN6,49.2,-123.44,WSGS84,300,CA,0
SN6-5-12-2017-0,2017-05-12,SN6,49.1997,-123.4403,WSGS84,300,CA,0
SN6-5-12-2021-0,2021-05-12,SN6,49.1999,-123.4408,WSGS84,300,CA,0
SN6-5-14-2020-0,2020-05-14,SN6,49.2,-123.44,WSGS84,300,CA,0
SN6-5-16-2018-0,2018-05-16,SN6,49.2,-123.44,WSGS84,300,CA,0
SN6-5-17-2016-0,2016-05-17,SN6,49.2,-123.4403,WSGS84,300,CA,0
SN6-5-20-2021-0,2021-05-20,SN6,49.2,-123.4399,WSGS84,300,CA,0
SN6-5-21-2022-0,2022-05-21,SN6,49.2,-123.44,WSGS84,300,CA,0
SN6-5-24-2016-0,2016-05-24,SN6,49.2003,-123.4392,WSGS84,300,CA,0
SN6-5-25-2015-0,2015-05-25,SN6,49.2157,-123.4367,WSGS84,300,CA,0
SN6-5-28-2018-0,2018-05-28,SN6,49.2,-123.44,WSGS84,300,CA,0
SN6-5-28-2023-0,2023-05-28,SN6,49.2,-123.44,WSGS84,300,CA,0
SN6-5-3-2023-0,2023-05-03,SN6,49.2,-123.44,WSGS84,300,CA,0
SN6-5-7-2020-0,2020-05-07,SN6,49.2,-123.44,WSGS84,300,CA,0
SN6-5-9-2019-0,2019-05-09,SN6,49.2,-123.44,WSGS84,300,CA,0
SN6-6-13-2017-0,2017-06-13,SN6,49.2004,-123.4399,WSGS84,300,CA,0
SN6-6-15-2021-0,2021-06-15,SN6,49.2001,-123.4411,WSGS84,300,CA,0
SN6-6-15-2022-0,2022-06-15,SN6,49.2,-123.44,WSGS84,300,CA,0
SN6-6-20-2019-0,2019-06-20,SN6,49.2,-123.44,WSGS84,300,CA,0
SN6-6-20-2022-0,2022-06-20,SN6,49.2,-123.44,WSGS84,300,CA,0
SN6-6-24-2015-0,2015-06-24,SN6,49.2056,-123.4412,WSGS84,300,CA,0
SN6-6-26-2020-0,2020-06-26,SN6,49.2,-123.44,WSGS84,300,CA,0
SN6-6-27-2023-0,2023-06-27,SN6,49.2,-123.44,WSGS84,300,CA,0
SN6-6-28-2016-0,2016-06-28,SN6,49.2006,-123.4407,WSGS84,300,CA,0
SN6-6-4-2019-0,2019-06-04,SN6,49.2,-123.44,WSGS84,300,CA,0
SN6-6-5-2018-0,2018-06-05,SN6,49.2,-123.44,WSGS84,300,CA,0
SN6-6-6-2017-0,2017-06-06,SN6,49.2002,-123.4379,WSGS84,300,CA,0
SN6-6-6-2020-0,2020-06-06,SN6,49.2,-123.44,WSGS84,300,CA,0
SN6-6-8-2021-0,2021-06-08,SN6,49.2006,-123.4391,WSGS84,300,CA,0
SN6-7-11-2022-0,2022-07-11,SN6,49.2,-123.44,WSGS84,300,CA,0
SN6-7-15-2015-0,2015-07-15,SN6,49.2,-123.441,WSGS84,300,CA,0
SN6-7-16-2023-0,2023-07-16,SN6,49.2,-123.44,WSGS84,300,CA,0
SN6-7-17-2017-0,2017-07-17,SN6,49.1999,-123.4396,WSGS84,300,CA,0
SN6-7-18-2021-0,2021-07-18,SN6,49.2001,-123.4404,WSGS84,300,CA,0
SN6-7-18-2022-0,2022-07-18,SN6,49.2,-123.44,WSGS84,300,CA,0
SN6-7-21-2019-0,2019-07-21,SN6,49.2,-123.44,WSGS84,300,CA,0
SN6-7-22-2016-0,2016-07-22,SN6,49.2,-123.44,WSGS84,300,CA,0
SN6-7-23-2023-0,2023-07-23,SN6,49.2,-123.44,WSGS84,300,CA,0
SN6-7-25-2018-0,2018-07-25,SN6,49.2,-123.44,WSGS84,300,CA,0
SN6-7-29-2020-0,2020-07-29,SN6,49.2,-123.44,WSGS84,300,CA,0
SN6-7-4-2020-0,2020-07-04,SN6,49.2,-123.44,WSGS84,300,CA,0
SN6-7-5-2018-0,2018-07-05,SN6,49.2,-123.44,WSGS84,300,CA,0
SN6-7-6-2016-0,2016-07-06,SN6,49.2001,-123.4396,WSGS84,300,CA,0
SN6-7-6-2017-0,2017-07-06,SN6,49.1999,-123.4396,WSGS84,300,CA,0
SN6-7-7-2019-0,2019-07-07,SN6,49.2,-123.44,WSGS84,300,CA,0
SN6-7-8-2021-0,2021-07-08,SN6,49.2004,-123.4408,WSGS84,300,CA,0
SN6-8-10-2017-0,2017-08-10,SN6,49.1997,-123.4396,WSGS84,300,CA,0
SN6-8-14-2017-0,2017-08-14,SN6,49.1999,-123.441,WSGS84,300,CA,0
SN6-8-16-2021-0,2021-08-16,SN6,49.2,-123.44,WSGS84,300,CA,0
SN6-8-16-2022-0,2022-08-16,SN6,49.2,-123.44,WSGS84,300,CA,0
SN6-8-2-2017-0,2017-08-02,SN6,49.1999,-123.4396,WSGS84,300,CA,0
SN6-8-24-2020-0,2020-08-24,SN6,49.2,-123.44,WSGS84,300,CA,0
SN6-8-26-2023-0,2023-08-26,SN6,49.2,-123.44,WSGS84,300,CA,0
SN6-8-28-2021-0,2021-08-28,SN6,49.2001,-123.4411,WSGS84,300,CA,0
SN6-8-3-2016-0,2016-08-03,SN6,49.2003,-123.4407,WSGS84,300,CA,0
SN6-8-5-2019-0,2019-08-05,SN6,49.2,-123.44,WSGS84,300,CA,0
SN6-8-5-2020-0,2020-08-05,SN6,49.2,-123.44,WSGS84,300,CA,0
SN6-8-6-2015-0,2015-08-06,SN6,49.2002,-123.4407,WSGS84,300,CA,0
SN6-8-9-2016-0,2016-08-09,SN6,49.1996,-123.4399,WSGS84,300,CA,0
SN6-8-9-2022-0,2022-08-09,SN6,49.2,-123.44,WSGS84,300,CA,0
SN6-9-11-2022-0,2022-09-11,SN6,49.2,-123.44,WSGS84,300,CA,0
SN6-9-14-2015-0,2015-09-14,SN6,49.1996,-123.4376,WSGS84,300,CA,0
SN6-9-15-2022-0,2022-09-15,SN6,49.2,-123.44,WSGS84,300,CA,0
SN6-9-16-2021-0,2021-09-16,SN6,49.2004,-123.4401,WSGS84,300,CA,0
SN6-9-18-2020-0,2020-09-18,SN6,49.2,-123.44,WSGS84,300,CA,0
SN6-9-23-2021-0,2021-09-23,SN6,49.2002,-123.4412,WSGS84,300,CA,0
SN6-9-26-2017-0,2017-09-26,SN6,49.1999,-123.4403,WSGS84,300,CA,0
SN6-9-6-2017-0,2017-09-06,SN6,49.1998,-123.4406,WSGS84,300,CA,0
SN6-9-9-2016-0,2016-09-09,SN6,49.2006,-123.4383,WSGS84,300,CA,0
SN7-1-14-2021-0,2021-01-14,SN7,49.2783,-123.405,WSGS84,300,CA,0
SN7-1-14-2021-10,2021-01-14,SN7,49.2783,-123.405,WSGS84,300,CA,10
SN7-1-14-2021-20,2021-01-14,SN7,49.2783,-123.405,WSGS84,300,CA,20
SN7-1-14-2021-5,2021-01-14,SN7,49.2783,-123.405,WSGS84,300,CA,5
SN7-1-24-2019-0,2019-01-24,SN7,49.2783,-123.405,WSGS84,300,CA,0
SN7-1-24-2019-10,2019-01-24,SN7,49.2783,-123.405,WSGS84,300,CA,10
SN7-1-24-2019-20,2019-01-24,SN7,49.2783,-123.405,WSGS84,300,CA,20
SN7-1-24-2019-5,2019-01-24,SN7,49.2783,-123.405,WSGS84,300,CA,5
SN7-10-15-2023-0,2023-10-15,SN7,49.2783,-123.405,WSGS84,300,CA,0
SN7-10-15-2023-10,2023-10-15,SN7,49.2783,-123.405,WSGS84,300,CA,10
SN7-10-15-2023-20,2023-10-15,SN7,49.2783,-123.405,WSGS84,300,CA,20
SN7-10-15-2023-5,2023-10-15,SN7,49.2783,-123.405,WSGS84,300,CA,5
SN7-10-19-2017-0,2017-10-19,SN7,49.2787,-123.4053,WSGS84,300,CA,0
SN7-10-19-2017-10,2017-10-19,SN7,49.2783,-123.405,WSGS84,300,CA,10
SN7-10-19-2017-20,2017-10-19,SN7,49.2783,-123.405,WSGS84,300,CA,20
SN7-10-19-2017-5,2017-10-19,SN7,49.2783,-123.405,WSGS84,300,CA,5
SN7-10-19-2021-0,2021-10-19,SN7,49.2789,-123.407,WSGS84,300,CA,0
SN7-10-19-2021-10,2021-10-19,SN7,49.2789,-123.407,WSGS84,300,CA,10
SN7-10-19-2021-20,2021-10-19,SN7,49.2789,-123.407,WSGS84,300,CA,20
SN7-10-19-2021-5,2021-10-19,SN7,49.2789,-123.407,WSGS84,300,CA,5
SN7-10-2-2020-0,2020-10-02,SN7,49.2783,-123.405,WSGS84,300,CA,0
SN7-10-2-2020-10,2020-10-02,SN7,49.2783,-123.405,WSGS84,300,CA,10
SN7-10-2-2020-20,2020-10-02,SN7,49.2783,-123.405,WSGS84,300,CA,20
SN7-10-2-2020-5,2020-10-02,SN7,49.2783,-123.405,WSGS84,300,CA,5
SN7-10-5-2015-0,2015-10-05,SN7,49.055,-123.3717,WSGS84,300,CA,0
SN7-10-7-2022-0,2022-10-07,SN7,49.2783,-123.405,WSGS84,300,CA,0
SN7-10-7-2022-10,2022-10-07,SN7,49.2783,-123.405,WSGS84,300,CA,10
SN7-10-7-2022-20,2022-10-07,SN7,49.2783,-123.405,WSGS84,300,CA,20
SN7-10-7-2022-5,2022-10-07,SN7,49.2783,-123.405,WSGS84,300,CA,5
SN7-11-28-2018-0,2018-11-28,SN7,49.2783,-123.405,WSGS84,300,CA,0
SN7-11-28-2018-10,2018-11-28,SN7,49.2783,-123.405,WSGS84,300,CA,10
SN7-11-28-2018-20,2018-11-28,SN7,49.2783,-123.405,WSGS84,300,CA,20
SN7-11-28-2018-5,2018-11-28,SN7,49.2783,-123.405,WSGS84,300,CA,5
SN7-12-8-2020-0,2020-12-08,SN7,49.2783,-123.405,WSGS84,300,CA,0
SN7-12-8-2020-10,2020-12-08,SN7,49.2783,-123.405,WSGS84,300,CA,10
SN7-12-8-2020-20,2020-12-08,SN7,49.2783,-123.405,WSGS84,300,CA,20
SN7-12-8-2020-5,2020-12-08,SN7,49.2783,-123.405,WSGS84,300,CA,5
SN7-12-9-2021-0,2021-12-09,SN7,49.2783,-123.405,WSGS84,300,CA,0
SN7-12-9-2021-10,2021-12-09,SN7,49.2783,-123.405,WSGS84,300,CA,10
SN7-12-9-2021-20,2021-12-09,SN7,49.2783,-123.405,WSGS84,300,CA,20
SN7-12-9-2021-5,2021-12-09,SN7,49.2783,-123.405,WSGS84,300,CA,5
SN7-2-21-2022-0,2022-02-21,SN7,49.2783,-123.405,WSGS84,300,CA,0
SN7-2-21-2022-10,2022-02-21,SN7,49.2783,-123.405,WSGS84,300,CA,10
SN7-2-21-2022-20,2022-02-21,SN7,49.2783,-123.405,WSGS84,300,CA,20
SN7-2-21-2022-5,2022-02-21,SN7,49.2783,-123.405,WSGS84,300,CA,5
SN7-2-24-2021-0,2021-02-24,SN7,49.2825,-123.4083,WSGS84,300,CA,0
SN7-2-24-2021-10,2021-02-24,SN7,49.2825,-123.4083,WSGS84,300,CA,10
SN7-2-24-2021-20,2021-02-24,SN7,49.2825,-123.4083,WSGS84,300,CA,20
SN7-2-24-2021-5,2021-02-24,SN7,49.2825,-123.4083,WSGS84,300,CA,5
SN7-2-26-2020-0,2020-02-26,SN7,49.2783,-123.405,WSGS84,300,CA,0
SN7-2-26-2020-10,2020-02-26,SN7,49.2783,-123.405,WSGS84,300,CA,10
SN7-2-26-2020-20,2020-02-26,SN7,49.2783,-123.405,WSGS84,300,CA,20
SN7-2-26-2020-5,2020-02-26,SN7,49.2783,-123.405,WSGS84,300,CA,5
SN7-3-10-2021-0,2021-03-10,SN7,49.2783,-123.405,WSGS84,300,CA,0
SN7-3-10-2021-10,2021-03-10,SN7,49.2783,-123.405,WSGS84,300,CA,10
SN7-3-10-2021-20,2021-03-10,SN7,49.2783,-123.405,WSGS84,300,CA,20
SN7-3-10-2021-5,2021-03-10,SN7,49.2783,-123.405,WSGS84,300,CA,5
SN7-3-10-2022-0,2022-03-10,SN7,49.2783,-123.405,WSGS84,300,CA,0
SN7-3-10-2022-10,2022-03-10,SN7,49.2783,-123.405,WSGS84,300,CA,10
SN7-3-10-2022-20,2022-03-10,SN7,49.2783,-123.405,WSGS84,300,CA,20
SN7-3-10-2022-5,2022-03-10,SN7,49.2783,-123.405,WSGS84,300,CA,5
SN7-3-12-2023-0,2023-03-12,SN7,49.2783,-123.405,WSGS84,300,CA,0
SN7-3-12-2023-10,2023-03-12,SN7,49.2783,-123.405,WSGS84,300,CA,10
SN7-3-12-2023-20,2023-03-12,SN7,49.2783,-123.405,WSGS84,300,CA,20
SN7-3-12-2023-5,2023-03-12,SN7,49.2783,-123.405,WSGS84,300,CA,5
SN7-3-15-2018-0,2018-03-15,SN7,49.2783,-123.405,WSGS84,300,CA,0
SN7-3-15-2018-10,2018-03-15,SN7,49.2783,-123.405,WSGS84,300,CA,10
SN7-3-15-2018-20,2018-03-15,SN7,49.2783,-123.405,WSGS84,300,CA,20
SN7-3-15-2018-5,2018-03-15,SN7,49.2783,-123.405,WSGS84,300,CA,5
SN7-3-16-2019-0,2019-03-16,SN7,49.2783,-123.405,WSGS84,300,CA,0
SN7-3-16-2019-10,2019-03-16,SN7,49.2783,-123.405,WSGS84,300,CA,10
SN7-3-16-2019-20,2019-03-16,SN7,49.2783,-123.405,WSGS84,300,CA,20
SN7-3-16-2019-5,2019-03-16,SN7,49.2783,-123.405,WSGS84,300,CA,5
SN7-3-16-2020-0,2020-03-16,SN7,49.2783,-123.405,WSGS84,300,CA,0
SN7-3-16-2020-10,2020-03-16,SN7,49.2783,-123.405,WSGS84,300,CA,10
SN7-3-16-2020-20,2020-03-16,SN7,49.2783,-123.405,WSGS84,300,CA,20
SN7-3-16-2020-5,2020-03-16,SN7,49.2783,-123.405,WSGS84,300,CA,5
SN7-3-16-2022-0,2022-03-16,SN7,49.2783,-123.405,WSGS84,300,CA,0
SN7-3-16-2022-10,2022-03-16,SN7,49.2783,-123.405,WSGS84,300,CA,10
SN7-3-16-2022-20,2022-03-16,SN7,49.2783,-123.405,WSGS84,300,CA,20
SN7-3-16-2022-5,2022-03-16,SN7,49.2783,-123.405,WSGS84,300,CA,5
SN7-3-17-2016-0,2016-03-17,SN7,49.2787,-123.4045,WSGS84,300,CA,0
SN7-3-17-2016-10,2016-03-17,SN7,49.2783,-123.405,WSGS84,300,CA,10
SN7-3-17-2016-20,2016-03-17,SN7,49.2783,-123.405,WSGS84,300,CA,20
SN7-3-17-2016-5,2016-03-17,SN7,49.2783,-123.405,WSGS84,300,CA,5
SN7-3-21-2017-0,2017-03-21,SN7,49.2782,-123.4057,WSGS84,300,CA,0
SN7-3-21-2017-10,2017-03-21,SN7,49.2783,-123.405,WSGS84,300,CA,10
SN7-3-21-2017-20,2017-03-21,SN7,49.2783,-123.405,WSGS84,300,CA,20
SN7-3-21-2017-5,2017-03-21,SN7,49.2783,-123.405,WSGS84,300,CA,5
SN7-3-23-2021-0,2021-03-23,SN7,49.2782,-123.4051,WSGS84,300,CA,0
SN7-3-23-2021-10,2021-03-23,SN7,49.2782,-123.4051,WSGS84,300,CA,10
SN7-3-23-2021-20,2021-03-23,SN7,49.2782,-123.4051,WSGS84,300,CA,20
SN7-3-23-2021-5,2021-03-23,SN7,49.2782,-123.4051,WSGS84,300,CA,5
SN7-3-24-2020-0,2020-03-24,SN7,49.2783,-123.405,WSGS84,300,CA,0
SN7-3-24-2020-10,2020-03-24,SN7,49.2783,-123.405,WSGS84,300,CA,10
SN7-3-24-2020-20,2020-03-24,SN7,49.2783,-123.405,WSGS84,300,CA,20
SN7-3-24-2020-5,2020-03-24,SN7,49.2783,-123.405,WSGS84,300,CA,5
SN7-3-24-2022-0,2022-03-24,SN7,49.2783,-123.405,WSGS84,300,CA,0
SN7-3-24-2022-10,2022-03-24,SN7,49.2783,-123.405,WSGS84,300,CA,10
SN7-3-24-2022-20,2022-03-24,SN7,49.2783,-123.405,WSGS84,300,CA,20
SN7-3-24-2022-5,2022-03-24,SN7,49.2783,-123.405,WSGS84,300,CA,5
SN7-3-27-2018-0,2018-03-27,SN7,49.2783,-123.405,WSGS84,300,CA,0
SN7-3-27-2018-10,2018-03-27,SN7,49.2783,-123.405,WSGS84,300,CA,10
SN7-3-27-2018-20,2018-03-27,SN7,49.2783,-123.405,WSGS84,300,CA,20
SN7-3-27-2018-5,2018-03-27,SN7,49.2783,-123.405,WSGS84,300,CA,5
SN7-3-27-2021-0,2021-03-27,SN7,49.279,-123.4059,WSGS84,300,CA,0
SN7-3-27-2021-10,2021-03-27,SN7,49.279,-123.4059,WSGS84,300,CA,10
SN7-3-27-2021-20,2021-03-27,SN7,49.279,-123.4059,WSGS84,300,CA,20
SN7-3-27-2021-5,2021-03-27,SN7,49.279,-123.4059,WSGS84,300,CA,5
SN7-3-30-2016-0,2016-03-30,SN7,49.2788,-123.405,WSGS84,300,CA,0
SN7-3-30-2016-10,2016-03-30,SN7,49.2783,-123.405,WSGS84,300,CA,10
SN7-3-30-2016-20,2016-03-30,SN7,49.2783,-123.405,WSGS84,300,CA,20
SN7-3-30-2016-5,2016-03-30,SN7,49.2783,-123.405,WSGS84,300,CA,5
SN7-3-30-2019-0,2019-03-30,SN7,49.2783,-123.405,WSGS84,300,CA,0
SN7-3-30-2019-10,2019-03-30,SN7,49.2783,-123.405,WSGS84,300,CA,10
SN7-3-30-2019-20,2019-03-30,SN7,49.2783,-123.405,WSGS84,300,CA,20
SN7-3-30-2019-5,2019-03-30,SN7,49.2783,-123.405,WSGS84,300,CA,5
SN7-3-30-2022-0,2022-03-30,SN7,49.2783,-123.405,WSGS84,300,CA,0
SN7-3-30-2022-10,2022-03-30,SN7,49.2783,-123.405,WSGS84,300,CA,10
SN7-3-30-2022-20,2022-03-30,SN7,49.2783,-123.405,WSGS84,300,CA,20
SN7-3-30-2022-5,2022-03-30,SN7,49.2783,-123.405,WSGS84,300,CA,5
SN7-3-30-2023-0,2023-03-30,SN7,49.2783,-123.405,WSGS84,300,CA,0
SN7-3-30-2023-10,2023-03-30,SN7,49.2783,-123.405,WSGS84,300,CA,10
SN7-3-30-2023-20,2023-03-30,SN7,49.2783,-123.405,WSGS84,300,CA,20
SN7-3-30-2023-5,2023-03-30,SN7,49.2783,-123.405,WSGS84,300,CA,5
SN7-3-7-2023-0,2023-03-07,SN7,49.2783,-123.405,WSGS84,300,CA,0
SN7-3-7-2023-10,2023-03-07,SN7,49.2783,-123.405,WSGS84,300,CA,10
SN7-3-7-2023-20,2023-03-07,SN7,49.2783,-123.405,WSGS84,300,CA,20
SN7-3-7-2023-5,2023-03-07,SN7,49.2783,-123.405,WSGS84,300,CA,5
SN7-3-9-2017-0,2017-03-09,SN7,49.2783,-123.4057,WSGS84,300,CA,0
SN7-3-9-2017-10,2017-03-09,SN7,49.2783,-123.405,WSGS84,300,CA,10
SN7-3-9-2017-20,2017-03-09,SN7,49.2783,-123.405,WSGS84,300,CA,20
SN7-3-9-2017-5,2017-03-09,SN7,49.2783,-123.405,WSGS84,300,CA,5
SN7-3-9-2019-0,2019-03-09,SN7,49.2783,-123.405,WSGS84,300,CA,0
SN7-3-9-2019-10,2019-03-09,SN7,49.2783,-123.405,WSGS84,300,CA,10
SN7-3-9-2019-20,2019-03-09,SN7,49.2783,-123.405,WSGS84,300,CA,20
SN7-3-9-2019-5,2019-03-09,SN7,49.2783,-123.405,WSGS84,300,CA,5
SN7-3-9-2020-0,2020-03-09,SN7,49.2783,-123.405,WSGS84,300,CA,0
SN7-3-9-2020-10,2020-03-09,SN7,49.2783,-123.405,WSGS84,300,CA,10
SN7-3-9-2020-20,2020-03-09,SN7,49.2783,-123.405,WSGS84,300,CA,20
SN7-3-9-2020-5,2020-03-09,SN7,49.2783,-123.405,WSGS84,300,CA,5
SN7-4-10-2019-0,2019-04-10,SN7,49.2783,-123.405,WSGS84,300,CA,0
SN7-4-10-2019-10,2019-04-10,SN7,49.2783,-123.405,WSGS84,300,CA,10
SN7-4-10-2019-20,2019-04-10,SN7,49.2783,-123.405,WSGS84,300,CA,20
SN7-4-10-2019-5,2019-04-10,SN7,49.2783,-123.405,WSGS84,300,CA,5
SN7-4-12-2017-0,2017-04-12,SN7,49.2784,-123.4051,WSGS84,300,CA,0
SN7-4-12-2017-10,2017-04-12,SN7,49.2783,-123.405,WSGS84,300,CA,10
SN7-4-12-2017-20,2017-04-12,SN7,49.2783,-123.405,WSGS84,300,CA,20
SN7-4-12-2017-5,2017-04-12,SN7,49.2783,-123.405,WSGS84,300,CA,5
SN7-4-13-2016-0,2016-04-13,SN7,49.28,-123.4056,WSGS84,300,CA,0
SN7-4-13-2016-10,2016-04-13,SN7,49.2783,-123.405,WSGS84,300,CA,10
SN7-4-13-2016-20,2016-04-13,SN7,49.2783,-123.405,WSGS84,300,CA,20
SN7-4-13-2016-5,2016-04-13,SN7,49.2783,-123.405,WSGS84,300,CA,5
SN7-4-14-2023-0,2023-04-14,SN7,49.2783,-123.405,WSGS84,300,CA,0
SN7-4-14-2023-10,2023-04-14,SN7,49.2783,-123.405,WSGS84,300,CA,10
SN7-4-14-2023-20,2023-04-14,SN7,49.2783,-123.405,WSGS84,300,CA,20
SN7-4-14-2023-5,2023-04-14,SN7,49.2783,-123.405,WSGS84,300,CA,5
SN7-4-15-2021-0,2021-04-15,SN7,49.2789,-123.4043,WSGS84,300,CA,0
SN7-4-15-2021-10,2021-04-15,SN7,49.2789,-123.4043,WSGS84,300,CA,10
SN7-4-15-2021-20,2021-04-15,SN7,49.2789,-123.4043,WSGS84,300,CA,20
SN7-4-15-2021-5,2021-04-15,SN7,49.2789,-123.4043,WSGS84,300,CA,5
SN7-4-17-2019-0,2019-04-17,SN7,49.2783,-123.405,WSGS84,300,CA,0
SN7-4-17-2019-10,2019-04-17,SN7,49.2783,-123.405,WSGS84,300,CA,10
SN7-4-17-2019-20,2019-04-17,SN7,49.2783,-123.405,WSGS84,300,CA,20
SN7-4-17-2019-5,2019-04-17,SN7,49.2783,-123.405,WSGS84,300,CA,5
SN7-4-18-2016-0,2016-04-18,SN7,49.2786,-123.4045,WSGS84,300,CA,0
SN7-4-18-2016-10,2016-04-18,SN7,49.2783,-123.405,WSGS84,300,CA,10
SN7-4-18-2016-20,2016-04-18,SN7,49.2783,-123.405,WSGS84,300,CA,20
SN7-4-18-2016-5,2016-04-18,SN7,49.2783,-123.405,WSGS84,300,CA,5
SN7-4-19-2018-0,2018-04-19,SN7,49.2783,-123.405,WSGS84,300,CA,0
SN7-4-19-2018-10,2018-04-19,SN7,49.2783,-123.405,WSGS84,300,CA,10
SN7-4-19-2018-20,2018-04-19,SN7,49.2783,-123.405,WSGS84,300,CA,20
SN7-4-19-2018-5,2018-04-19,SN7,49.2783,-123.405,WSGS84,300,CA,5
SN7-4-19-2021-0,2021-04-19,SN7,49.2787,-123.4049,WSGS84,300,CA,0
SN7-4-19-2021-10,2021-04-19,SN7,49.2787,-123.4049,WSGS84,300,CA,10
SN7-4-19-2021-20,2021-04-19,SN7,49.2787,-123.4049,WSGS84,300,CA,20
SN7-4-19-2021-5,2021-04-19,SN7,49.2787,-123.4049,WSGS84,300,CA,5
SN7-4-2-2020-0,2020-04-02,SN7,49.2783,-123.405,WSGS84,300,CA,0
SN7-4-2-2020-10,2020-04-02,SN7,49.2783,-123.405,WSGS84,300,CA,10
SN7-4-2-2020-20,2020-04-02,SN7,49.2783,-123.405,WSGS84,300,CA,20
SN7-4-2-2020-5,2020-04-02,SN7,49.2783,-123.405,WSGS84,300,CA,5
SN7-4-21-2023-0,2023-04-21,SN7,49.2783,-123.405,WSGS84,300,CA,0
SN7-4-21-2023-10,2023-04-21,SN7,49.2783,-123.405,WSGS84,300,CA,10
SN7-4-21-2023-20,2023-04-21,SN7,49.2783,-123.405,WSGS84,300,CA,20
SN7-4-21-2023-5,2023-04-21,SN7,49.2783,-123.405,WSGS84,300,CA,5
SN7-4-22-2020-10,2020-04-22,SN7,49.2783,-123.405,WSGS84,300,CA,10
SN7-4-22-2020-20,2020-04-22,SN7,49.2783,-123.405,WSGS84,300,CA,20
SN7-4-22-2020-5,2020-04-22,SN7,49.2783,-123.405,WSGS84,300,CA,5
SN7-4-22-2022-0,2022-04-22,SN7,49.2783,-123.405,WSGS84,300,CA,0
SN7-4-22-2022-10,2022-04-22,SN7,49.2783,-123.405,WSGS84,300,CA,10
SN7-4-22-2022-20,2022-04-22,SN7,49.2783,-123.405,WSGS84,300,CA,20
SN7-4-22-2022-5,2022-04-22,SN7,49.2783,-123.405,WSGS84,300,CA,5
SN7-4-24-2017-0,2017-04-24,SN7,49.2785,-123.4052,WSGS84,300,CA,0
SN7-4-24-2017-10,2017-04-24,SN7,49.2783,-123.405,WSGS84,300,CA,10
SN7-4-24-2017-20,2017-04-24,SN7,49.2783,-123.405,WSGS84,300,CA,20
SN7-4-24-2017-5,2017-04-24,SN7,49.2783,-123.405,WSGS84,300,CA,5
SN7-4-26-2018-0,2018-04-26,SN7,49.2783,-123.405,WSGS84,300,CA,0
SN7-4-26-2018-10,2018-04-26,SN7,49.2783,-123.405,WSGS84,300,CA,10
SN7-4-26-2018-20,2018-04-26,SN7,49.2783,-123.405,WSGS84,300,CA,20
SN7-4-26-2018-5,2018-04-26,SN7,49.2783,-123.405,WSGS84,300,CA,5
SN7-4-26-2023-0,2023-04-26,SN7,49.2783,-123.405,WSGS84,300,CA,0
SN7-4-26-2023-10,2023-04-26,SN7,49.2783,-123.405,WSGS84,300,CA,10
SN7-4-26-2023-20,2023-04-26,SN7,49.2783,-123.405,WSGS84,300,CA,20
SN7-4-26-2023-5,2023-04-26,SN7,49.2783,-123.405,WSGS84,300,CA,5
SN7-4-30-2020-0,2020-04-30,SN7,49.2783,-123.405,WSGS84,300,CA,0
SN7-4-30-2020-10,2020-04-30,SN7,49.2783,-123.405,WSGS84,300,CA,10
SN7-4-30-2020-20,2020-04-30,SN7,49.2783,-123.405,WSGS84,300,CA,20
SN7-4-30-2020-5,2020-04-30,SN7,49.2783,-123.405,WSGS84,300,CA,5
SN7-4-5-2018-0,2018-04-05,SN7,49.2783,-123.405,WSGS84,300,CA,0
SN7-4-5-2018-10,2018-04-05,SN7,49.2783,-123.405,WSGS84,300,CA,10
SN7-4-5-2018-20,2018-04-05,SN7,49.2783,-123.405,WSGS84,300,CA,20
SN7-4-5-2018-5,2018-04-05,SN7,49.2783,-123.405,WSGS84,300,CA,5
SN7-4-6-2021-0,2021-04-06,SN7,49.2793,-123.4051,WSGS84,300,CA,0
SN7-4-6-2021-10,2021-04-06,SN7,49.2793,-123.4051,WSGS84,300,CA,10
SN7-4-6-2021-20,2021-04-06,SN7,49.2793,-123.4051,WSGS84,300,CA,20
SN7-4-6-2021-5,2021-04-06,SN7,49.2793,-123.4051,WSGS84,300,CA,5
SN7-4-7-2022-0,2022-04-07,SN7,49.2783,-123.405,WSGS84,300,CA,0
SN7-4-7-2022-10,2022-04-07,SN7,49.2783,-123.405,WSGS84,300,CA,10
SN7-4-7-2022-20,2022-04-07,SN7,49.2783,-123.405,WSGS84,300,CA,20
SN7-4-7-2022-5,2022-04-07,SN7,49.2783,-123.405,WSGS84,300,CA,5
SN7-5-10-2016-0,2016-05-10,SN7,49.2783,-123.405,WSGS84,300,CA,0
SN7-5-10-2016-10,2016-05-10,SN7,49.2783,-123.405,WSGS84,300,CA,10
SN7-5-10-2016-20,2016-05-10,SN7,49.2783,-123.405,WSGS84,300,CA,20
SN7-5-10-2016-5,2016-05-10,SN7,49.2783,-123.405,WSGS84,300,CA,5
SN7-5-10-2018-0,2018-05-10,SN7,49.2783,-123.405,WSGS84,300,CA,0
SN7-5-10-2018-10,2018-05-10,SN7,49.2783,-123.405,WSGS84,300,CA,10
SN7-5-10-2018-20,2018-05-10,SN7,49.2783,-123.405,WSGS84,300,CA,20
SN7-5-10-2018-5,2018-05-10,SN7,49.2783,-123.405,WSGS84,300,CA,5
SN7-5-12-2021-0,2021-05-12,SN7,49.2788,-123.4049,WSGS84,300,CA,0
SN7-5-12-2021-10,2021-05-12,SN7,49.2788,-123.4049,WSGS84,300,CA,10
SN7-5-12-2021-20,2021-05-12,SN7,49.2788,-123.4049,WSGS84,300,CA,20
SN7-5-12-2021-5,2021-05-12,SN7,49.2788,-123.4049,WSGS84,300,CA,5
SN7-5-14-2020-0,2020-05-14,SN7,49.2783,-123.405,WSGS84,300,CA,0
SN7-5-14-2020-10,2020-05-14,SN7,49.2783,-123.405,WSGS84,300,CA,10
SN7-5-14-2020-20,2020-05-14,SN7,49.2783,-123.405,WSGS84,300,CA,20
SN7-5-14-2020-5,2020-05-14,SN7,49.2783,-123.405,WSGS84,300,CA,5
SN7-5-16-2018-0,2018-05-16,SN7,49.2783,-123.405,WSGS84,300,CA,0
SN7-5-16-2018-10,2018-05-16,SN7,49.2783,-123.405,WSGS84,300,CA,10
SN7-5-16-2018-20,2018-05-16,SN7,49.2783,-123.405,WSGS84,300,CA,20
SN7-5-16-2018-5,2018-05-16,SN7,49.2783,-123.405,WSGS84,300,CA,5
SN7-5-17-2016-0,2016-05-17,SN7,49.279,-123.4047,WSGS84,300,CA,0
SN7-5-17-2016-10,2016-05-17,SN7,49.2783,-123.405,WSGS84,300,CA,10
SN7-5-17-2016-20,2016-05-17,SN7,49.2783,-123.405,WSGS84,300,CA,20
SN7-5-17-2016-5,2016-05-17,SN7,49.2783,-123.405,WSGS84,300,CA,5
SN7-5-20-2021-0,2021-05-20,SN7,49.2786,-123.4044,WSGS84,300,CA,0
SN7-5-20-2021-10,2021-05-20,SN7,49.2786,-123.4044,WSGS84,300,CA,10
SN7-5-20-2021-20,2021-05-20,SN7,49.2786,-123.4044,WSGS84,300,CA,20
SN7-5-20-2021-5,2021-05-20,SN7,49.2786,-123.4044,WSGS84,300,CA,5
SN7-5-21-2022-0,2022-05-21,SN7,49.2783,-123.405,WSGS84,300,CA,0
SN7-5-21-2022-10,2022-05-21,SN7,49.2783,-123.405,WSGS84,300,CA,10
SN7-5-21-2022-20,2022-05-21,SN7,49.2783,-123.405,WSGS84,300,CA,20
SN7-5-21-2022-5,2022-05-21,SN7,49.2783,-123.405,WSGS84,300,CA,5
SN7-5-22-2019-0,2019-05-22,SN7,49.2783,-123.405,WSGS84,300,CA,0
SN7-5-24-2016-0,2016-05-24,SN7,49.279,-123.4051,WSGS84,300,CA,0
SN7-5-24-2016-10,2016-05-24,SN7,49.2783,-123.405,WSGS84,300,CA,10
SN7-5-24-2016-20,2016-05-24,SN7,49.2783,-123.405,WSGS84,300,CA,20
SN7-5-24-2016-5,2016-05-24,SN7,49.2783,-123.405,WSGS84,300,CA,5
SN7-5-25-2015-0,2015-05-25,SN7,49.055,-123.3717,WSGS84,300,CA,0
SN7-5-28-2018-0,2018-05-28,SN7,49.2783,-123.405,WSGS84,300,CA,0
SN7-5-28-2018-10,2018-05-28,SN7,49.2783,-123.405,WSGS84,300,CA,10
SN7-5-28-2018-20,2018-05-28,SN7,49.2783,-123.405,WSGS84,300,CA,20
SN7-5-28-2018-5,2018-05-28,SN7,49.2783,-123.405,WSGS84,300,CA,5
SN7-5-28-2023-0,2023-05-28,SN7,49.2783,-123.405,WSGS84,300,CA,0
SN7-5-28-2023-10,2023-05-28,SN7,49.2783,-123.405,WSGS84,300,CA,10
SN7-5-28-2023-20,2023-05-28,SN7,49.2783,-123.405,WSGS84,300,CA,20
SN7-5-28-2023-5,2023-05-28,SN7,49.2783,-123.405,WSGS84,300,CA,5
SN7-5-3-2023-0,2023-05-03,SN7,49.2783,-123.405,WSGS84,300,CA,0
SN7-5-3-2023-10,2023-05-03,SN7,49.2783,-123.405,WSGS84,300,CA,10
SN7-5-3-2023-20,2023-05-03,SN7,49.2783,-123.405,WSGS84,300,CA,20
SN7-5-3-2023-5,2023-05-03,SN7,49.2783,-123.405,WSGS84,300,CA,5
SN7-5-7-2020-0,2020-05-07,SN7,49.2783,-123.405,WSGS84,300,CA,0
SN7-5-7-2020-10,2020-05-07,SN7,49.2783,-123.405,WSGS84,300,CA,10
SN7-5-7-2020-20,2020-05-07,SN7,49.2783,-123.405,WSGS84,300,CA,20
SN7-5-7-2020-5,2020-05-07,SN7,49.2783,-123.405,WSGS84,300,CA,5
SN7-5-9-2019-0,2019-05-09,SN7,49.2783,-123.405,WSGS84,300,CA,0
SN7-5-9-2019-10,2019-05-09,SN7,49.2783,-123.405,WSGS84,300,CA,10
SN7-5-9-2019-20,2019-05-09,SN7,49.2783,-123.405,WSGS84,300,CA,20
SN7-5-9-2019-5,2019-05-09,SN7,49.2783,-123.405,WSGS84,300,CA,5
SN7-6-13-2017-0,2017-06-13,SN7,49.2791,-123.4063,WSGS84,300,CA,0
SN7-6-13-2017-10,2017-06-13,SN7,49.2783,-123.405,WSGS84,300,CA,10
SN7-6-13-2017-20,2017-06-13,SN7,49.2783,-123.405,WSGS84,300,CA,20
SN7-6-13-2017-5,2017-06-13,SN7,49.2783,-123.405,WSGS84,300,CA,5
SN7-6-15-2021-0,2021-06-15,SN7,49.2792,-123.4039,WSGS84,300,CA,0
SN7-6-15-2021-10,2021-06-15,SN7,49.2792,-123.4039,WSGS84,300,CA,10
SN7-6-15-2021-20,2021-06-15,SN7,49.2792,-123.4039,WSGS84,300,CA,20
SN7-6-15-2021-5,2021-06-15,SN7,49.2792,-123.4039,WSGS84,300,CA,5
SN7-6-15-2022-0,2022-06-15,SN7,49.2783,-123.405,WSGS84,300,CA,0
SN7-6-15-2022-10,2022-06-15,SN7,49.2783,-123.405,WSGS84,300,CA,10
SN7-6-15-2022-20,2022-06-15,SN7,49.2783,-123.405,WSGS84,300,CA,20
SN7-6-15-2022-5,2022-06-15,SN7,49.2783,-123.405,WSGS84,300,CA,5
SN7-6-16-2016-10,2016-06-16,SN7,49.2783,-123.405,WSGS84,300,CA,10
SN7-6-16-2016-20,2016-06-16,SN7,49.2783,-123.405,WSGS84,300,CA,20
SN7-6-16-2016-5,2016-06-16,SN7,49.2783,-123.405,WSGS84,300,CA,5
SN7-6-20-2019-0,2019-06-20,SN7,49.2783,-123.405,WSGS84,300,CA,0
SN7-6-20-2019-10,2019-06-20,SN7,49.2783,-123.405,WSGS84,300,CA,10
SN7-6-20-2019-20,2019-06-20,SN7,49.2783,-123.405,WSGS84,300,CA,20
SN7-6-20-2019-5,2019-06-20,SN7,49.2783,-123.405,WSGS84,300,CA,5
SN7-6-20-2022-0,2022-06-20,SN7,49.2783,-123.405,WSGS84,300,CA,0
SN7-6-20-2022-10,2022-06-20,SN7,49.2783,-123.405,WSGS84,300,CA,10
SN7-6-20-2022-20,2022-06-20,SN7,49.2783,-123.405,WSGS84,300,CA,20
SN7-6-20-2022-5,2022-06-20,SN7,49.2783,-123.405,WSGS84,300,CA,5
SN7-6-22-2017-0,2017-06-22,SN7,49.2783,-123.405,WSGS84,300,CA,0
SN7-6-24-2015-0,2015-06-24,SN7,49.055,-123.3717,WSGS84,300,CA,0
SN7-6-26-2020-0,2020-06-26,SN7,49.2783,-123.405,WSGS84,300,CA,0
SN7-6-26-2020-10,2020-06-26,SN7,49.2783,-123.405,WSGS84,300,CA,10
SN7-6-26-2020-20,2020-06-26,SN7,49.2783,-123.405,WSGS84,300,CA,20
SN7-6-26-2020-5,2020-06-26,SN7,49.2783,-123.405,WSGS84,300,CA,5
SN7-6-27-2023-0,2023-06-27,SN7,49.2783,-123.405,WSGS84,300,CA,0
SN7-6-27-2023-10,2023-06-27,SN7,49.2783,-123.405,WSGS84,300,CA,10
SN7-6-27-2023-20,2023-06-27,SN7,49.2783,-123.405,WSGS84,300,CA,20
SN7-6-27-2023-5,2023-06-27,SN7,49.2783,-123.405,WSGS84,300,CA,5
SN7-6-28-2016-0,2016-06-28,SN7,49.279,-123.4047,WSGS84,300,CA,0
SN7-6-28-2016-10,2016-06-28,SN7,49.2783,-123.405,WSGS84,300,CA,10
SN7-6-28-2016-20,2016-06-28,SN7,49.2783,-123.405,WSGS84,300,CA,20
SN7-6-28-2016-5,2016-06-28,SN7,49.2783,-123.405,WSGS84,300,CA,5
SN7-6-4-2019-0,2019-06-04,SN7,49.2783,-123.405,WSGS84,300,CA,0
SN7-6-4-2019-10,2019-06-04,SN7,49.2783,-123.405,WSGS84,300,CA,10
SN7-6-4-2019-20,2019-06-04,SN7,49.2783,-123.405,WSGS84,300,CA,20
SN7-6-4-2019-5,2019-06-04,SN7,49.2783,-123.405,WSGS84,300,CA,5
SN7-6-5-2018-0,2018-06-05,SN7,49.2783,-123.405,WSGS84,300,CA,0
SN7-6-5-2018-10,2018-06-05,SN7,49.2783,-123.405,WSGS84,300,CA,10
SN7-6-5-2018-20,2018-06-05,SN7,49.2783,-123.405,WSGS84,300,CA,20
SN7-6-5-2018-5,2018-06-05,SN7,49.2783,-123.405,WSGS84,300,CA,5
SN7-6-6-2017-0,2017-06-06,SN7,49.2778,-123.4046,WSGS84,300,CA,0
SN7-6-6-2017-10,2017-06-06,SN7,49.2783,-123.405,WSGS84,300,CA,10
SN7-6-6-2017-20,2017-06-06,SN7,49.2783,-123.405,WSGS84,300,CA,20
SN7-6-6-2017-5,2017-06-06,SN7,49.2783,-123.405,WSGS84,300,CA,5
SN7-6-6-2020-0,2020-06-06,SN7,49.2783,-123.405,WSGS84,300,CA,0
SN7-6-6-2020-10,2020-06-06,SN7,49.2783,-123.405,WSGS84,300,CA,10
SN7-6-6-2020-20,2020-06-06,SN7,49.2783,-123.405,WSGS84,300,CA,20
SN7-6-6-2020-5,2020-06-06,SN7,49.2783,-123.405,WSGS84,300,CA,5
SN7-6-8-2021-0,2021-06-08,SN7,49.2788,-123.4052,WSGS84,300,CA,0
SN7-6-8-2021-10,2021-06-08,SN7,49.2788,-123.4052,WSGS84,300,CA,10
SN7-6-8-2021-20,2021-06-08,SN7,49.2788,-123.4052,WSGS84,300,CA,20
SN7-6-8-2021-5,2021-06-08,SN7,49.2788,-123.4052,WSGS84,300,CA,5
SN7-7-11-2022-0,2022-07-11,SN7,49.2783,-123.405,WSGS84,300,CA,0
SN7-7-11-2022-10,2022-07-11,SN7,49.2783,-123.405,WSGS84,300,CA,10
SN7-7-11-2022-20,2022-07-11,SN7,49.2783,-123.405,WSGS84,300,CA,20
SN7-7-11-2022-5,2022-07-11,SN7,49.2783,-123.405,WSGS84,300,CA,5
SN7-7-15-2015-0,2015-07-15,SN7,49.056,-123.3719,WSGS84,300,CA,0
SN7-7-16-2023-0,2023-07-16,SN7,49.2783,-123.405,WSGS84,300,CA,0
SN7-7-16-2023-10,2023-07-16,SN7,49.2783,-123.405,WSGS84,300,CA,10
SN7-7-16-2023-20,2023-07-16,SN7,49.2783,-123.405,WSGS84,300,CA,20
SN7-7-16-2023-5,2023-07-16,SN7,49.2783,-123.405,WSGS84,300,CA,5
SN7-7-17-2017-0,2017-07-17,SN7,49.2782,-123.4061,WSGS84,300,CA,0
SN7-7-17-2017-10,2017-07-17,SN7,49.2783,-123.405,WSGS84,300,CA,10
SN7-7-17-2017-20,2017-07-17,SN7,49.2783,-123.405,WSGS84,300,CA,20
SN7-7-17-2017-5,2017-07-17,SN7,49.2783,-123.405,WSGS84,300,CA,5
SN7-7-18-2021-0,2021-07-18,SN7,49.2796,-123.4045,WSGS84,300,CA,0
SN7-7-18-2021-10,2021-07-18,SN7,49.2796,-123.4045,WSGS84,300,CA,10
SN7-7-18-2021-20,2021-07-18,SN7,49.2796,-123.4045,WSGS84,300,CA,20
SN7-7-18-2021-5,2021-07-18,SN7,49.2796,-123.4045,WSGS84,300,CA,5
SN7-7-18-2022-0,2022-07-18,SN7,49.2783,-123.405,WSGS84,300,CA,0
SN7-7-18-2022-10,2022-07-18,SN7,49.2783,-123.405,WSGS84,300,CA,10
SN7-7-18-2022-20,2022-07-18,SN7,49.2783,-123.405,WSGS84,300,CA,20
SN7-7-18-2022-5,2022-07-18,SN7,49.2783,-123.405,WSGS84,300,CA,5
SN7-7-21-2019-0,2019-07-21,SN7,49.2783,-123.405,WSGS84,300,CA,0
SN7-7-21-2019-10,2019-07-21,SN7,49.2783,-123.405,WSGS84,300,CA,10
SN7-7-21-2019-20,2019-07-21,SN7,49.2783,-123.405,WSGS84,300,CA,20
SN7-7-21-2019-5,2019-07-21,SN7,49.2783,-123.405,WSGS84,300,CA,5
SN7-7-22-2016-0,2016-07-22,SN7,49.2781,-123.4055,WSGS84,300,CA,0
SN7-7-22-2016-10,2016-07-22,SN7,49.2783,-123.405,WSGS84,300,CA,10
SN7-7-22-2016-20,2016-07-22,SN7,49.2783,-123.405,WSGS84,300,CA,20
SN7-7-22-2016-5,2016-07-22,SN7,49.2783,-123.405,WSGS84,300,CA,5
SN7-7-23-2023-0,2023-07-23,SN7,49.2783,-123.405,WSGS84,300,CA,0
SN7-7-23-2023-10,2023-07-23,SN7,49.2783,-123.405,WSGS84,300,CA,10
SN7-7-23-2023-20,2023-07-23,SN7,49.2783,-123.405,WSGS84,300,CA,20
SN7-7-23-2023-5,2023-07-23,SN7,49.2783,-123.405,WSGS84,300,CA,5
SN7-7-25-2018-0,2018-07-25,SN7,49.2783,-123.405,WSGS84,300,CA,0
SN7-7-25-2018-10,2018-07-25,SN7,49.2783,-123.405,WSGS84,300,CA,10
SN7-7-25-2018-20,2018-07-25,SN7,49.2783,-123.405,WSGS84,300,CA,20
SN7-7-25-2018-5,2018-07-25,SN7,49.2783,-123.405,WSGS84,300,CA,5
SN7-7-29-2020-0,2020-07-29,SN7,49.2783,-123.405,WSGS84,300,CA,0
SN7-7-29-2020-10,2020-07-29,SN7,49.2783,-123.405,WSGS84,300,CA,10
SN7-7-29-2020-20,2020-07-29,SN7,49.2783,-123.405,WSGS84,300,CA,20
SN7-7-29-2020-5,2020-07-29,SN7,49.2783,-123.405,WSGS84,300,CA,5
SN7-7-4-2020-0,2020-07-04,SN7,49.2783,-123.405,WSGS84,300,CA,0
SN7-7-4-2020-10,2020-07-04,SN7,49.2783,-123.405,WSGS84,300,CA,10
SN7-7-4-2020-20,2020-07-04,SN7,49.2783,-123.405,WSGS84,300,CA,20
SN7-7-4-2020-5,2020-07-04,SN7,49.2783,-123.405,WSGS84,300,CA,5
SN7-7-5-2018-0,2018-07-05,SN7,49.2783,-123.405,WSGS84,300,CA,0
SN7-7-5-2018-10,2018-07-05,SN7,49.2783,-123.405,WSGS84,300,CA,10
SN7-7-5-2018-20,2018-07-05,SN7,49.2783,-123.405,WSGS84,300,CA,20
SN7-7-5-2018-5,2018-07-05,SN7,49.2783,-123.405,WSGS84,300,CA,5
SN7-7-6-2016-0,2016-07-06,SN7,49.2784,-123.4059,WSGS84,300,CA,0
SN7-7-6-2016-10,2016-07-06,SN7,49.2783,-123.405,WSGS84,300,CA,10
SN7-7-6-2016-20,2016-07-06,SN7,49.2783,-123.405,WSGS84,300,CA,20
SN7-7-6-2016-5,2016-07-06,SN7,49.2783,-123.405,WSGS84,300,CA,5
SN7-7-6-2017-0,2017-07-06,SN7,49.2783,-123.4051,WSGS84,300,CA,0
SN7-7-6-2017-10,2017-07-06,SN7,49.2783,-123.405,WSGS84,300,CA,10
SN7-7-6-2017-20,2017-07-06,SN7,49.2783,-123.405,WSGS84,300,CA,20
SN7-7-6-2017-5,2017-07-06,SN7,49.2783,-123.405,WSGS84,300,CA,5
SN7-7-7-2019-0,2019-07-07,SN7,49.2783,-123.405,WSGS84,300,CA,0
SN7-7-7-2019-10,2019-07-07,SN7,49.2783,-123.405,WSGS84,300,CA,10
SN7-7-7-2019-20,2019-07-07,SN7,49.2783,-123.405,WSGS84,300,CA,20
SN7-7-7-2019-5,2019-07-07,SN7,49.2783,-123.405,WSGS84,300,CA,5
SN7-7-8-2021-0,2021-07-08,SN7,49.2798,-123.4041,WSGS84,300,CA,0
SN7-7-8-2021-10,2021-07-08,SN7,49.2798,-123.4041,WSGS84,300,CA,10
SN7-7-8-2021-20,2021-07-08,SN7,49.2798,-123.4041,WSGS84,300,CA,20
SN7-7-8-2021-5,2021-07-08,SN7,49.2798,-123.4041,WSGS84,300,CA,5
SN7-8-10-2017-0,2017-08-10,SN7,49.2784,-123.4059,WSGS84,300,CA,0
SN7-8-10-2017-10,2017-08-10,SN7,49.2783,-123.405,WSGS84,300,CA,10
SN7-8-10-2017-20,2017-08-10,SN7,49.2783,-123.405,WSGS84,300,CA,20
SN7-8-10-2017-5,2017-08-10,SN7,49.2783,-123.405,WSGS84,300,CA,5
SN7-8-14-2017-0,2017-08-14,SN7,49.2785,-123.4061,WSGS84,300,CA,0
SN7-8-14-2017-10,2017-08-14,SN7,49.2783,-123.405,WSGS84,300,CA,10
SN7-8-14-2017-20,2017-08-14,SN7,49.2783,-123.405,WSGS84,300,CA,20
SN7-8-14-2017-5,2017-08-14,SN7,49.2783,-123.405,WSGS84,300,CA,5
SN7-8-14-2018-0,2018-08-14,SN7,49.2783,-123.405,WSGS84,300,CA,0
SN7-8-14-2018-10,2018-08-14,SN7,49.2783,-123.405,WSGS84,300,CA,10
SN7-8-14-2018-20,2018-08-14,SN7,49.2783,-123.405,WSGS84,300,CA,20
SN7-8-14-2018-5,2018-08-14,SN7,49.2783,-123.405,WSGS84,300,CA,5
SN7-8-16-2021-0,2021-08-16,SN7,49.2783,-123.405,WSGS84,300,CA,0
SN7-8-16-2021-10,2021-08-16,SN7,49.2783,-123.405,WSGS84,300,CA,10
SN7-8-16-2021-20,2021-08-16,SN7,49.2783,-123.405,WSGS84,300,CA,20
SN7-8-16-2021-5,2021-08-16,SN7,49.2783,-123.405,WSGS84,300,CA,5
SN7-8-16-2022-0,2022-08-16,SN7,49.2783,-123.405,WSGS84,300,CA,0
SN7-8-16-2022-10,2022-08-16,SN7,49.2783,-123.405,WSGS84,300,CA,10
SN7-8-16-2022-20,2022-08-16,SN7,49.2783,-123.405,WSGS84,300,CA,20
SN7-8-16-2022-5,2022-08-16,SN7,49.2783,-123.405,WSGS84,300,CA,5
SN7-8-23-2016-0,2016-08-23,SN7,49.2784,-123.4048,WSGS84,300,CA,0
SN7-8-23-2016-10,2016-08-23,SN7,49.2783,-123.405,WSGS84,300,CA,10
SN7-8-23-2016-20,2016-08-23,SN7,49.2783,-123.405,WSGS84,300,CA,20
SN7-8-23-2016-5,2016-08-23,SN7,49.2783,-123.405,WSGS84,300,CA,5
SN7-8-23-2018-10,2018-08-23,SN7,49.2783,-123.405,WSGS84,300,CA,10
SN7-8-23-2018-20,2018-08-23,SN7,49.2783,-123.405,WSGS84,300,CA,20
SN7-8-23-2018-5,2018-08-23,SN7,49.2783,-123.405,WSGS84,300,CA,5
SN7-8-24-2020-0,2020-08-24,SN7,49.2783,-123.405,WSGS84,300,CA,0
SN7-8-24-2020-10,2020-08-24,SN7,49.2783,-123.405,WSGS84,300,CA,10
SN7-8-24-2020-20,2020-08-24,SN7,49.2783,-123.405,WSGS84,300,CA,20
SN7-8-24-2020-5,2020-08-24,SN7,49.2783,-123.405,WSGS84,300,CA,5
SN7-8-26-2023-0,2023-08-26,SN7,49.2783,-123.405,WSGS84,300,CA,0
SN7-8-26-2023-10,2023-08-26,SN7,49.2783,-123.405,WSGS84,300,CA,10
SN7-8-26-2023-20,2023-08-26,SN7,49.2783,-123.405,WSGS84,300,CA,20
SN7-8-26-2023-5,2023-08-26,SN7,49.2783,-123.405,WSGS84,300,CA,5
SN7-8-28-2021-0,2021-08-28,SN7,49.2789,-123.4053,WSGS84,300,CA,0
SN7-8-28-2021-10,2021-08-28,SN7,49.2789,-123.4053,WSGS84,300,CA,10
SN7-8-28-2021-20,2021-08-28,SN7,49.2789,-123.4053,WSGS84,300,CA,20
SN7-8-28-2021-5,2021-08-28,SN7,49.2789,-123.4053,WSGS84,300,CA,5
SN7-8-3-2016-0,2016-08-03,SN7,49.2786,-123.4057,WSGS84,300,CA,0
SN7-8-3-2016-10,2016-08-03,SN7,49.2783,-123.405,WSGS84,300,CA,10
SN7-8-3-2016-20,2016-08-03,SN7,49.2783,-123.405,WSGS84,300,CA,20
SN7-8-3-2016-5,2016-08-03,SN7,49.2783,-123.405,WSGS84,300,CA,5
SN7-8-5-2019-0,2019-08-05,SN7,49.2783,-123.405,WSGS84,300,CA,0
SN7-8-5-2019-10,2019-08-05,SN7,49.2783,-123.405,WSGS84,300,CA,10
SN7-8-5-2019-20,2019-08-05,SN7,49.2783,-123.405,WSGS84,300,CA,20
SN7-8-5-2019-5,2019-08-05,SN7,49.2783,-123.405,WSGS84,300,CA,5
SN7-8-5-2020-0,2020-08-05,SN7,49.2783,-123.405,WSGS84,300,CA,0
SN7-8-5-2020-10,2020-08-05,SN7,49.2783,-123.405,WSGS84,300,CA,10
SN7-8-5-2020-20,2020-08-05,SN7,49.2783,-123.405,WSGS84,300,CA,20
SN7-8-5-2020-5,2020-08-05,SN7,49.2783,-123.405,WSGS84,300,CA,5
SN7-8-6-2015-0,2015-08-06,SN7,49.055,-123.3717,WSGS84,300,CA,0
SN7-8-9-2016-0,2016-08-09,SN7,49.278,-123.4047,WSGS84,300,CA,0
SN7-8-9-2016-10,2016-08-09,SN7,49.2783,-123.405,WSGS84,300,CA,10
SN7-8-9-2016-20,2016-08-09,SN7,49.2783,-123.405,WSGS84,300,CA,20
SN7-8-9-2016-5,2016-08-09,SN7,49.2783,-123.405,WSGS84,300,CA,5
SN7-8-9-2022-0,2022-08-09,SN7,49.2783,-123.405,WSGS84,300,CA,0
SN7-8-9-2022-10,2022-08-09,SN7,49.2783,-123.405,WSGS84,300,CA,10
SN7-8-9-2022-20,2022-08-09,SN7,49.2783,-123.405,WSGS84,300,CA,20
SN7-8-9-2022-5,2022-08-09,SN7,49.2783,-123.405,WSGS84,300,CA,5
SN7-9-11-2022-0,2022-09-11,SN7,49.2783,-123.405,WSGS84,300,CA,0
SN7-9-11-2022-10,2022-09-11,SN7,49.2783,-123.405,WSGS84,300,CA,10
SN7-9-11-2022-20,2022-09-11,SN7,49.2783,-123.405,WSGS84,300,CA,20
SN7-9-11-2022-5,2022-09-11,SN7,49.2783,-123.405,WSGS84,300,CA,5
SN7-9-14-2015-0,2015-09-14,SN7,49.055,-123.3717,WSGS84,300,CA,0
SN7-9-15-2022-0,2022-09-15,SN7,49.2783,-123.405,WSGS84,300,CA,0
SN7-9-15-2022-10,2022-09-15,SN7,49.2783,-123.405,WSGS84,300,CA,10
SN7-9-15-2022-20,2022-09-15,SN7,49.2783,-123.405,WSGS84,300,CA,20
SN7-9-15-2022-5,2022-09-15,SN7,49.2783,-123.405,WSGS84,300,CA,5
SN7-9-16-2021-0,2021-09-16,SN7,49.2791,-123.405,WSGS84,300,CA,0
SN7-9-16-2021-10,2021-09-16,SN7,49.2791,-123.405,WSGS84,300,CA,10
SN7-9-16-2021-20,2021-09-16,SN7,49.2791,-123.405,WSGS84,300,CA,20
SN7-9-16-2021-5,2021-09-16,SN7,49.2791,-123.405,WSGS84,300,CA,5
SN7-9-18-2020-0,2020-09-18,SN7,49.2783,-123.405,WSGS84,300,CA,0
SN7-9-18-2020-10,2020-09-18,SN7,49.2783,-123.405,WSGS84,300,CA,10
SN7-9-18-2020-20,2020-09-18,SN7,49.2783,-123.405,WSGS84,300,CA,20
SN7-9-18-2020-5,2020-09-18,SN7,49.2783,-123.405,WSGS84,300,CA,5
SN7-9-23-2016-0,2016-09-23,SN7,49.2784,-123.4057,WSGS84,300,CA,0
SN7-9-23-2016-10,2016-09-23,SN7,49.2783,-123.405,WSGS84,300,CA,10
SN7-9-23-2016-20,2016-09-23,SN7,49.2783,-123.405,WSGS84,300,CA,20
SN7-9-23-2016-5,2016-09-23,SN7,49.2783,-123.405,WSGS84,300,CA,5
SN7-9-23-2021-0,2021-09-23,SN7,49.2793,-123.4049,WSGS84,300,CA,0
SN7-9-23-2021-10,2021-09-23,SN7,49.2793,-123.4049,WSGS84,300,CA,10
SN7-9-23-2021-20,2021-09-23,SN7,49.2793,-123.4049,WSGS84,300,CA,20
SN7-9-23-2021-5,2021-09-23,SN7,49.2793,-123.4049,WSGS84,300,CA,5
SN7-9-26-2017-0,2017-09-26,SN7,49.2784,-123.4051,WSGS84,300,CA,0
SN7-9-26-2017-10,2017-09-26,SN7,49.2783,-123.405,WSGS84,300,CA,10
SN7-9-26-2017-20,2017-09-26,SN7,49.2783,-123.405,WSGS84,300,CA,20
SN7-9-26-2017-5,2017-09-26,SN7,49.2783,-123.405,WSGS84,300,CA,5
SN7-9-26-2020-0,2020-09-26,SN7,49.2783,-123.405,WSGS84,300,CA,0
SN7-9-26-2020-10,2020-09-26,SN7,49.2783,-123.405,WSGS84,300,CA,10
SN7-9-26-2020-20,2020-09-26,SN7,49.2783,-123.405,WSGS84,300,CA,20
SN7-9-26-2020-5,2020-09-26,SN7,49.2783,-123.405,WSGS84,300,CA,5
SN7-9-27-2018-0,2018-09-27,SN7,49.2783,-123.405,WSGS84,300,CA,0
SN7-9-27-2018-10,2018-09-27,SN7,49.2783,-123.405,WSGS84,300,CA,10
SN7-9-27-2018-20,2018-09-27,SN7,49.2783,-123.405,WSGS84,300,CA,20
SN7-9-27-2018-5,2018-09-27,SN7,49.2783,-123.405,WSGS84,300,CA,5
SN7-9-6-2017-0,2017-09-06,SN7,49.2781,-123.4054,WSGS84,300,CA,0
SN7-9-6-2017-10,2017-09-06,SN7,49.2783,-123.405,WSGS84,300,CA,10
SN7-9-6-2017-20,2017-09-06,SN7,49.2783,-123.405,WSGS84,300,CA,20
SN7-9-6-2017-5,2017-09-06,SN7,49.2783,-123.405,WSGS84,300,CA,5
SN7-9-7-2018-0,2018-09-07,SN7,49.2783,-123.405,WSGS84,300,CA,0
SN7-9-7-2018-10,2018-09-07,SN7,49.2783,-123.405,WSGS84,300,CA,10
SN7-9-7-2018-20,2018-09-07,SN7,49.2783,-123.405,WSGS84,300,CA,20
SN7-9-7-2018-5,2018-09-07,SN7,49.2783,-123.405,WSGS84,300,CA,5
SN7-9-9-2016-0,2016-09-09,SN7,49.2784,-123.4051,WSGS84,300,CA,0
SN7-9-9-2016-10,2016-09-09,SN7,49.2783,-123.405,WSGS84,300,CA,10
SN7-9-9-2016-20,2016-09-09,SN7,49.2783,-123.405,WSGS84,300,CA,20
SN7-9-9-2016-5,2016-09-09,SN7,49.2783,-123.405,WSGS84,300,CA,5
SN8-1-14-2021-0,2021-01-14,SN8,49.3267,-123.305,WSGS84,300,CA,0
SN8-1-16-2022-0,2022-01-16,SN8,49.3267,-123.305,WSGS84,300,CA,0
SN8-1-24-2019-0,2019-01-24,SN8,49.3267,-123.305,WSGS84,300,CA,0
SN8-10-15-2023-0,2023-10-15,SN8,49.3267,-123.305,WSGS84,300,CA,0
SN8-10-19-2017-0,2017-10-19,SN8,49.3269,-123.3052,WSGS84,300,CA,0
SN8-10-19-2021-0,2021-10-19,SN8,49.3271,-123.3051,WSGS84,300,CA,0
SN8-10-2-2020-0,2020-10-02,SN8,49.3267,-123.305,WSGS84,300,CA,0
SN8-10-7-2022-0,2022-10-07,SN8,49.3267,-123.305,WSGS84,300,CA,0
SN8-11-28-2018-0,2018-11-28,SN8,49.3267,-123.305,WSGS84,300,CA,0
SN8-12-8-2020-0,2020-12-08,SN8,49.3267,-123.305,WSGS84,300,CA,0
SN8-12-9-2021-0,2021-12-09,SN8,49.3267,-123.305,WSGS84,300,CA,0
SN8-2-21-2022-0,2022-02-21,SN8,49.3267,-123.305,WSGS84,300,CA,0
SN8-2-24-2021-0,2021-02-24,SN8,49.3271,-123.304,WSGS84,300,CA,0
SN8-2-26-2020-0,2020-02-26,SN8,49.3267,-123.305,WSGS84,300,CA,0
SN8-3-10-2021-0,2021-03-10,SN8,49.3267,-123.305,WSGS84,300,CA,0
SN8-3-10-2022-0,2022-03-10,SN8,49.3267,-123.305,WSGS84,300,CA,0
SN8-3-12-2023-0,2023-03-12,SN8,49.3267,-123.305,WSGS84,300,CA,0
SN8-3-15-2018-0,2018-03-15,SN8,49.3267,-123.305,WSGS84,300,CA,0
SN8-3-16-2019-0,2019-03-16,SN8,49.3267,-123.305,WSGS84,300,CA,0
SN8-3-16-2020-0,2020-03-16,SN8,49.3267,-123.305,WSGS84,300,CA,0
SN8-3-16-2022-0,2022-03-16,SN8,49.3267,-123.305,WSGS84,300,CA,0
SN8-3-17-2016-0,2016-03-17,SN8,49.3269,-123.3048,WSGS84,300,CA,0
SN8-3-23-2021-0,2021-03-23,SN8,49.3263,-123.3059,WSGS84,300,CA,0
SN8-3-24-2020-0,2020-03-24,SN8,49.3267,-123.305,WSGS84,300,CA,0
SN8-3-24-2022-0,2022-03-24,SN8,49.3267,-123.305,WSGS84,300,CA,0
SN8-3-27-2018-0,2018-03-27,SN8,49.3267,-123.305,WSGS84,300,CA,0
SN8-3-27-2021-0,2021-03-27,SN8,49.3274,-123.3067,WSGS84,300,CA,0
SN8-3-30-2016-0,2016-03-30,SN8,49.3267,-123.305,WSGS84,300,CA,0
SN8-3-30-2019-0,2019-03-30,SN8,49.3267,-123.305,WSGS84,300,CA,0
SN8-3-30-2022-0,2022-03-30,SN8,49.3267,-123.305,WSGS84,300,CA,0
SN8-3-30-2023-0,2023-03-30,SN8,49.3267,-123.305,WSGS84,300,CA,0
SN8-3-7-2023-0,2023-03-07,SN8,49.3267,-123.305,WSGS84,300,CA,0
SN8-3-9-2017-0,2017-03-09,SN8,49.3261,-123.306,WSGS84,300,CA,0
SN8-3-9-2019-0,2019-03-09,SN8,49.3267,-123.305,WSGS84,300,CA,0
SN8-3-9-2020-0,2020-03-09,SN8,49.3267,-123.305,WSGS84,300,CA,0
SN8-4-10-2019-0,2019-04-10,SN8,49.3267,-123.305,WSGS84,300,CA,0
SN8-4-12-2017-0,2017-04-12,SN8,49.3258,-123.3053,WSGS84,300,CA,0
SN8-4-13-2016-0,2016-04-13,SN8,49.3269,-123.3057,WSGS84,300,CA,0
SN8-4-14-2022-0,2022-04-14,SN8,49.3267,-123.305,WSGS84,300,CA,0
SN8-4-14-2023-0,2023-04-14,SN8,49.3267,-123.305,WSGS84,300,CA,0
SN8-4-15-2021-0,2021-04-15,SN8,49.3262,-123.3045,WSGS84,300,CA,0
SN8-4-17-2019-0,2019-04-17,SN8,49.3267,-123.305,WSGS84,300,CA,0
SN8-4-18-2016-0,2016-04-18,SN8,49.3267,-123.305,WSGS84,300,CA,0
SN8-4-19-2021-0,2021-04-19,SN8,49.327,-123.303,WSGS84,300,CA,0
SN8-4-2-2020-0,2020-04-02,SN8,49.3267,-123.305,WSGS84,300,CA,0
SN8-4-21-2023-0,2023-04-21,SN8,49.3267,-123.305,WSGS84,300,CA,0
SN8-4-22-2020-0,2020-04-22,SN8,49.3267,-123.305,WSGS84,300,CA,0
SN8-4-22-2022-0,2022-04-22,SN8,49.3267,-123.305,WSGS84,300,CA,0
SN8-4-26-2018-0,2018-04-26,SN8,49.3267,-123.305,WSGS84,300,CA,0
SN8-4-26-2023-0,2023-04-26,SN8,49.3267,-123.305,WSGS84,300,CA,0
SN8-4-27-2016-0,2016-04-27,SN8,49.3265,-123.3047,WSGS84,300,CA,0
SN8-4-30-2020-0,2020-04-30,SN8,49.3267,-123.305,WSGS84,300,CA,0
SN8-4-6-2021-0,2021-04-06,SN8,49.3269,-123.3049,WSGS84,300,CA,0
SN8-4-7-2022-0,2022-04-07,SN8,49.3267,-123.305,WSGS84,300,CA,0
SN8-5-10-2016-0,2016-05-10,SN8,49.3267,-123.305,WSGS84,300,CA,0
SN8-5-10-2018-0,2018-05-10,SN8,49.3267,-123.305,WSGS84,300,CA,0
SN8-5-12-2021-0,2021-05-12,SN8,49.327,-123.3056,WSGS84,300,CA,0
SN8-5-14-2020-0,2020-05-14,SN8,49.3267,-123.305,WSGS84,300,CA,0
SN8-5-16-2018-0,2018-05-16,SN8,49.3267,-123.305,WSGS84,300,CA,0
SN8-5-17-2016-0,2016-05-17,SN8,49.3268,-123.3047,WSGS84,300,CA,0
SN8-5-20-2021-0,2021-05-20,SN8,49.328,-123.3039,WSGS84,300,CA,0
SN8-5-21-2022-0,2022-05-21,SN8,49.3267,-123.305,WSGS84,300,CA,0
SN8-5-22-2019-0,2019-05-22,SN8,49.3267,-123.305,WSGS84,300,CA,0
SN8-5-24-2016-0,2016-05-24,SN8,49.3268,-123.3051,WSGS84,300,CA,0
SN8-5-24-2017-0,2017-05-24,SN8,49.327,-123.3058,WSGS84,300,CA,0
SN8-5-28-2018-0,2018-05-28,SN8,49.3267,-123.305,WSGS84,300,CA,0
SN8-5-28-2023-0,2023-05-28,SN8,49.3267,-123.305,WSGS84,300,CA,0
SN8-5-3-2023-0,2023-05-03,SN8,49.3267,-123.305,WSGS84,300,CA,0
SN8-5-7-2020-0,2020-05-07,SN8,49.3267,-123.305,WSGS84,300,CA,0
SN8-5-9-2019-0,2019-05-09,SN8,49.3267,-123.305,WSGS84,300,CA,0
SN8-6-15-2021-0,2021-06-15,SN8,49.3279,-123.3063,WSGS84,300,CA,0
SN8-6-15-2022-0,2022-06-15,SN8,49.3267,-123.305,WSGS84,300,CA,0
SN8-6-16-2016-0,2016-06-16,SN8,49.3269,-123.3057,WSGS84,300,CA,0
SN8-6-20-2019-0,2019-06-20,SN8,49.3267,-123.305,WSGS84,300,CA,0
SN8-6-20-2022-0,2022-06-20,SN8,49.3267,-123.305,WSGS84,300,CA,0
SN8-6-26-2020-0,2020-06-26,SN8,49.3267,-123.305,WSGS84,300,CA,0
SN8-6-27-2023-0,2023-06-27,SN8,49.3267,-123.305,WSGS84,300,CA,0
SN8-6-28-2016-0,2016-06-28,SN8,49.3268,-123.3048,WSGS84,300,CA,0
SN8-6-4-2019-0,2019-06-04,SN8,49.3267,-123.305,WSGS84,300,CA,0
SN8-6-5-2018-0,2018-06-05,SN8,49.3267,-123.305,WSGS84,300,CA,0
SN8-6-6-2020-0,2020-06-06,SN8,49.3267,-123.305,WSGS84,300,CA,0
SN8-6-8-2021-0,2021-06-08,SN8,49.3283,-123.3035,WSGS84,300,CA,0
SN8-7-11-2022-0,2022-07-11,SN8,49.3267,-123.305,WSGS84,300,CA,0
SN8-7-16-2023-0,2023-07-16,SN8,49.3267,-123.305,WSGS84,300,CA,0
SN8-7-17-2017-0,2017-07-17,SN8,49.3266,-123.3047,WSGS84,300,CA,0
SN8-7-18-2021-0,2021-07-18,SN8,49.3267,-123.3059,WSGS84,300,CA,0
SN8-7-18-2022-0,2022-07-18,SN8,49.3267,-123.305,WSGS84,300,CA,0
SN8-7-21-2019-0,2019-07-21,SN8,49.3267,-123.305,WSGS84,300,CA,0
SN8-7-22-2016-0,2016-07-22,SN8,49.327,-123.3057,WSGS84,300,CA,0
SN8-7-23-2023-0,2023-07-23,SN8,49.3267,-123.305,WSGS84,300,CA,0
SN8-7-25-2018-0,2018-07-25,SN8,49.3267,-123.305,WSGS84,300,CA,0
SN8-7-27-2016-0,2016-07-27,SN8,49.327,-123.305,WSGS84,300,CA,0
SN8-7-29-2020-0,2020-07-29,SN8,49.3267,-123.305,WSGS84,300,CA,0
SN8-7-4-2020-0,2020-07-04,SN8,49.3267,-123.305,WSGS84,300,CA,0
SN8-7-5-2018-0,2018-07-05,SN8,49.3267,-123.305,WSGS84,300,CA,0
SN8-7-6-2016-0,2016-07-06,SN8,49.3268,-123.305,WSGS84,300,CA,0
SN8-7-6-2017-0,2017-07-06,SN8,49.3268,-123.3052,WSGS84,300,CA,0
SN8-7-7-2019-0,2019-07-07,SN8,49.3267,-123.305,WSGS84,300,CA,0
SN8-7-8-2021-0,2021-07-08,SN8,49.3275,-123.3036,WSGS84,300,CA,0
SN8-8-10-2017-0,2017-08-10,SN8,49.3267,-123.3049,WSGS84,300,CA,0
SN8-8-14-2017-0,2017-08-14,SN8,49.3266,-123.3051,WSGS84,300,CA,0
SN8-8-14-2018-0,2018-08-14,SN8,49.3267,-123.305,WSGS84,300,CA,0
SN8-8-16-2021-0,2021-08-16,SN8,49.3267,-123.305,WSGS84,300,CA,0
SN8-8-16-2022-0,2022-08-16,SN8,49.3267,-123.305,WSGS84,300,CA,0
SN8-8-23-2016-0,2016-08-23,SN8,49.3267,-123.3048,WSGS84,300,CA,0
SN8-8-23-2018-0,2018-08-23,SN8,49.3267,-123.305,WSGS84,300,CA,0
SN8-8-24-2020-0,2020-08-24,SN8,49.3267,-123.305,WSGS84,300,CA,0
SN8-8-26-2023-0,2023-08-26,SN8,49.3267,-123.305,WSGS84,300,CA,0
SN8-8-28-2021-0,2021-08-28,SN8,49.3268,-123.3049,WSGS84,300,CA,0
SN8-8-3-2016-0,2016-08-03,SN8,49.327,-123.3056,WSGS84,300,CA,0
SN8-8-5-2019-0,2019-08-05,SN8,49.3267,-123.305,WSGS84,300,CA,0
SN8-8-5-2020-0,2020-08-05,SN8,49.3267,-123.305,WSGS84,300,CA,0
SN8-8-9-2016-0,2016-08-09,SN8,49.327,-123.3058,WSGS84,300,CA,0
SN8-8-9-2022-0,2022-08-09,SN8,49.3267,-123.305,WSGS84,300,CA,0
SN8-9-11-2022-0,2022-09-11,SN8,49.3267,-123.305,WSGS84,300,CA,0
SN8-9-15-2022-0,2022-09-15,SN8,49.3267,-123.305,WSGS84,300,CA,0
SN8-9-16-2021-0,2021-09-16,SN8,49.327,-123.3032,WSGS84,300,CA,0
SN8-9-18-2020-0,2020-09-18,SN8,49.3267,-123.305,WSGS84,300,CA,0
SN8-9-23-2016-0,2016-09-23,SN8,49.3261,-123.3063,WSGS84,300,CA,0
SN8-9-23-2021-0,2021-09-23,SN8,49.3272,-123.3046,WSGS84,300,CA,0
SN8-9-26-2017-0,2017-09-26,SN8,49.3264,-123.3043,WSGS84,300,CA,0
SN8-9-27-2018-0,2018-09-27,SN8,49.3267,-123.305,WSGS84,300,CA,0
SN8-9-6-2017-0,2017-09-06,SN8,49.3267,-123.3047,WSGS84,300,CA,0
SN8-9-7-2018-0,2018-09-07,SN8,49.3267,-123.305,WSGS84,300,CA,0
SN8-9-9-2016-0,2016-09-09,SN8,49.3267,-123.3047,WSGS84,300,CA,0
SS1-10-12-2023-0,2023-10-12,SS1,49.3667,-123.55,WSGS84,300,CA,0
SS1-11-15-2019-0,2019-11-15,SS1,49.3667,-123.55,WSGS84,300,CA,0
SS1-2-24-2022-0,2022-02-24,SS1,49.3667,-123.55,WSGS84,300,CA,0
SS1-2-27-2020-0,2020-02-27,SS1,49.3667,-123.55,WSGS84,300,CA,0
SS1-3-10-2022-0,2022-03-10,SS1,49.3667,-123.55,WSGS84,300,CA,0
SS1-3-15-2023-0,2023-03-15,SS1,49.3667,-123.55,WSGS84,300,CA,0
SS1-3-17-2019-0,2019-03-17,SS1,49.3667,-123.55,WSGS84,300,CA,0
SS1-3-18-2020-0,2020-03-18,SS1,49.3667,-123.5497,WSGS84,300,CA,0
SS1-3-22-2021-0,2021-03-22,SS1,49.3667,-123.55,WSGS84,300,CA,0
SS1-3-24-2022-0,2022-03-24,SS1,49.3667,-123.55,WSGS84,300,CA,0
SS1-3-25-2020-0,2020-03-25,SS1,49.3669,-123.55,WSGS84,300,CA,0
SS1-3-26-2021-0,2021-03-26,SS1,49.3672,-123.5507,WSGS84,300,CA,0
SS1-3-30-2023-0,2023-03-30,SS1,49.3667,-123.55,WSGS84,300,CA,0
SS1-3-7-2023-0,2023-03-07,SS1,49.3667,-123.55,WSGS84,300,CA,0
SS1-3-9-2020-0,2020-03-09,SS1,49.3669,-123.5508,WSGS84,300,CA,0
SS1-4-13-2023-0,2023-04-13,SS1,49.3667,-123.55,WSGS84,300,CA,0
SS1-4-16-2019-0,2019-04-16,SS1,49.3667,-123.55,WSGS84,300,CA,0
SS1-4-18-2021-0,2021-04-18,SS1,49.3658,-123.5492,WSGS84,300,CA,0
SS1-4-22-2020-0,2020-04-22,SS1,49.3667,-123.55,WSGS84,300,CA,0
SS1-4-22-2022-0,2022-04-22,SS1,49.3667,-123.55,WSGS84,300,CA,0
SS1-4-27-2023-0,2023-04-27,SS1,49.3667,-123.55,WSGS84,300,CA,0
SS1-4-28-2020-0,2020-04-28,SS1,49.3663,-123.5515,WSGS84,300,CA,0
SS1-4-6-2021-0,2021-04-06,SS1,49.3665,-123.5501,WSGS84,300,CA,0
SS1-4-7-2022-0,2022-04-07,SS1,49.3667,-123.55,WSGS84,300,CA,0
SS1-5-15-2020-0,2020-05-15,SS1,49.3676,-123.5379,WSGS84,300,CA,0
SS1-5-18-2021-0,2021-05-18,SS1,49.3674,-123.5505,WSGS84,300,CA,0
SS1-5-2-2023-0,2023-05-02,SS1,49.3667,-123.55,WSGS84,300,CA,0
SS1-5-23-2019-0,2019-05-23,SS1,49.3667,-123.55,WSGS84,300,CA,0
SS1-5-28-2023-0,2023-05-28,SS1,49.3667,-123.55,WSGS84,300,CA,0
SS1-5-7-2020-0,2020-05-07,SS1,49.3666,-123.5504,WSGS84,300,CA,0
SS1-5-9-2019-0,2019-05-09,SS1,49.3667,-123.55,WSGS84,300,CA,0
SS1-5-9-2021-0,2021-05-09,SS1,49.3677,-123.5523,WSGS84,300,CA,0
SS1-6-15-2023-0,2023-06-15,SS1,49.3667,-123.55,WSGS84,300,CA,0
SS1-6-17-2021-0,2021-06-17,SS1,49.3668,-123.5499,WSGS84,300,CA,0
SS1-6-20-2019-0,2019-06-20,SS1,49.3667,-123.55,WSGS84,300,CA,0
SS1-6-25-2023-0,2023-06-25,SS1,49.3667,-123.55,WSGS84,300,CA,0
SS1-6-6-2019-0,2019-06-06,SS1,49.3667,-123.55,WSGS84,300,CA,0
SS1-6-6-2020-0,2020-06-06,SS1,49.3667,-123.55,WSGS84,300,CA,0
SS1-6-8-2021-0,2021-06-08,SS1,49.3662,-123.5494,WSGS84,300,CA,0
SS1-7-17-2023-0,2023-07-17,SS1,49.3667,-123.55,WSGS84,300,CA,0
SS1-7-18-2021-0,2021-07-18,SS1,49.3667,-123.5468,WSGS84,300,CA,0
SS1-7-21-2022-0,2022-07-21,SS1,49.3667,-123.55,WSGS84,300,CA,0
SS1-7-23-2023-0,2023-07-23,SS1,49.3667,-123.55,WSGS84,300,CA,0
SS1-7-25-2019-0,2019-07-25,SS1,49.3667,-123.55,WSGS84,300,CA,0
SS1-7-29-2020-0,2020-07-29,SS1,49.3667,-123.55,WSGS84,300,CA,0
SS1-7-7-2020-0,2020-07-07,SS1,49.3673,-123.5501,WSGS84,300,CA,0
SS1-7-8-2019-0,2019-07-08,SS1,49.3667,-123.55,WSGS84,300,CA,0
SS1-7-8-2021-0,2021-07-08,SS1,49.3674,-123.5498,WSGS84,300,CA,0
SS1-8-11-2022-0,2022-08-11,SS1,49.3667,-123.55,WSGS84,300,CA,0
SS1-8-16-2023-0,2023-08-16,SS1,49.3667,-123.55,WSGS84,300,CA,0
SS1-8-26-2023-0,2023-08-26,SS1,49.3667,-123.55,WSGS84,300,CA,0
SS1-8-27-2020-0,2020-08-27,SS1,49.3662,-123.5502,WSGS84,300,CA,0
SS1-8-3-2020-0,2020-08-03,SS1,49.3665,-123.5498,WSGS84,300,CA,0
SS1-9-1-2021-0,2021-09-01,SS1,49.3661,-123.5528,WSGS84,300,CA,0
SS1-9-13-2023-0,2023-09-13,SS1,49.3667,-123.55,WSGS84,300,CA,0
SS1-9-15-2020-0,2020-09-15,SS1,49.3669,-123.5499,WSGS84,300,CA,0
SS1-9-19-2021-0,2021-09-19,SS1,49.3664,-123.5556,WSGS84,300,CA,0
SS1-9-20-2019-0,2019-09-20,SS1,49.3667,-123.55,WSGS84,300,CA,0
SS1-9-22-2023-0,2023-09-22,SS1,49.3667,-123.55,WSGS84,300,CA,0
SS1-9-23-2021-0,2021-09-23,SS1,49.3668,-123.5499,WSGS84,300,CA,0
SS1-9-30-2020-0,2020-09-30,SS1,49.3666,-123.55,WSGS84,300,CA,0
SS1-9-6-2019-0,2019-09-06,SS1,49.3667,-123.55,WSGS84,300,CA,0
SS2-10-12-2023-0,2023-10-12,SS2,49.3417,-123.5708,WSGS84,300,CA,0
SS2-11-15-2019-0,2019-11-15,SS2,49.3417,-123.5708,WSGS84,300,CA,0
SS2-2-24-2022-0,2022-02-24,SS2,49.3417,-123.5708,WSGS84,300,CA,0
SS2-3-10-2022-0,2022-03-10,SS2,49.3417,-123.5708,WSGS84,300,CA,0
SS2-3-15-2023-0,2023-03-15,SS2,49.3417,-123.5708,WSGS84,300,CA,0
SS2-3-17-2019-0,2019-03-17,SS2,49.3417,-123.5708,WSGS84,300,CA,0
SS2-3-18-2020-0,2020-03-18,SS2,49.3418,-123.5707,WSGS84,300,CA,0
SS2-3-23-2021-0,2021-03-23,SS2,49.3417,-123.5708,WSGS84,300,CA,0
SS2-3-24-2022-0,2022-03-24,SS2,49.3417,-123.5708,WSGS84,300,CA,0
SS2-3-26-2021-0,2021-03-26,SS2,49.3416,-123.5708,WSGS84,300,CA,0
SS2-3-30-2023-0,2023-03-30,SS2,49.3417,-123.5708,WSGS84,300,CA,0
SS2-3-7-2023-0,2023-03-07,SS2,49.3417,-123.5708,WSGS84,300,CA,0
SS2-3-9-2020-0,2020-03-09,SS2,49.3423,-123.5713,WSGS84,300,CA,0
SS2-4-13-2023-0,2023-04-13,SS2,49.3417,-123.5708,WSGS84,300,CA,0
SS2-4-16-2019-0,2019-04-16,SS2,49.3417,-123.5708,WSGS84,300,CA,0
SS2-4-18-2021-0,2021-04-18,SS2,49.3417,,WSGS84,300,CA,0
SS2-4-22-2020-0,2020-04-22,SS2,49.342,-123.5706,WSGS84,300,CA,0
SS2-4-22-2022-0,2022-04-22,SS2,49.3417,-123.5708,WSGS84,300,CA,0
SS2-4-27-2023-0,2023-04-27,SS2,49.3417,-123.5708,WSGS84,300,CA,0
SS2-4-28-2020-0,2020-04-28,SS2,49.3422,-123.5711,WSGS84,300,CA,0
SS2-4-6-2021-0,2021-04-06,SS2,49.3417,-123.5708,WSGS84,300,CA,0
SS2-4-7-2022-0,2022-04-07,SS2,49.3417,-123.5708,WSGS84,300,CA,0
SS2-5-15-2020-0,2020-05-15,SS2,49.3417,-123.5708,WSGS84,300,CA,0
SS2-5-18-2021-0,2021-05-18,SS2,49.3415,-123.571,WSGS84,300,CA,0
SS2-5-2-2023-0,2023-05-02,SS2,49.3417,-123.5708,WSGS84,300,CA,0
SS2-5-23-2019-0,2019-05-23,SS2,49.3417,-123.5708,WSGS84,300,CA,0
SS2-5-28-2023-0,2023-05-28,SS2,49.3417,-123.5708,WSGS84,300,CA,0
SS2-5-7-2020-0,2020-05-07,SS2,49.3417,-123.5705,WSGS84,300,CA,0
SS2-5-9-2019-0,2019-05-09,SS2,49.3417,-123.5708,WSGS84,300,CA,0
SS2-5-9-2021-0,2021-05-09,SS2,49.3419,-123.5708,WSGS84,300,CA,0
SS2-6-15-2023-0,2023-06-15,SS2,49.3417,-123.5708,WSGS84,300,CA,0
SS2-6-17-2021-0,2021-06-17,SS2,49.3434,-123.5718,WSGS84,300,CA,0
SS2-6-25-2023-0,2023-06-25,SS2,49.3417,-123.5708,WSGS84,300,CA,0
SS2-6-6-2019-0,2019-06-06,SS2,49.3417,-123.5708,WSGS84,300,CA,0
SS2-6-6-2020-0,2020-06-06,SS2,49.3417,-123.5708,WSGS84,300,CA,0
SS2-6-8-2021-0,2021-06-08,SS2,49.3417,-123.5706,WSGS84,300,CA,0
SS2-7-17-2023-0,2023-07-17,SS2,49.3417,-123.5708,WSGS84,300,CA,0
SS2-7-18-2021-0,2021-07-18,SS2,49.3422,-123.5701,WSGS84,300,CA,0
SS2-7-21-2022-0,2022-07-21,SS2,49.3417,-123.5708,WSGS84,300,CA,0
SS2-7-23-2023-0,2023-07-23,SS2,49.3417,-123.5708,WSGS84,300,CA,0
SS2-7-25-2019-0,2019-07-25,SS2,49.3417,-123.5708,WSGS84,300,CA,0
SS2-7-29-2020-0,2020-07-29,SS2,49.5693,-123.9518,WSGS84,300,CA,0
SS2-7-7-2020-0,2020-07-07,SS2,49.3421,-123.5728,WSGS84,300,CA,0
SS2-7-8-2021-0,2021-07-08,SS2,49.3429,-123.5703,WSGS84,300,CA,0
SS2-8-11-2022-0,2022-08-11,SS2,49.3417,-123.5708,WSGS84,300,CA,0
SS2-8-16-2023-0,2023-08-16,SS2,49.3417,-123.5708,WSGS84,300,CA,0
SS2-8-26-2023-0,2023-08-26,SS2,49.3417,-123.5708,WSGS84,300,CA,0
SS2-8-27-2020-0,2020-08-27,SS2,49.3414,-123.5711,WSGS84,300,CA,0
SS2-8-3-2020-0,2020-08-03,SS2,49.3416,-123.571,WSGS84,300,CA,0
SS2-9-1-2021-0,2021-09-01,SS2,49.3411,-123.571,WSGS84,300,CA,0
SS2-9-13-2023-0,2023-09-13,SS2,49.3417,-123.5708,WSGS84,300,CA,0
SS2-9-15-2020-0,2020-09-15,SS2,49.3418,-123.5716,WSGS84,300,CA,0
SS2-9-19-2021-0,2021-09-19,SS2,49.3419,-123.5707,WSGS84,300,CA,0
SS2-9-20-2019-0,2019-09-20,SS2,49.3417,-123.5708,WSGS84,300,CA,0
SS2-9-22-2023-0,2023-09-22,SS2,49.3417,-123.5708,WSGS84,300,CA,0
SS2-9-23-2021-0,2021-09-23,SS2,49.3418,-123.5707,WSGS84,300,CA,0
SS2-9-30-2020-0,2020-09-30,SS2,49.3419,-123.5708,WSGS84,300,CA,0
SS2-9-6-2019-0,2019-09-06,SS2,49.3417,-123.5708,WSGS84,300,CA,0
SS3-10-12-2023-0,2023-10-12,SS3,49.3083,-123.6,WSGS84,300,CA,0
SS3-11-15-2019-0,2019-11-15,SS3,49.3083,-123.6,WSGS84,300,CA,0
SS3-2-24-2022-0,2022-02-24,SS3,49.3083,-123.6,WSGS84,300,CA,0
SS3-3-10-2022-0,2022-03-10,SS3,49.3083,-123.6,WSGS84,300,CA,0
SS3-3-15-2023-0,2023-03-15,SS3,49.3083,-123.6,WSGS84,300,CA,0
SS3-3-17-2019-0,2019-03-17,SS3,49.3083,-123.6,WSGS84,300,CA,0
SS3-3-18-2020-0,2020-03-18,SS3,49.3083,-123.6,WSGS84,300,CA,0
SS3-3-23-2021-0,2021-03-23,SS3,49.3087,-123.5996,WSGS84,300,CA,0
SS3-3-24-2022-0,2022-03-24,SS3,49.3083,-123.6,WSGS84,300,CA,0
SS3-3-26-2021-0,2021-03-26,SS3,49.3082,-123.6,WSGS84,300,CA,0
SS3-3-30-2023-0,2023-03-30,SS3,49.3083,-123.6,WSGS84,300,CA,0
SS3-3-7-2023-0,2023-03-07,SS3,49.3083,-123.6,WSGS84,300,CA,0
SS3-3-9-2020-0,2020-03-09,SS3,49.3083,-123.6,WSGS84,300,CA,0
SS3-4-13-2023-0,2023-04-13,SS3,49.3083,-123.6,WSGS84,300,CA,0
SS3-4-16-2019-0,2019-04-16,SS3,49.3083,-123.6,WSGS84,300,CA,0
SS3-4-18-2021-0,2021-04-18,SS3,49.3086,-123.6002,WSGS84,300,CA,0
SS3-4-22-2020-0,2020-04-22,SS3,49.3083,-123.6,WSGS84,300,CA,0
SS3-4-22-2022-0,2022-04-22,SS3,49.3083,-123.6,WSGS84,300,CA,0
SS3-4-27-2023-0,2023-04-27,SS3,49.3083,-123.6,WSGS84,300,CA,0
SS3-4-28-2020-0,2020-04-28,SS3,49.309,-123.6021,WSGS84,300,CA,0
SS3-4-6-2021-0,2021-04-06,SS3,49.308,-123.6,WSGS84,300,CA,0
SS3-4-7-2022-0,2022-04-07,SS3,49.3083,-123.6,WSGS84,300,CA,0
SS3-5-15-2020-0,2020-05-15,SS3,49.3083,-123.6005,WSGS84,300,CA,0
SS3-5-18-2021-0,2021-05-18,SS3,49.3089,-123.6007,WSGS84,300,CA,0
SS3-5-2-2023-0,2023-05-02,SS3,49.3083,-123.6,WSGS84,300,CA,0
SS3-5-23-2019-0,2019-05-23,SS3,49.3083,-123.6,WSGS84,300,CA,0
SS3-5-28-2023-0,2023-05-28,SS3,49.3083,-123.6,WSGS84,300,CA,0
SS3-5-7-2020-0,2020-05-07,SS3,49.3083,-123.5999,WSGS84,300,CA,0
SS3-5-9-2019-0,2019-05-09,SS3,49.3083,-123.6,WSGS84,300,CA,0
SS3-5-9-2021-0,2021-05-09,SS3,49.3086,-123.5996,WSGS84,300,CA,0
SS3-6-15-2023-0,2023-06-15,SS3,49.3083,-123.6,WSGS84,300,CA,0
SS3-6-17-2021-0,2021-06-17,SS3,49.3083,-123.6,WSGS84,300,CA,0
SS3-6-20-2019-0,2019-06-20,SS3,49.3083,-123.6,WSGS84,300,CA,0
SS3-6-25-2023-0,2023-06-25,SS3,49.3083,-123.6,WSGS84,300,CA,0
SS3-6-6-2019-0,2019-06-06,SS3,49.3083,-123.6,WSGS84,300,CA,0
SS3-6-6-2020-0,2020-06-06,SS3,49.3083,-123.6,WSGS84,300,CA,0
SS3-6-8-2021-0,2021-06-08,SS3,49.3091,-123.6004,WSGS84,300,CA,0
SS3-7-17-2023-0,2023-07-17,SS3,49.3083,-123.6,WSGS84,300,CA,0
SS3-7-18-2021-0,2021-07-18,SS3,49.3085,-123.5999,WSGS84,300,CA,0
SS3-7-21-2022-0,2022-07-21,SS3,49.3083,-123.6,WSGS84,300,CA,0
SS3-7-23-2023-0,2023-07-23,SS3,49.3083,-123.6,WSGS84,300,CA,0
SS3-7-25-2019-0,2019-07-25,SS3,49.3083,-123.6,WSGS84,300,CA,0
SS3-7-29-2020-0,2020-07-29,SS3,49.5139,-123.9997,WSGS84,300,CA,0
SS3-7-7-2020-0,2020-07-07,SS3,49.3084,-123.5999,WSGS84,300,CA,0
SS3-7-8-2019-0,2019-07-08,SS3,49.3083,-123.6,WSGS84,300,CA,0
SS3-7-8-2021-0,2021-07-08,SS3,49.3087,-123.6,WSGS84,300,CA,0
SS3-8-11-2022-0,2022-08-11,SS3,49.3083,-123.6,WSGS84,300,CA,0
SS3-8-16-2023-0,2023-08-16,SS3,49.3083,-123.6,WSGS84,300,CA,0
SS3-8-26-2023-0,2023-08-26,SS3,49.3083,-123.6,WSGS84,300,CA,0
SS3-8-27-2020-0,2020-08-27,SS3,49.3081,-123.6,WSGS84,300,CA,0
SS3-8-3-2020-0,2020-08-03,SS3,49.3083,-123.6004,WSGS84,300,CA,0
SS3-9-1-2021-0,2021-09-01,SS3,49.3109,-123.5984,WSGS84,300,CA,0
SS3-9-13-2023-0,2023-09-13,SS3,49.3083,-123.6,WSGS84,300,CA,0
SS3-9-15-2020-0,2020-09-15,SS3,49.3081,-123.5999,WSGS84,300,CA,0
SS3-9-20-2019-0,2019-09-20,SS3,49.3083,-123.6,WSGS84,300,CA,0
SS3-9-22-2023-0,2023-09-22,SS3,49.3083,-123.6,WSGS84,300,CA,0
SS3-9-23-2021-0,2021-09-23,SS3,49.3085,-123.5999,WSGS84,300,CA,0
SS3-9-30-2020-0,2020-09-30,SS3,49.3086,-123.5995,WSGS84,300,CA,0
SS3-9-6-2019-0,2019-09-06,SS3,49.3083,-123.6,WSGS84,300,CA,0
SS4-10-12-2023-0,2023-10-12,SS4,49.275,-123.6333,WSGS84,300,CA,0
SS4-10-12-2023-10,2023-10-12,SS4,49.275,-123.6333,WSGS84,300,CA,10
SS4-10-12-2023-20,2023-10-12,SS4,49.275,-123.6333,WSGS84,300,CA,20
SS4-10-12-2023-5,2023-10-12,SS4,49.275,-123.6333,WSGS84,300,CA,5
SS4-11-15-2019-0,2019-11-15,SS4,49.275,-123.6333,WSGS84,300,CA,0
SS4-11-15-2019-10,2019-11-15,SS4,49.275,-123.6333,WSGS84,300,CA,10
SS4-11-15-2019-20,2019-11-15,SS4,49.275,-123.6333,WSGS84,300,CA,20
SS4-11-15-2019-5,2019-11-15,SS4,49.275,-123.6333,WSGS84,300,CA,5
SS4-2-24-2022-0,2022-02-24,SS4,49.275,-123.6333,WSGS84,300,CA,0
SS4-2-24-2022-10,2022-02-24,SS4,49.275,-123.6333,WSGS84,300,CA,10
SS4-2-24-2022-20,2022-02-24,SS4,49.275,-123.6333,WSGS84,300,CA,20
SS4-2-24-2022-5,2022-02-24,SS4,49.275,-123.6333,WSGS84,300,CA,5
SS4-3-10-2022-0,2022-03-10,SS4,49.275,-123.6333,WSGS84,300,CA,0
SS4-3-10-2022-10,2022-03-10,SS4,49.275,-123.6333,WSGS84,300,CA,10
SS4-3-10-2022-20,2022-03-10,SS4,49.275,-123.6333,WSGS84,300,CA,20
SS4-3-10-2022-5,2022-03-10,SS4,49.275,-123.6333,WSGS84,300,CA,5
SS4-3-15-2023-0,2023-03-15,SS4,49.275,-123.6333,WSGS84,300,CA,0
SS4-3-15-2023-10,2023-03-15,SS4,49.275,-123.6333,WSGS84,300,CA,10
SS4-3-15-2023-20,2023-03-15,SS4,49.275,-123.6333,WSGS84,300,CA,20
SS4-3-15-2023-5,2023-03-15,SS4,49.275,-123.6333,WSGS84,300,CA,5
SS4-3-17-2019-0,2019-03-17,SS4,49.275,-123.6333,WSGS84,300,CA,0
SS4-3-17-2019-10,2019-03-17,SS4,49.275,-123.6333,WSGS84,300,CA,10
SS4-3-17-2019-20,2019-03-17,SS4,49.275,-123.6333,WSGS84,300,CA,20
SS4-3-17-2019-5,2019-03-17,SS4,49.275,-123.6333,WSGS84,300,CA,5
SS4-3-18-2020-0,2020-03-18,SS4,49.275,-123.6333,WSGS84,300,CA,0
SS4-3-18-2020-10,2020-03-18,SS4,49.275,-123.6333,WSGS84,300,CA,10
SS4-3-18-2020-20,2020-03-18,SS4,49.275,-123.6333,WSGS84,300,CA,20
SS4-3-18-2020-5,2020-03-18,SS4,49.275,-123.6333,WSGS84,300,CA,5
SS4-3-23-2021-0,2021-03-23,SS4,49.2751,-123.6331,WSGS84,300,CA,0
SS4-3-23-2021-10,2021-03-23,SS4,49.2751,-123.6331,WSGS84,300,CA,10
SS4-3-23-2021-20,2021-03-23,SS4,49.2751,-123.6331,WSGS84,300,CA,20
SS4-3-23-2021-5,2021-03-23,SS4,49.2751,-123.6331,WSGS84,300,CA,5
SS4-3-24-2022-0,2022-03-24,SS4,49.275,-123.6333,WSGS84,300,CA,0
SS4-3-24-2022-10,2022-03-24,SS4,49.275,-123.6333,WSGS84,300,CA,10
SS4-3-24-2022-20,2022-03-24,SS4,49.275,-123.6333,WSGS84,300,CA,20
SS4-3-24-2022-5,2022-03-24,SS4,49.275,-123.6333,WSGS84,300,CA,5
SS4-3-25-2020-0,2020-03-25,SS4,49.275,-123.6333,WSGS84,300,CA,0
SS4-3-25-2020-10,2020-03-25,SS4,49.275,-123.6333,WSGS84,300,CA,10
SS4-3-25-2020-20,2020-03-25,SS4,49.275,-123.6333,WSGS84,300,CA,20
SS4-3-25-2020-5,2020-03-25,SS4,49.275,-123.6333,WSGS84,300,CA,5
SS4-3-26-2021-0,2021-03-26,SS4,49.2749,-123.6333,WSGS84,300,CA,0
SS4-3-26-2021-10,2021-03-26,SS4,49.2749,-123.6333,WSGS84,300,CA,10
SS4-3-26-2021-20,2021-03-26,SS4,49.2749,-123.6333,WSGS84,300,CA,20
SS4-3-26-2021-5,2021-03-26,SS4,49.2749,-123.6333,WSGS84,300,CA,5
SS4-3-30-2023-0,2023-03-30,SS4,49.275,-123.6333,WSGS84,300,CA,0
SS4-3-30-2023-10,2023-03-30,SS4,49.275,-123.6333,WSGS84,300,CA,10
SS4-3-30-2023-20,2023-03-30,SS4,49.275,-123.6333,WSGS84,300,CA,20
SS4-3-30-2023-5,2023-03-30,SS4,49.275,-123.6333,WSGS84,300,CA,5
SS4-3-7-2023-0,2023-03-07,SS4,49.275,-123.6333,WSGS84,300,CA,0
SS4-3-7-2023-10,2023-03-07,SS4,49.275,-123.6333,WSGS84,300,CA,10
SS4-3-7-2023-20,2023-03-07,SS4,49.275,-123.6333,WSGS84,300,CA,20
SS4-3-7-2023-5,2023-03-07,SS4,49.275,-123.6333,WSGS84,300,CA,5
SS4-3-9-2020-0,2020-03-09,SS4,49.275,-123.6333,WSGS84,300,CA,0
SS4-3-9-2020-10,2020-03-09,SS4,49.275,-123.6333,WSGS84,300,CA,10
SS4-3-9-2020-20,2020-03-09,SS4,49.275,-123.6333,WSGS84,300,CA,20
SS4-3-9-2020-5,2020-03-09,SS4,49.275,-123.6333,WSGS84,300,CA,5
SS4-4-13-2023-0,2023-04-13,SS4,49.275,-123.6333,WSGS84,300,CA,0
SS4-4-13-2023-10,2023-04-13,SS4,49.275,-123.6333,WSGS84,300,CA,10
SS4-4-13-2023-20,2023-04-13,SS4,49.275,-123.6333,WSGS84,300,CA,20
SS4-4-13-2023-5,2023-04-13,SS4,49.275,-123.6333,WSGS84,300,CA,5
SS4-4-16-2019-0,2019-04-16,SS4,49.275,-123.6333,WSGS84,300,CA,0
SS4-4-16-2019-10,2019-04-16,SS4,49.275,-123.6333,WSGS84,300,CA,10
SS4-4-16-2019-20,2019-04-16,SS4,49.275,-123.6333,WSGS84,300,CA,20
SS4-4-16-2019-5,2019-04-16,SS4,49.275,-123.6333,WSGS84,300,CA,5
SS4-4-18-2021-0,2021-04-18,SS4,49.2751,-123.6333,WSGS84,300,CA,0
SS4-4-18-2021-10,2021-04-18,SS4,49.2751,-123.6333,WSGS84,300,CA,10
SS4-4-18-2021-20,2021-04-18,SS4,49.2751,-123.6333,WSGS84,300,CA,20
SS4-4-18-2021-5,2021-04-18,SS4,49.2751,-123.6333,WSGS84,300,CA,5
SS4-4-22-2020-0,2020-04-22,SS4,49.275,-123.6333,WSGS84,300,CA,0
SS4-4-22-2020-10,2020-04-22,SS4,49.275,-123.6333,WSGS84,300,CA,10
SS4-4-22-2020-20,2020-04-22,SS4,49.275,-123.6333,WSGS84,300,CA,20
SS4-4-22-2020-5,2020-04-22,SS4,49.275,-123.6333,WSGS84,300,CA,5
SS4-4-22-2022-0,2022-04-22,SS4,49.275,-123.6333,WSGS84,300,CA,0
SS4-4-22-2022-10,2022-04-22,SS4,49.275,-123.6333,WSGS84,300,CA,10
SS4-4-22-2022-20,2022-04-22,SS4,49.275,-123.6333,WSGS84,300,CA,20
SS4-4-22-2022-5,2022-04-22,SS4,49.275,-123.6333,WSGS84,300,CA,5
SS4-4-27-2023-0,2023-04-27,SS4,49.275,-123.6333,WSGS84,300,CA,0
SS4-4-27-2023-10,2023-04-27,SS4,49.275,-123.6333,WSGS84,300,CA,10
SS4-4-27-2023-20,2023-04-27,SS4,49.275,-123.6333,WSGS84,300,CA,20
SS4-4-27-2023-5,2023-04-27,SS4,49.275,-123.6333,WSGS84,300,CA,5
SS4-4-28-2020-0,2020-04-28,SS4,49.2757,-123.6332,WSGS84,300,CA,0
SS4-4-28-2020-10,2020-04-28,SS4,49.275,-123.6333,WSGS84,300,CA,10
SS4-4-28-2020-20,2020-04-28,SS4,49.275,-123.6333,WSGS84,300,CA,20
SS4-4-28-2020-5,2020-04-28,SS4,49.275,-123.6333,WSGS84,300,CA,5
SS4-4-6-2021-0,2021-04-06,SS4,49.275,-123.6333,WSGS84,300,CA,0
SS4-4-6-2021-10,2021-04-06,SS4,49.275,-123.6333,WSGS84,300,CA,10
SS4-4-6-2021-20,2021-04-06,SS4,49.275,-123.6333,WSGS84,300,CA,20
SS4-4-6-2021-5,2021-04-06,SS4,49.275,-123.6333,WSGS84,300,CA,5
SS4-4-7-2022-0,2022-04-07,SS4,49.275,-123.6333,WSGS84,300,CA,0
SS4-4-7-2022-10,2022-04-07,SS4,49.275,-123.6333,WSGS84,300,CA,10
SS4-4-7-2022-20,2022-04-07,SS4,49.275,-123.6333,WSGS84,300,CA,20
SS4-4-7-2022-5,2022-04-07,SS4,49.275,-123.6333,WSGS84,300,CA,5
SS4-5-15-2020-10,2020-05-15,SS4,49.275,-123.6333,WSGS84,300,CA,10
SS4-5-15-2020-20,2020-05-15,SS4,49.275,-123.6333,WSGS84,300,CA,20
SS4-5-15-2020-5,2020-05-15,SS4,49.275,-123.6333,WSGS84,300,CA,5
SS4-5-18-2021-0,2021-05-18,SS4,49.2753,-123.6335,WSGS84,300,CA,0
SS4-5-18-2021-10,2021-05-18,SS4,49.2753,-123.6335,WSGS84,300,CA,10
SS4-5-18-2021-20,2021-05-18,SS4,49.2753,-123.6335,WSGS84,300,CA,20
SS4-5-18-2021-5,2021-05-18,SS4,49.2753,-123.6335,WSGS84,300,CA,5
SS4-5-2-2023-0,2023-05-02,SS4,49.275,-123.6333,WSGS84,300,CA,0
SS4-5-2-2023-10,2023-05-02,SS4,49.275,-123.6333,WSGS84,300,CA,10
SS4-5-2-2023-20,2023-05-02,SS4,49.275,-123.6333,WSGS84,300,CA,20
SS4-5-2-2023-5,2023-05-02,SS4,49.275,-123.6333,WSGS84,300,CA,5
SS4-5-23-2019-0,2019-05-23,SS4,49.275,-123.6333,WSGS84,300,CA,0
SS4-5-23-2019-10,2019-05-23,SS4,49.275,-123.6333,WSGS84,300,CA,10
SS4-5-23-2019-20,2019-05-23,SS4,49.275,-123.6333,WSGS84,300,CA,20
SS4-5-23-2019-5,2019-05-23,SS4,49.275,-123.6333,WSGS84,300,CA,5
SS4-5-28-2023-0,2023-05-28,SS4,49.275,-123.6333,WSGS84,300,CA,0
SS4-5-28-2023-10,2023-05-28,SS4,49.275,-123.6333,WSGS84,300,CA,10
SS4-5-28-2023-20,2023-05-28,SS4,49.275,-123.6333,WSGS84,300,CA,20
SS4-5-28-2023-5,2023-05-28,SS4,49.275,-123.6333,WSGS84,300,CA,5
SS4-5-7-2020-0,2020-05-07,SS4,49.2751,-123.6328,WSGS84,300,CA,0
SS4-5-7-2020-10,2020-05-07,SS4,49.275,-123.6333,WSGS84,300,CA,10
SS4-5-7-2020-20,2020-05-07,SS4,49.275,-123.6333,WSGS84,300,CA,20
SS4-5-7-2020-5,2020-05-07,SS4,49.275,-123.6333,WSGS84,300,CA,5
SS4-5-9-2019-0,2019-05-09,SS4,49.275,-123.6333,WSGS84,300,CA,0
SS4-5-9-2019-10,2019-05-09,SS4,49.275,-123.6333,WSGS84,300,CA,10
SS4-5-9-2019-20,2019-05-09,SS4,49.275,-123.6333,WSGS84,300,CA,20
SS4-5-9-2019-5,2019-05-09,SS4,49.275,-123.6333,WSGS84,300,CA,5
SS4-5-9-2021-0,2021-05-09,SS4,49.2756,-123.6326,WSGS84,300,CA,0
SS4-5-9-2021-10,2021-05-09,SS4,49.2756,-123.6326,WSGS84,300,CA,10
SS4-5-9-2021-20,2021-05-09,SS4,49.2756,-123.6326,WSGS84,300,CA,20
SS4-5-9-2021-5,2021-05-09,SS4,49.2756,-123.6326,WSGS84,300,CA,5
SS4-6-15-2023-0,2023-06-15,SS4,49.275,-123.6333,WSGS84,300,CA,0
SS4-6-15-2023-10,2023-06-15,SS4,49.275,-123.6333,WSGS84,300,CA,10
SS4-6-15-2023-20,2023-06-15,SS4,49.275,-123.6333,WSGS84,300,CA,20
SS4-6-15-2023-5,2023-06-15,SS4,49.275,-123.6333,WSGS84,300,CA,5
SS4-6-17-2021-0,2021-06-17,SS4,49.2749,-123.6333,WSGS84,300,CA,0
SS4-6-17-2021-10,2021-06-17,SS4,49.2749,-123.6333,WSGS84,300,CA,10
SS4-6-17-2021-20,2021-06-17,SS4,49.2749,-123.6333,WSGS84,300,CA,20
SS4-6-17-2021-5,2021-06-17,SS4,49.2749,-123.6333,WSGS84,300,CA,5
SS4-6-20-2019-0,2019-06-20,SS4,49.275,-123.6333,WSGS84,300,CA,0
SS4-6-20-2019-10,2019-06-20,SS4,49.275,-123.6333,WSGS84,300,CA,10
SS4-6-20-2019-20,2019-06-20,SS4,49.275,-123.6333,WSGS84,300,CA,20
SS4-6-20-2019-5,2019-06-20,SS4,49.275,-123.6333,WSGS84,300,CA,5
SS4-6-25-2023-0,2023-06-25,SS4,49.275,-123.6333,WSGS84,300,CA,0
SS4-6-25-2023-10,2023-06-25,SS4,49.275,-123.6333,WSGS84,300,CA,10
SS4-6-25-2023-20,2023-06-25,SS4,49.275,-123.6333,WSGS84,300,CA,20
SS4-6-25-2023-5,2023-06-25,SS4,49.275,-123.6333,WSGS84,300,CA,5
SS4-6-6-2019-0,2019-06-06,SS4,49.275,-123.6333,WSGS84,300,CA,0
SS4-6-6-2019-10,2019-06-06,SS4,49.275,-123.6333,WSGS84,300,CA,10
SS4-6-6-2019-20,2019-06-06,SS4,49.275,-123.6333,WSGS84,300,CA,20
SS4-6-6-2019-5,2019-06-06,SS4,49.275,-123.6333,WSGS84,300,CA,5
SS4-6-6-2020-0,2020-06-06,SS4,49.275,-123.6333,WSGS84,300,CA,0
SS4-6-8-2021-0,2021-06-08,SS4,49.2751,-123.6331,WSGS84,300,CA,0
SS4-6-8-2021-10,2021-06-08,SS4,49.2751,-123.6331,WSGS84,300,CA,10
SS4-6-8-2021-20,2021-06-08,SS4,49.2751,-123.6331,WSGS84,300,CA,20
SS4-6-8-2021-5,2021-06-08,SS4,49.2751,-123.6331,WSGS84,300,CA,5
SS4-7-17-2023-0,2023-07-17,SS4,49.275,-123.6333,WSGS84,300,CA,0
SS4-7-17-2023-10,2023-07-17,SS4,49.275,-123.6333,WSGS84,300,CA,10
SS4-7-17-2023-20,2023-07-17,SS4,49.275,-123.6333,WSGS84,300,CA,20
SS4-7-17-2023-5,2023-07-17,SS4,49.275,-123.6333,WSGS84,300,CA,5
SS4-7-18-2021-0,2021-07-18,SS4,49.2755,-123.6332,WSGS84,300,CA,0
SS4-7-18-2021-10,2021-07-18,SS4,49.2755,-123.6332,WSGS84,300,CA,10
SS4-7-18-2021-20,2021-07-18,SS4,49.2755,-123.6332,WSGS84,300,CA,20
SS4-7-18-2021-5,2021-07-18,SS4,49.2755,-123.6332,WSGS84,300,CA,5
SS4-7-21-2022-0,2022-07-21,SS4,49.275,-123.6333,WSGS84,300,CA,0
SS4-7-21-2022-10,2022-07-21,SS4,49.275,-123.6333,WSGS84,300,CA,10
SS4-7-21-2022-20,2022-07-21,SS4,49.275,-123.6333,WSGS84,300,CA,20
SS4-7-21-2022-5,2022-07-21,SS4,49.275,-123.6333,WSGS84,300,CA,5
SS4-7-23-2023-0,2023-07-23,SS4,49.275,-123.6333,WSGS84,300,CA,0
SS4-7-23-2023-10,2023-07-23,SS4,49.275,-123.6333,WSGS84,300,CA,10
SS4-7-23-2023-20,2023-07-23,SS4,49.275,-123.6333,WSGS84,300,CA,20
SS4-7-23-2023-5,2023-07-23,SS4,49.275,-123.6333,WSGS84,300,CA,5
SS4-7-25-2019-0,2019-07-25,SS4,49.275,-123.6333,WSGS84,300,CA,0
SS4-7-25-2019-10,2019-07-25,SS4,49.275,-123.6333,WSGS84,300,CA,10
SS4-7-25-2019-20,2019-07-25,SS4,49.275,-123.6333,WSGS84,300,CA,20
SS4-7-25-2019-5,2019-07-25,SS4,49.275,-123.6333,WSGS84,300,CA,5
SS4-7-29-2020-0,2020-07-29,SS4,49.4592,-124.0574,WSGS84,300,CA,0
SS4-7-29-2020-10,2020-07-29,SS4,49.275,-123.6333,WSGS84,300,CA,10
SS4-7-29-2020-20,2020-07-29,SS4,49.275,-123.6333,WSGS84,300,CA,20
SS4-7-29-2020-5,2020-07-29,SS4,49.275,-123.6333,WSGS84,300,CA,5
SS4-7-7-2020-0,2020-07-07,SS4,49.2749,-123.6337,WSGS84,300,CA,0
SS4-7-7-2020-10,2020-07-07,SS4,49.275,-123.6333,WSGS84,300,CA,10
SS4-7-7-2020-20,2020-07-07,SS4,49.275,-123.6333,WSGS84,300,CA,20
SS4-7-7-2020-5,2020-07-07,SS4,49.275,-123.6333,WSGS84,300,CA,5
SS4-7-8-2019-0,2019-07-08,SS4,49.275,-123.6333,WSGS84,300,CA,0
SS4-7-8-2019-10,2019-07-08,SS4,49.275,-123.6333,WSGS84,300,CA,10
SS4-7-8-2019-20,2019-07-08,SS4,49.275,-123.6333,WSGS84,300,CA,20
SS4-7-8-2019-5,2019-07-08,SS4,49.275,-123.6333,WSGS84,300,CA,5
SS4-7-8-2021-0,2021-07-08,SS4,49.2748,-123.6334,WSGS84,300,CA,0
SS4-7-8-2021-10,2021-07-08,SS4,49.2748,-123.6334,WSGS84,300,CA,10
SS4-7-8-2021-20,2021-07-08,SS4,49.2748,-123.6334,WSGS84,300,CA,20
SS4-7-8-2021-5,2021-07-08,SS4,49.2748,-123.6334,WSGS84,300,CA,5
SS4-8-11-2022-0,2022-08-11,SS4,49.275,-123.6333,WSGS84,300,CA,0
SS4-8-11-2022-10,2022-08-11,SS4,49.275,-123.6333,WSGS84,300,CA,10
SS4-8-11-2022-20,2022-08-11,SS4,49.275,-123.6333,WSGS84,300,CA,20
SS4-8-11-2022-5,2022-08-11,SS4,49.275,-123.6333,WSGS84,300,CA,5
SS4-8-16-2023-0,2023-08-16,SS4,49.275,-123.6333,WSGS84,300,CA,0
SS4-8-16-2023-10,2023-08-16,SS4,49.275,-123.6333,WSGS84,300,CA,10
SS4-8-16-2023-20,2023-08-16,SS4,49.275,-123.6333,WSGS84,300,CA,20
SS4-8-16-2023-5,2023-08-16,SS4,49.275,-123.6333,WSGS84,300,CA,5
SS4-8-26-2023-0,2023-08-26,SS4,49.275,-123.6333,WSGS84,300,CA,0
SS4-8-26-2023-10,2023-08-26,SS4,49.275,-123.6333,WSGS84,300,CA,10
SS4-8-26-2023-20,2023-08-26,SS4,49.275,-123.6333,WSGS84,300,CA,20
SS4-8-26-2023-5,2023-08-26,SS4,49.275,-123.6333,WSGS84,300,CA,5
SS4-8-27-2020-0,2020-08-27,SS4,49.275,-123.6331,WSGS84,300,CA,0
SS4-8-27-2020-10,2020-08-27,SS4,49.275,-123.6333,WSGS84,300,CA,10
SS4-8-27-2020-20,2020-08-27,SS4,49.275,-123.6333,WSGS84,300,CA,20
SS4-8-27-2020-5,2020-08-27,SS4,49.275,-123.6333,WSGS84,300,CA,5
SS4-8-3-2020-0,2020-08-03,SS4,49.2751,-123.6334,WSGS84,300,CA,0
SS4-8-3-2020-10,2020-08-03,SS4,49.275,-123.6333,WSGS84,300,CA,10
SS4-8-3-2020-20,2020-08-03,SS4,49.275,-123.6333,WSGS84,300,CA,20
SS4-8-3-2020-5,2020-08-03,SS4,49.275,-123.6333,WSGS84,300,CA,5
SS4-9-1-2021-0,2021-09-01,SS4,49.2748,-123.6334,WSGS84,300,CA,0
SS4-9-1-2021-10,2021-09-01,SS4,49.2748,-123.6334,WSGS84,300,CA,10
SS4-9-1-2021-20,2021-09-01,SS4,49.2748,-123.6334,WSGS84,300,CA,20
SS4-9-1-2021-5,2021-09-01,SS4,49.2748,-123.6334,WSGS84,300,CA,5
SS4-9-13-2023-0,2023-09-13,SS4,49.275,-123.6333,WSGS84,300,CA,0
SS4-9-13-2023-10,2023-09-13,SS4,49.275,-123.6333,WSGS84,300,CA,10
SS4-9-13-2023-20,2023-09-13,SS4,49.275,-123.6333,WSGS84,300,CA,20
SS4-9-13-2023-5,2023-09-13,SS4,49.275,-123.6333,WSGS84,300,CA,5
SS4-9-15-2020-0,2020-09-15,SS4,49.2746,-123.6332,WSGS84,300,CA,0
SS4-9-15-2020-10,2020-09-15,SS4,49.275,-123.6333,WSGS84,300,CA,10
SS4-9-15-2020-20,2020-09-15,SS4,49.275,-123.6333,WSGS84,300,CA,20
SS4-9-15-2020-5,2020-09-15,SS4,49.275,-123.6333,WSGS84,300,CA,5
SS4-9-20-2019-0,2019-09-20,SS4,49.275,-123.6333,WSGS84,300,CA,0
SS4-9-20-2019-10,2019-09-20,SS4,49.275,-123.6333,WSGS84,300,CA,10
SS4-9-20-2019-20,2019-09-20,SS4,49.275,-123.6333,WSGS84,300,CA,20
SS4-9-20-2019-5,2019-09-20,SS4,49.275,-123.6333,WSGS84,300,CA,5
SS4-9-22-2023-0,2023-09-22,SS4,49.275,-123.6333,WSGS84,300,CA,0
SS4-9-22-2023-10,2023-09-22,SS4,49.275,-123.6333,WSGS84,300,CA,10
SS4-9-22-2023-20,2023-09-22,SS4,49.275,-123.6333,WSGS84,300,CA,20
SS4-9-22-2023-5,2023-09-22,SS4,49.275,-123.6333,WSGS84,300,CA,5
SS4-9-23-2021-0,2021-09-23,SS4,49.4747,-123.6334,WSGS84,300,CA,0
SS4-9-23-2021-10,2021-09-23,SS4,49.4747,-123.6334,WSGS84,300,CA,10
SS4-9-23-2021-20,2021-09-23,SS4,49.4747,-123.6334,WSGS84,300,CA,20
SS4-9-23-2021-5,2021-09-23,SS4,49.4747,-123.6334,WSGS84,300,CA,5
SS4-9-30-2020-0,2020-09-30,SS4,49.2749,-123.6332,WSGS84,300,CA,0
SS4-9-30-2020-10,2020-09-30,SS4,49.275,-123.6333,WSGS84,300,CA,10
SS4-9-30-2020-20,2020-09-30,SS4,49.275,-123.6333,WSGS84,300,CA,20
SS4-9-30-2020-5,2020-09-30,SS4,49.275,-123.6333,WSGS84,300,CA,5
SS4-9-6-2019-0,2019-09-06,SS4,49.275,-123.6333,WSGS84,300,CA,0
SS4-9-6-2019-10,2019-09-06,SS4,49.275,-123.6333,WSGS84,300,CA,10
SS4-9-6-2019-20,2019-09-06,SS4,49.275,-123.6333,WSGS84,300,CA,20
SS4-9-6-2019-5,2019-09-06,SS4,49.275,-123.6333,WSGS84,300,CA,5
SS5-10-12-2023-0,2023-10-12,SS5,49.3208,-123.7333,WSGS84,300,CA,0
SS5-11-15-2019-0,2019-11-15,SS5,49.3208,-123.7333,WSGS84,300,CA,0
SS5-2-24-2022-0,2022-02-24,SS5,49.3208,-123.7333,WSGS84,300,CA,0
SS5-3-10-2022-0,2022-03-10,SS5,49.3208,-123.7333,WSGS84,300,CA,0
SS5-3-15-2023-0,2023-03-15,SS5,49.3208,-123.7333,WSGS84,300,CA,0
SS5-3-17-2019-0,2019-03-17,SS5,49.3208,-123.7333,WSGS84,300,CA,0
SS5-3-18-2020-0,2020-03-18,SS5,49.3213,-123.7334,WSGS84,300,CA,0
SS5-3-23-2021-0,2021-03-23,SS5,49.3236,-123.7333,WSGS84,300,CA,0
SS5-3-24-2022-0,2022-03-24,SS5,49.3208,-123.7333,WSGS84,300,CA,0
SS5-3-25-2020-0,2020-03-25,SS5,49.3214,-123.7339,WSGS84,300,CA,0
SS5-3-26-2021-0,2021-03-26,SS5,49.3209,-123.7333,WSGS84,300,CA,0
SS5-3-30-2023-0,2023-03-30,SS5,49.3208,-123.7333,WSGS84,300,CA,0
SS5-3-7-2023-0,2023-03-07,SS5,49.3208,-123.7333,WSGS84,300,CA,0
SS5-3-9-2020-0,2020-03-09,SS5,49.3213,-123.7277,WSGS84,300,CA,0
SS5-4-13-2023-0,2023-04-13,SS5,49.3208,-123.7333,WSGS84,300,CA,0
SS5-4-16-2019-0,2019-04-16,SS5,49.3208,-123.7333,WSGS84,300,CA,0
SS5-4-18-2021-0,2021-04-18,SS5,49.3209,-123.7331,WSGS84,300,CA,0
SS5-4-22-2020-0,2020-04-22,SS5,49.3208,-123.7333,WSGS84,300,CA,0
SS5-4-22-2022-0,2022-04-22,SS5,49.3208,-123.7333,WSGS84,300,CA,0
SS5-4-27-2023-0,2023-04-27,SS5,49.3208,-123.7333,WSGS84,300,CA,0
SS5-4-28-2020-0,2020-04-28,SS5,49.3208,-123.734,WSGS84,300,CA,0
SS5-4-6-2021-0,2021-04-06,SS5,49.3208,-123.7333,WSGS84,300,CA,0
SS5-5-2-2023-0,2023-05-02,SS5,49.3208,-123.7333,WSGS84,300,CA,0
SS5-5-23-2019-0,2019-05-23,SS5,49.3208,-123.7333,WSGS84,300,CA,0
SS5-5-28-2023-0,2023-05-28,SS5,49.3208,-123.7333,WSGS84,300,CA,0
SS5-5-7-2020-0,2020-05-07,SS5,49.3207,-123.733,WSGS84,300,CA,0
SS5-5-9-2019-0,2019-05-09,SS5,49.3208,-123.7333,WSGS84,300,CA,0
SS5-5-9-2021-0,2021-05-09,SS5,49.3204,-123.7327,WSGS84,300,CA,0
SS5-6-15-2023-0,2023-06-15,SS5,49.3208,-123.7333,WSGS84,300,CA,0
SS5-6-17-2021-0,2021-06-17,SS5,49.3207,-123.7334,WSGS84,300,CA,0
SS5-6-20-2019-0,2019-06-20,SS5,49.3208,-123.7333,WSGS84,300,CA,0
SS5-6-25-2023-0,2023-06-25,SS5,49.3208,-123.7333,WSGS84,300,CA,0
SS5-6-6-2019-0,2019-06-06,SS5,49.3208,-123.7333,WSGS84,300,CA,0
SS5-6-6-2020-0,2020-06-06,SS5,49.3208,-123.7333,WSGS84,300,CA,0
SS5-6-8-2021-0,2021-06-08,SS5,49.3206,-123.7332,WSGS84,300,CA,0
SS5-7-17-2023-0,2023-07-17,SS5,49.3208,-123.7333,WSGS84,300,CA,0
SS5-7-18-2021-0,2021-07-18,SS5,49.3214,-123.7342,WSGS84,300,CA,0
SS5-7-21-2022-0,2022-07-21,SS5,49.3208,-123.7333,WSGS84,300,CA,0
SS5-7-23-2023-0,2023-07-23,SS5,49.3208,-123.7333,WSGS84,300,CA,0
SS5-7-25-2019-0,2019-07-25,SS5,49.3208,-123.7333,WSGS84,300,CA,0
SS5-7-29-2020-0,2020-07-29,SS5,49.3208,-123.7333,WSGS84,300,CA,0
SS5-7-7-2020-0,2020-07-07,SS5,49.3215,-123.7343,WSGS84,300,CA,0
SS5-7-8-2019-0,2019-07-08,SS5,49.3208,-123.7333,WSGS84,300,CA,0
SS5-7-8-2021-0,2021-07-08,SS5,49.3209,-123.7333,WSGS84,300,CA,0
SS5-8-11-2022-0,2022-08-11,SS5,49.3208,-123.7333,WSGS84,300,CA,0
SS5-8-16-2023-0,2023-08-16,SS5,49.3208,-123.7333,WSGS84,300,CA,0
SS5-8-26-2023-0,2023-08-26,SS5,49.3208,-123.7333,WSGS84,300,CA,0
SS5-8-27-2020-0,2020-08-27,SS5,49.3208,-123.7331,WSGS84,300,CA,0
SS5-8-3-2020-0,2020-08-03,SS5,49.3209,-123.7334,WSGS84,300,CA,0
SS5-9-1-2021-0,2021-09-01,SS5,49.321,-123.7337,WSGS84,300,CA,0
SS5-9-13-2023-0,2023-09-13,SS5,49.3208,-123.7333,WSGS84,300,CA,0
SS5-9-15-2020-0,2020-09-15,SS5,49.321,-123.7335,WSGS84,300,CA,0
SS5-9-20-2019-0,2019-09-20,SS5,49.3208,-123.7333,WSGS84,300,CA,0
SS5-9-22-2023-0,2023-09-22,SS5,49.3208,-123.7333,WSGS84,300,CA,0
SS5-9-23-2021-0,2021-09-23,SS5,49.3208,-123.7334,WSGS84,300,CA,0
SS5-9-30-2020-0,2020-09-30,SS5,49.321,-123.7333,WSGS84,300,CA,0
SS5-9-6-2019-0,2019-09-06,SS5,49.3208,-123.7333,WSGS84,300,CA,0
SS6-10-12-2023-0,2023-10-12,SS6,49.375,-123.8,WSGS84,300,CA,0
SS6-11-15-2019-0,2019-11-15,SS6,49.375,-123.8,WSGS84,300,CA,0
SS6-2-24-2022-0,2022-02-24,SS6,49.375,-123.8,WSGS84,300,CA,0
SS6-3-15-2023-0,2023-03-15,SS6,49.375,-123.8,WSGS84,300,CA,0
SS6-3-17-2019-0,2019-03-17,SS6,49.375,-123.8,WSGS84,300,CA,0
SS6-3-18-2020-0,2020-03-18,SS6,49.3753,-123.7834,WSGS84,300,CA,0
SS6-3-23-2021-0,2021-03-23,SS6,49.3751,-123.8001,WSGS84,300,CA,0
SS6-3-24-2022-0,2022-03-24,SS6,49.375,-123.8,WSGS84,300,CA,0
SS6-3-25-2020-0,2020-03-25,SS6,49.3751,-123.8001,WSGS84,300,CA,0
SS6-3-26-2021-0,2021-03-26,SS6,49.3749,-123.7999,WSGS84,300,CA,0
SS6-3-30-2023-0,2023-03-30,SS6,49.375,-123.8,WSGS84,300,CA,0
SS6-3-7-2023-0,2023-03-07,SS6,49.375,-123.8,WSGS84,300,CA,0
SS6-3-9-2020-0,2020-03-09,SS6,49.375,-123.8,WSGS84,300,CA,0
SS6-4-13-2023-0,2023-04-13,SS6,49.375,-123.8,WSGS84,300,CA,0
SS6-4-16-2019-0,2019-04-16,SS6,49.375,-123.8,WSGS84,300,CA,0
SS6-4-18-2021-0,2021-04-18,SS6,49.3751,-123.8002,WSGS84,300,CA,0
SS6-4-22-2020-0,2020-04-22,SS6,49.3757,-123.7996,WSGS84,300,CA,0
SS6-4-22-2022-0,2022-04-22,SS6,49.375,-123.8,WSGS84,300,CA,0
SS6-4-27-2023-0,2023-04-27,SS6,49.375,-123.8,WSGS84,300,CA,0
SS6-5-2-2023-0,2023-05-02,SS6,49.375,-123.8,WSGS84,300,CA,0
SS6-5-23-2019-0,2019-05-23,SS6,49.375,-123.8,WSGS84,300,CA,0
SS6-5-28-2023-0,2023-05-28,SS6,49.375,-123.8,WSGS84,300,CA,0
SS6-5-7-2020-0,2020-05-07,SS6,49.3753,-123.7994,WSGS84,300,CA,0
SS6-5-9-2019-0,2019-05-09,SS6,49.375,-123.8,WSGS84,300,CA,0
SS6-5-9-2021-0,2021-05-09,SS6,49.3749,-123.7998,WSGS84,300,CA,0
SS6-6-15-2023-0,2023-06-15,SS6,49.375,-123.8,WSGS84,300,CA,0
SS6-6-17-2021-0,2021-06-17,SS6,49.3744,-123.7993,WSGS84,300,CA,0
SS6-6-20-2019-0,2019-06-20,SS6,49.375,-123.8,WSGS84,300,CA,0
SS6-6-25-2023-0,2023-06-25,SS6,49.375,-123.8,WSGS84,300,CA,0
SS6-6-6-2019-0,2019-06-06,SS6,49.375,-123.8,WSGS84,300,CA,0
SS6-6-6-2020-0,2020-06-06,SS6,49.375,-123.8,WSGS84,300,CA,0
SS6-6-8-2021-0,2021-06-08,SS6,49.3749,-123.8002,WSGS84,300,CA,0
SS6-7-17-2023-0,2023-07-17,SS6,49.375,-123.8,WSGS84,300,CA,0
SS6-7-18-2021-0,2021-07-18,SS6,49.3751,-123.7997,WSGS84,300,CA,0
SS6-7-21-2022-0,2022-07-21,SS6,49.375,-123.8,WSGS84,300,CA,0
SS6-7-23-2023-0,2023-07-23,SS6,49.375,-123.8,WSGS84,300,CA,0
SS6-7-25-2019-0,2019-07-25,SS6,49.375,-123.8,WSGS84,300,CA,0
SS6-7-29-2020-0,2020-07-29,SS6,49.375,-123.8,WSGS84,300,CA,0
SS6-7-7-2020-0,2020-07-07,SS6,49.3749,-123.8007,WSGS84,300,CA,0
SS6-7-8-2019-0,2019-07-08,SS6,49.375,-123.8,WSGS84,300,CA,0
SS6-7-8-2021-0,2021-07-08,SS6,49.3751,-123.7998,WSGS84,300,CA,0
SS6-8-11-2022-0,2022-08-11,SS6,49.375,-123.8,WSGS84,300,CA,0
SS6-8-16-2023-0,2023-08-16,SS6,49.375,-123.8,WSGS84,300,CA,0
SS6-8-26-2023-0,2023-08-26,SS6,49.375,-123.8,WSGS84,300,CA,0
SS6-8-27-2020-0,2020-08-27,SS6,49.3786,-123.8,WSGS84,300,CA,0
SS6-8-3-2020-0,2020-08-03,SS6,49.3751,-123.8,WSGS84,300,CA,0
SS6-9-1-2021-0,2021-09-01,SS6,49.3745,-123.7995,WSGS84,300,CA,0
SS6-9-13-2023-0,2023-09-13,SS6,49.375,-123.8,WSGS84,300,CA,0
SS6-9-15-2020-0,2020-09-15,SS6,49.3749,-123.8003,WSGS84,300,CA,0
SS6-9-20-2019-0,2019-09-20,SS6,49.375,-123.8,WSGS84,300,CA,0
SS6-9-22-2023-0,2023-09-22,SS6,49.375,-123.8,WSGS84,300,CA,0
SS6-9-23-2021-0,2021-09-23,SS6,49.3749,-123.8,WSGS84,300,CA,0
SS6-9-30-2020-0,2020-09-30,SS6,49.3749,-123.7999,WSGS84,300,CA,0
SS6-9-6-2019-0,2019-09-06,SS6,49.375,-123.8,WSGS84,300,CA,0
SS7-10-12-2023-0,2023-10-12,SS7,49.4,-123.7583,WSGS84,300,CA,0
SS7-11-15-2019-0,2019-11-15,SS7,49.4,-123.7583,WSGS84,300,CA,0
SS7-2-24-2022-0,2022-02-24,SS7,49.4,-123.7583,WSGS84,300,CA,0
SS7-2-27-2020-0,2020-02-27,SS7,49.4,-123.7583,WSGS84,300,CA,0
SS7-3-15-2023-0,2023-03-15,SS7,49.4,-123.7583,WSGS84,300,CA,0
SS7-3-17-2019-0,2019-03-17,SS7,49.4,-123.7583,WSGS84,300,CA,0
SS7-3-18-2020-0,2020-03-18,SS7,49.4,-123.7583,WSGS84,300,CA,0
SS7-3-23-2021-0,2021-03-23,SS7,49.4008,-123.7591,WSGS84,300,CA,0
SS7-3-24-2022-0,2022-03-24,SS7,49.4,-123.7583,WSGS84,300,CA,0
SS7-3-25-2020-0,2020-03-25,SS7,49.3999,-123.7583,WSGS84,300,CA,0
SS7-3-26-2021-0,2021-03-26,SS7,49.3998,-123.7585,WSGS84,300,CA,0
SS7-3-30-2023-0,2023-03-30,SS7,49.4,-123.7583,WSGS84,300,CA,0
SS7-3-7-2023-0,2023-03-07,SS7,49.4,-123.7583,WSGS84,300,CA,0
SS7-3-9-2020-0,2020-03-09,SS7,49.4007,-123.7582,WSGS84,300,CA,0
SS7-4-13-2023-0,2023-04-13,SS7,49.4,-123.7583,WSGS84,300,CA,0
SS7-4-16-2019-0,2019-04-16,SS7,49.4,-123.7583,WSGS84,300,CA,0
SS7-4-18-2021-0,2021-04-18,SS7,49.4002,-123.7585,WSGS84,300,CA,0
SS7-4-22-2020-0,2020-04-22,SS7,49.4,-123.7583,WSGS84,300,CA,0
SS7-4-22-2022-0,2022-04-22,SS7,49.4,-123.7583,WSGS84,300,CA,0
SS7-4-27-2023-0,2023-04-27,SS7,49.4,-123.7583,WSGS84,300,CA,0
SS7-4-28-2020-0,2020-04-28,SS7,49.4,-123.7583,WSGS84,300,CA,0
SS7-5-2-2023-0,2023-05-02,SS7,49.4,-123.7583,WSGS84,300,CA,0
SS7-5-23-2019-0,2019-05-23,SS7,49.4,-123.7583,WSGS84,300,CA,0
SS7-5-28-2023-0,2023-05-28,SS7,49.4,-123.7583,WSGS84,300,CA,0
SS7-5-7-2020-0,2020-05-07,SS7,49.4,-123.7582,WSGS84,300,CA,0
SS7-5-9-2019-0,2019-05-09,SS7,49.4,-123.7583,WSGS84,300,CA,0
SS7-5-9-2021-0,2021-05-09,SS7,49.4,-123.7576,WSGS84,300,CA,0
SS7-6-15-2023-0,2023-06-15,SS7,49.4,-123.7583,WSGS84,300,CA,0
SS7-6-17-2021-0,2021-06-17,SS7,49.3992,-123.7593,WSGS84,300,CA,0
SS7-6-20-2019-0,2019-06-20,SS7,49.4,-123.7583,WSGS84,300,CA,0
SS7-6-25-2023-0,2023-06-25,SS7,49.4,-123.7583,WSGS84,300,CA,0
SS7-6-6-2019-0,2019-06-06,SS7,49.4,-123.7583,WSGS84,300,CA,0
SS7-6-6-2020-0,2020-06-06,SS7,49.4,-123.7583,WSGS84,300,CA,0
SS7-6-8-2021-0,2021-06-08,SS7,49.3997,-123.7586,WSGS84,300,CA,0
SS7-7-17-2023-0,2023-07-17,SS7,49.4,-123.7583,WSGS84,300,CA,0
SS7-7-18-2021-0,2021-07-18,SS7,49.4,-123.7578,WSGS84,300,CA,0
SS7-7-21-2022-0,2022-07-21,SS7,49.4,-123.7583,WSGS84,300,CA,0
SS7-7-23-2023-0,2023-07-23,SS7,49.4,-123.7583,WSGS84,300,CA,0
SS7-7-25-2019-0,2019-07-25,SS7,49.4,-123.7583,WSGS84,300,CA,0
SS7-7-29-2020-0,2020-07-29,SS7,49.4,-123.7587,WSGS84,300,CA,0
SS7-7-7-2020-0,2020-07-07,SS7,49.3996,-123.7587,WSGS84,300,CA,0
SS7-7-8-2019-0,2019-07-08,SS7,49.4,-123.7583,WSGS84,300,CA,0
SS7-7-8-2021-0,2021-07-08,SS7,49.4001,-123.7584,WSGS84,300,CA,0
SS7-8-16-2023-0,2023-08-16,SS7,49.4,-123.7583,WSGS84,300,CA,0
SS7-8-26-2023-0,2023-08-26,SS7,49.4,-123.7583,WSGS84,300,CA,0
SS7-8-27-2020-0,2020-08-27,SS7,49.3996,-123.7588,WSGS84,300,CA,0
SS7-8-3-2020-0,2020-08-03,SS7,49.4,-123.7578,WSGS84,300,CA,0
SS7-9-1-2021-0,2021-09-01,SS7,49.3993,-123.76,WSGS84,300,CA,0
SS7-9-13-2023-0,2023-09-13,SS7,49.4,-123.7583,WSGS84,300,CA,0
SS7-9-15-2020-0,2020-09-15,SS7,49.4001,-123.7585,WSGS84,300,CA,0
SS7-9-20-2019-0,2019-09-20,SS7,49.4,-123.7583,WSGS84,300,CA,0
SS7-9-22-2023-0,2023-09-22,SS7,49.4,-123.7583,WSGS84,300,CA,0
SS7-9-23-2021-0,2021-09-23,SS7,49.3997,-123.7588,WSGS84,300,CA,0
SS7-9-30-2020-0,2020-09-30,SS7,49.3997,-123.7584,WSGS84,300,CA,0
SS7-9-6-2019-0,2019-09-06,SS7,49.4,-123.7583,WSGS84,300,CA,0
SS8-10-12-2023-0,2023-10-12,SS8,49.425,-123.7333,WSGS84,300,CA,0
SS8-10-12-2023-10,2023-10-12,SS8,49.425,-123.7333,WSGS84,300,CA,10
SS8-10-12-2023-20,2023-10-12,SS8,49.425,-123.7333,WSGS84,300,CA,20
SS8-10-12-2023-5,2023-10-12,SS8,49.425,-123.7333,WSGS84,300,CA,5
SS8-11-15-2019-0,2019-11-15,SS8,49.425,-123.7333,WSGS84,300,CA,0
SS8-11-15-2019-10,2019-11-15,SS8,49.425,-123.7333,WSGS84,300,CA,10
SS8-11-15-2019-20,2019-11-15,SS8,49.425,-123.7333,WSGS84,300,CA,20
SS8-11-15-2019-5,2019-11-15,SS8,49.425,-123.7333,WSGS84,300,CA,5
SS8-2-24-2022-0,2022-02-24,SS8,49.425,-123.7333,WSGS84,300,CA,0
SS8-2-24-2022-10,2022-02-24,SS8,49.425,-123.7333,WSGS84,300,CA,10
SS8-2-24-2022-20,2022-02-24,SS8,49.425,-123.7333,WSGS84,300,CA,20
SS8-2-24-2022-5,2022-02-24,SS8,49.425,-123.7333,WSGS84,300,CA,5
SS8-2-27-2020-0,2020-02-27,SS8,49.425,-123.7333,WSGS84,300,CA,0
SS8-2-27-2020-10,2020-02-27,SS8,49.425,-123.7333,WSGS84,300,CA,10
SS8-2-27-2020-20,2020-02-27,SS8,49.425,-123.7333,WSGS84,300,CA,20
SS8-2-27-2020-5,2020-02-27,SS8,49.425,-123.7333,WSGS84,300,CA,5
SS8-3-15-2023-0,2023-03-15,SS8,49.425,-123.7333,WSGS84,300,CA,0
SS8-3-15-2023-10,2023-03-15,SS8,49.425,-123.7333,WSGS84,300,CA,10
SS8-3-15-2023-20,2023-03-15,SS8,49.425,-123.7333,WSGS84,300,CA,20
SS8-3-15-2023-5,2023-03-15,SS8,49.425,-123.7333,WSGS84,300,CA,5
SS8-3-18-2020-0,2020-03-18,SS8,49.425,-123.733,WSGS84,300,CA,0
SS8-3-18-2020-10,2020-03-18,SS8,49.425,-123.7333,WSGS84,300,CA,10
SS8-3-18-2020-20,2020-03-18,SS8,49.425,-123.7333,WSGS84,300,CA,20
SS8-3-18-2020-5,2020-03-18,SS8,49.425,-123.7333,WSGS84,300,CA,5
SS8-3-23-2021-0,2021-03-23,SS8,49.4249,-123.7334,WSGS84,300,CA,0
SS8-3-23-2021-10,2021-03-23,SS8,49.4249,-123.7334,WSGS84,300,CA,10
SS8-3-23-2021-20,2021-03-23,SS8,49.4249,-123.7334,WSGS84,300,CA,20
SS8-3-23-2021-5,2021-03-23,SS8,49.4249,-123.7334,WSGS84,300,CA,5
SS8-3-24-2022-0,2022-03-24,SS8,49.425,-123.7333,WSGS84,300,CA,0
SS8-3-24-2022-10,2022-03-24,SS8,49.425,-123.7333,WSGS84,300,CA,10
SS8-3-24-2022-20,2022-03-24,SS8,49.425,-123.7333,WSGS84,300,CA,20
SS8-3-24-2022-5,2022-03-24,SS8,49.425,-123.7333,WSGS84,300,CA,5
SS8-3-25-2020-0,2020-03-25,SS8,49.4251,-123.7335,WSGS84,300,CA,0
SS8-3-25-2020-10,2020-03-25,SS8,49.425,-123.7333,WSGS84,300,CA,10
SS8-3-25-2020-20,2020-03-25,SS8,49.425,-123.7333,WSGS84,300,CA,20
SS8-3-25-2020-5,2020-03-25,SS8,49.425,-123.7333,WSGS84,300,CA,5
SS8-3-26-2021-0,2021-03-26,SS8,49.4247,-123.7334,WSGS84,300,CA,0
SS8-3-26-2021-10,2021-03-26,SS8,49.4247,-123.7334,WSGS84,300,CA,10
SS8-3-26-2021-20,2021-03-26,SS8,49.4247,-123.7334,WSGS84,300,CA,20
SS8-3-26-2021-5,2021-03-26,SS8,49.4247,-123.7334,WSGS84,300,CA,5
SS8-3-30-2023-0,2023-03-30,SS8,49.425,-123.7333,WSGS84,300,CA,0
SS8-3-30-2023-10,2023-03-30,SS8,49.425,-123.7333,WSGS84,300,CA,10
SS8-3-30-2023-20,2023-03-30,SS8,49.425,-123.7333,WSGS84,300,CA,20
SS8-3-30-2023-5,2023-03-30,SS8,49.425,-123.7333,WSGS84,300,CA,5
SS8-3-7-2023-0,2023-03-07,SS8,49.425,-123.7333,WSGS84,300,CA,0
SS8-3-7-2023-10,2023-03-07,SS8,49.425,-123.7333,WSGS84,300,CA,10
SS8-3-7-2023-20,2023-03-07,SS8,49.425,-123.7333,WSGS84,300,CA,20
SS8-3-7-2023-5,2023-03-07,SS8,49.425,-123.7333,WSGS84,300,CA,5
SS8-3-9-2020-0,2020-03-09,SS8,49.4253,-123.7167,WSGS84,300,CA,0
SS8-3-9-2020-10,2020-03-09,SS8,49.425,-123.7333,WSGS84,300,CA,10
SS8-3-9-2020-20,2020-03-09,SS8,49.425,-123.7333,WSGS84,300,CA,20
SS8-3-9-2020-5,2020-03-09,SS8,49.425,-123.7333,WSGS84,300,CA,5
SS8-4-13-2023-0,2023-04-13,SS8,49.425,-123.7333,WSGS84,300,CA,0
SS8-4-13-2023-10,2023-04-13,SS8,49.425,-123.7333,WSGS84,300,CA,10
SS8-4-13-2023-20,2023-04-13,SS8,49.425,-123.7333,WSGS84,300,CA,20
SS8-4-13-2023-5,2023-04-13,SS8,49.425,-123.7333,WSGS84,300,CA,5
SS8-4-16-2019-10,2019-04-16,SS8,49.425,-123.7333,WSGS84,300,CA,10
SS8-4-16-2019-20,2019-04-16,SS8,49.425,-123.7333,WSGS84,300,CA,20
SS8-4-16-2019-5,2019-04-16,SS8,49.425,-123.7333,WSGS84,300,CA,5
SS8-4-18-2021-0,2021-04-18,SS8,49.4249,-123.7334,WSGS84,300,CA,0
SS8-4-18-2021-10,2021-04-18,SS8,49.4249,-123.7334,WSGS84,300,CA,10
SS8-4-18-2021-20,2021-04-18,SS8,49.4249,-123.7334,WSGS84,300,CA,20
SS8-4-18-2021-5,2021-04-18,SS8,49.4249,-123.7334,WSGS84,300,CA,5
SS8-4-22-2020-0,2020-04-22,SS8,49.425,-123.7333,WSGS84,300,CA,0
SS8-4-22-2020-10,2020-04-22,SS8,49.425,-123.7333,WSGS84,300,CA,10
SS8-4-22-2020-20,2020-04-22,SS8,49.425,-123.7333,WSGS84,300,CA,20
SS8-4-22-2020-5,2020-04-22,SS8,49.425,-123.7333,WSGS84,300,CA,5
SS8-4-22-2022-0,2022-04-22,SS8,49.425,-123.7333,WSGS84,300,CA,0
SS8-4-22-2022-10,2022-04-22,SS8,49.425,-123.7333,WSGS84,300,CA,10
SS8-4-22-2022-20,2022-04-22,SS8,49.425,-123.7333,WSGS84,300,CA,20
SS8-4-22-2022-5,2022-04-22,SS8,49.425,-123.7333,WSGS84,300,CA,5
SS8-4-27-2023-0,2023-04-27,SS8,49.425,-123.7333,WSGS84,300,CA,0
SS8-4-27-2023-10,2023-04-27,SS8,49.425,-123.7333,WSGS84,300,CA,10
SS8-4-27-2023-20,2023-04-27,SS8,49.425,-123.7333,WSGS84,300,CA,20
SS8-4-27-2023-5,2023-04-27,SS8,49.425,-123.7333,WSGS84,300,CA,5
SS8-4-28-2020-0,2020-04-28,SS8,49.4254,-123.7324,WSGS84,300,CA,0
SS8-4-28-2020-10,2020-04-28,SS8,49.425,-123.7333,WSGS84,300,CA,10
SS8-4-28-2020-5,2020-04-28,SS8,49.425,-123.7333,WSGS84,300,CA,5
SS8-5-2-2023-0,2023-05-02,SS8,49.425,-123.7333,WSGS84,300,CA,0
SS8-5-2-2023-10,2023-05-02,SS8,49.425,-123.7333,WSGS84,300,CA,10
SS8-5-2-2023-20,2023-05-02,SS8,49.425,-123.7333,WSGS84,300,CA,20
SS8-5-2-2023-5,2023-05-02,SS8,49.425,-123.7333,WSGS84,300,CA,5
SS8-5-23-2019-0,2019-05-23,SS8,49.425,-123.7333,WSGS84,300,CA,0
SS8-5-23-2019-10,2019-05-23,SS8,49.425,-123.7333,WSGS84,300,CA,10
SS8-5-23-2019-20,2019-05-23,SS8,49.425,-123.7333,WSGS84,300,CA,20
SS8-5-23-2019-5,2019-05-23,SS8,49.425,-123.7333,WSGS84,300,CA,5
SS8-5-28-2023-0,2023-05-28,SS8,49.425,-123.7333,WSGS84,300,CA,0
SS8-5-28-2023-10,2023-05-28,SS8,49.425,-123.7333,WSGS84,300,CA,10
SS8-5-28-2023-20,2023-05-28,SS8,49.425,-123.7333,WSGS84,300,CA,20
SS8-5-28-2023-5,2023-05-28,SS8,49.425,-123.7333,WSGS84,300,CA,5
SS8-5-7-2020-0,2020-05-07,SS8,49.3917,-123.7337,WSGS84,300,CA,0
SS8-5-7-2020-10,2020-05-07,SS8,49.425,-123.7333,WSGS84,300,CA,10
SS8-5-7-2020-20,2020-05-07,SS8,49.425,-123.7333,WSGS84,300,CA,20
SS8-5-7-2020-5,2020-05-07,SS8,49.425,-123.7333,WSGS84,300,CA,5
SS8-5-9-2019-0,2019-05-09,SS8,49.425,-123.7333,WSGS84,300,CA,0
SS8-5-9-2019-10,2019-05-09,SS8,49.425,-123.7333,WSGS84,300,CA,10
SS8-5-9-2019-20,2019-05-09,SS8,49.425,-123.7333,WSGS84,300,CA,20
SS8-5-9-2019-5,2019-05-09,SS8,49.425,-123.7333,WSGS84,300,CA,5
SS8-5-9-2021-0,2021-05-09,SS8,49.4244,-123.7335,WSGS84,300,CA,0
SS8-5-9-2021-10,2021-05-09,SS8,49.4244,-123.7335,WSGS84,300,CA,10
SS8-5-9-2021-20,2021-05-09,SS8,49.4244,-123.7335,WSGS84,300,CA,20
SS8-5-9-2021-5,2021-05-09,SS8,49.4244,-123.7335,WSGS84,300,CA,5
SS8-6-15-2023-0,2023-06-15,SS8,49.425,-123.7333,WSGS84,300,CA,0
SS8-6-15-2023-10,2023-06-15,SS8,49.425,-123.7333,WSGS84,300,CA,10
SS8-6-15-2023-20,2023-06-15,SS8,49.425,-123.7333,WSGS84,300,CA,20
SS8-6-15-2023-5,2023-06-15,SS8,49.425,-123.7333,WSGS84,300,CA,5
SS8-6-17-2021-0,2021-06-17,SS8,49.4251,-123.7336,WSGS84,300,CA,0
SS8-6-17-2021-10,2021-06-17,SS8,49.4251,-123.7336,WSGS84,300,CA,10
SS8-6-17-2021-20,2021-06-17,SS8,49.4251,-123.7336,WSGS84,300,CA,20
SS8-6-17-2021-5,2021-06-17,SS8,49.4251,-123.7336,WSGS84,300,CA,5
SS8-6-20-2019-10,2019-06-20,SS8,49.425,-123.7333,WSGS84,300,CA,10
SS8-6-20-2019-20,2019-06-20,SS8,49.425,-123.7333,WSGS84,300,CA,20
SS8-6-20-2019-5,2019-06-20,SS8,49.425,-123.7333,WSGS84,300,CA,5
SS8-6-25-2023-0,2023-06-25,SS8,49.425,-123.7333,WSGS84,300,CA,0
SS8-6-25-2023-10,2023-06-25,SS8,49.425,-123.7333,WSGS84,300,CA,10
SS8-6-25-2023-20,2023-06-25,SS8,49.425,-123.7333,WSGS84,300,CA,20
SS8-6-25-2023-5,2023-06-25,SS8,49.425,-123.7333,WSGS84,300,CA,5
SS8-6-6-2019-0,2019-06-06,SS8,49.425,-123.7333,WSGS84,300,CA,0
SS8-6-6-2019-10,2019-06-06,SS8,49.425,-123.7333,WSGS84,300,CA,10
SS8-6-6-2019-20,2019-06-06,SS8,49.425,-123.7333,WSGS84,300,CA,20
SS8-6-6-2019-5,2019-06-06,SS8,49.425,-123.7333,WSGS84,300,CA,5
SS8-6-6-2020-0,2020-06-06,SS8,49.425,-123.7333,WSGS84,300,CA,0
SS8-6-8-2021-0,2021-06-08,SS8,49.4249,-123.733,WSGS84,300,CA,0
SS8-6-8-2021-10,2021-06-08,SS8,49.4249,-123.733,WSGS84,300,CA,10
SS8-6-8-2021-20,2021-06-08,SS8,49.4249,-123.733,WSGS84,300,CA,20
SS8-6-8-2021-5,2021-06-08,SS8,49.4249,-123.733,WSGS84,300,CA,5
SS8-7-17-2023-0,2023-07-17,SS8,49.425,-123.7333,WSGS84,300,CA,0
SS8-7-17-2023-10,2023-07-17,SS8,49.425,-123.7333,WSGS84,300,CA,10
SS8-7-17-2023-20,2023-07-17,SS8,49.425,-123.7333,WSGS84,300,CA,20
SS8-7-17-2023-5,2023-07-17,SS8,49.425,-123.7333,WSGS84,300,CA,5
SS8-7-18-2021-0,2021-07-18,SS8,49.4253,-123.7331,WSGS84,300,CA,0
SS8-7-18-2021-10,2021-07-18,SS8,49.4253,-123.7331,WSGS84,300,CA,10
SS8-7-18-2021-20,2021-07-18,SS8,49.4253,-123.7331,WSGS84,300,CA,20
SS8-7-18-2021-5,2021-07-18,SS8,49.4253,-123.7331,WSGS84,300,CA,5
SS8-7-21-2022-0,2022-07-21,SS8,49.425,-123.7333,WSGS84,300,CA,0
SS8-7-21-2022-10,2022-07-21,SS8,49.425,-123.7333,WSGS84,300,CA,10
SS8-7-21-2022-20,2022-07-21,SS8,49.425,-123.7333,WSGS84,300,CA,20
SS8-7-21-2022-5,2022-07-21,SS8,49.425,-123.7333,WSGS84,300,CA,5
SS8-7-23-2023-0,2023-07-23,SS8,49.425,-123.7333,WSGS84,300,CA,0
SS8-7-23-2023-10,2023-07-23,SS8,49.425,-123.7333,WSGS84,300,CA,10
SS8-7-23-2023-20,2023-07-23,SS8,49.425,-123.7333,WSGS84,300,CA,20
SS8-7-23-2023-5,2023-07-23,SS8,49.425,-123.7333,WSGS84,300,CA,5
SS8-7-25-2019-0,2019-07-25,SS8,49.425,-123.7333,WSGS84,300,CA,0
SS8-7-25-2019-10,2019-07-25,SS8,49.425,-123.7333,WSGS84,300,CA,10
SS8-7-25-2019-20,2019-07-25,SS8,49.425,-123.7333,WSGS84,300,CA,20
SS8-7-25-2019-5,2019-07-25,SS8,49.425,-123.7333,WSGS84,300,CA,5
SS8-7-29-2020-0,2020-07-29,SS8,49.425,-123.7333,WSGS84,300,CA,0
SS8-7-29-2020-10,2020-07-29,SS8,49.425,-123.7333,WSGS84,300,CA,10
SS8-7-29-2020-20,2020-07-29,SS8,49.425,-123.7333,WSGS84,300,CA,20
SS8-7-29-2020-5,2020-07-29,SS8,49.425,-123.7333,WSGS84,300,CA,5
SS8-7-7-2020-0,2020-07-07,SS8,49.4248,-123.7331,WSGS84,300,CA,0
SS8-7-7-2020-10,2020-07-07,SS8,49.425,-123.7333,WSGS84,300,CA,10
SS8-7-7-2020-20,2020-07-07,SS8,49.425,-123.7333,WSGS84,300,CA,20
SS8-7-7-2020-5,2020-07-07,SS8,49.425,-123.7333,WSGS84,300,CA,5
SS8-7-8-2019-0,2019-07-08,SS8,49.425,-123.7333,WSGS84,300,CA,0
SS8-7-8-2019-10,2019-07-08,SS8,49.425,-123.7333,WSGS84,300,CA,10
SS8-7-8-2019-20,2019-07-08,SS8,49.425,-123.7333,WSGS84,300,CA,20
SS8-7-8-2019-5,2019-07-08,SS8,49.425,-123.7333,WSGS84,300,CA,5
SS8-7-8-2021-0,2021-07-08,SS8,49.424,-123.7342,WSGS84,300,CA,0
SS8-7-8-2021-10,2021-07-08,SS8,49.424,-123.7342,WSGS84,300,CA,10
SS8-7-8-2021-20,2021-07-08,SS8,49.424,-123.7342,WSGS84,300,CA,20
SS8-7-8-2021-5,2021-07-08,SS8,49.424,-123.7342,WSGS84,300,CA,5
SS8-8-11-2022-0,2022-08-11,SS8,49.425,-123.7333,WSGS84,300,CA,0
SS8-8-11-2022-10,2022-08-11,SS8,49.425,-123.7333,WSGS84,300,CA,10
SS8-8-11-2022-20,2022-08-11,SS8,49.425,-123.7333,WSGS84,300,CA,20
SS8-8-11-2022-5,2022-08-11,SS8,49.425,-123.7333,WSGS84,300,CA,5
SS8-8-16-2023-0,2023-08-16,SS8,49.425,-123.7333,WSGS84,300,CA,0
SS8-8-16-2023-10,2023-08-16,SS8,49.425,-123.7333,WSGS84,300,CA,10
SS8-8-16-2023-20,2023-08-16,SS8,49.425,-123.7333,WSGS84,300,CA,20
SS8-8-16-2023-5,2023-08-16,SS8,49.425,-123.7333,WSGS84,300,CA,5
SS8-8-26-2023-0,2023-08-26,SS8,49.425,-123.7333,WSGS84,300,CA,0
SS8-8-26-2023-10,2023-08-26,SS8,49.425,-123.7333,WSGS84,300,CA,10
SS8-8-26-2023-20,2023-08-26,SS8,49.425,-123.7333,WSGS84,300,CA,20
SS8-8-26-2023-5,2023-08-26,SS8,49.425,-123.7333,WSGS84,300,CA,5
SS8-8-27-2020-0,2020-08-27,SS8,49.4251,-123.7337,WSGS84,300,CA,0
SS8-8-27-2020-10,2020-08-27,SS8,49.425,-123.7333,WSGS84,300,CA,10
SS8-8-27-2020-20,2020-08-27,SS8,49.425,-123.7333,WSGS84,300,CA,20
SS8-8-27-2020-5,2020-08-27,SS8,49.425,-123.7333,WSGS84,300,CA,5
SS8-8-3-2020-0,2020-08-03,SS8,49.4249,-123.7331,WSGS84,300,CA,0
SS8-8-3-2020-10,2020-08-03,SS8,49.425,-123.7333,WSGS84,300,CA,10
SS8-8-3-2020-20,2020-08-03,SS8,49.425,-123.7333,WSGS84,300,CA,20
SS8-8-3-2020-5,2020-08-03,SS8,49.425,-123.7333,WSGS84,300,CA,5
SS8-9-1-2021-0,2021-09-01,SS8,49.4252,-123.7336,WSGS84,300,CA,0
SS8-9-1-2021-10,2021-09-01,SS8,49.4252,-123.7336,WSGS84,300,CA,10
SS8-9-1-2021-20,2021-09-01,SS8,49.4252,-123.7336,WSGS84,300,CA,20
SS8-9-1-2021-5,2021-09-01,SS8,49.4252,-123.7336,WSGS84,300,CA,5
SS8-9-13-2023-0,2023-09-13,SS8,49.425,-123.7333,WSGS84,300,CA,0
SS8-9-13-2023-10,2023-09-13,SS8,49.425,-123.7333,WSGS84,300,CA,10
SS8-9-13-2023-20,2023-09-13,SS8,49.425,-123.7333,WSGS84,300,CA,20
SS8-9-13-2023-5,2023-09-13,SS8,49.425,-123.7333,WSGS84,300,CA,5
SS8-9-15-2020-0,2020-09-15,SS8,49.4251,-123.7337,WSGS84,300,CA,0
SS8-9-15-2020-10,2020-09-15,SS8,49.425,-123.7333,WSGS84,300,CA,10
SS8-9-15-2020-20,2020-09-15,SS8,49.425,-123.7333,WSGS84,300,CA,20
SS8-9-15-2020-5,2020-09-15,SS8,49.425,-123.7333,WSGS84,300,CA,5
SS8-9-20-2019-0,2019-09-20,SS8,49.425,-123.7333,WSGS84,300,CA,0
SS8-9-20-2019-10,2019-09-20,SS8,49.425,-123.7333,WSGS84,300,CA,10
SS8-9-20-2019-20,2019-09-20,SS8,49.425,-123.7333,WSGS84,300,CA,20
SS8-9-20-2019-5,2019-09-20,SS8,49.425,-123.7333,WSGS84,300,CA,5
SS8-9-22-2023-0,2023-09-22,SS8,49.425,-123.7333,WSGS84,300,CA,0
SS8-9-22-2023-10,2023-09-22,SS8,49.425,-123.7333,WSGS84,300,CA,10
SS8-9-22-2023-20,2023-09-22,SS8,49.425,-123.7333,WSGS84,300,CA,20
SS8-9-22-2023-5,2023-09-22,SS8,49.425,-123.7333,WSGS84,300,CA,5
SS8-9-23-2021-0,2021-09-23,SS8,49.4252,-123.7334,WSGS84,300,CA,0
SS8-9-23-2021-10,2021-09-23,SS8,49.4252,-123.7334,WSGS84,300,CA,10
SS8-9-23-2021-20,2021-09-23,SS8,49.4252,-123.7334,WSGS84,300,CA,20
SS8-9-23-2021-5,2021-09-23,SS8,49.4252,-123.7334,WSGS84,300,CA,5
SS8-9-30-2020-0,2020-09-30,SS8,49.4249,-123.7334,WSGS84,300,CA,0
SS8-9-30-2020-10,2020-09-30,SS8,49.425,-123.7333,WSGS84,300,CA,10
SS8-9-30-2020-20,2020-09-30,SS8,49.425,-123.7333,WSGS84,300,CA,20
SS8-9-30-2020-5,2020-09-30,SS8,49.425,-123.7333,WSGS84,300,CA,5
SS8-9-6-2019-0,2019-09-06,SS8,49.425,-123.7333,WSGS84,300,CA,0
SS8-9-6-2019-10,2019-09-06,SS8,49.425,-123.7333,WSGS84,300,CA,10
SS8-9-6-2019-20,2019-09-06,SS8,49.425,-123.7333,WSGS84,300,CA,20
SS8-9-6-2019-5,2019-09-06,SS8,49.425,-123.7333,WSGS84,300,CA,5
VC1-1-26-2015-0,2015-01-26,VC1,48.4613,-123.182,WSGS84,300,CA,0
VC1-10-1-2015-0,2015-10-01,VC1,48.4601,-123.1777,WSGS84,300,CA,0
VC1-2-20-2015-0,2015-02-20,VC1,48.4613,-123.182,WSGS84,300,CA,0
VC1-3-13-2015-0,2015-03-13,VC1,48.463,-123.1844,WSGS84,300,CA,0
VC1-3-20-2015-0,2015-03-20,VC1,48.4613,-123.1828,WSGS84,300,CA,0
VC1-3-27-2015-0,2015-03-27,VC1,48.4627,-123.1822,WSGS84,300,CA,0
VC1-4-17-2015-0,2015-04-17,VC1,48.462,-123.1815,WSGS84,300,CA,0
VC1-5-11-2015-0,2015-05-11,VC1,48.4598,-123.1815,WSGS84,300,CA,0
VC1-5-27-2015-0,2015-05-27,VC1,48.4647,-123.1811,WSGS84,300,CA,0
VC1-6-10-2015-0,2015-06-10,VC1,48.4638,-123.1807,WSGS84,300,CA,0
VC1-7-16-2015-0,2015-07-16,VC1,48.4605,-123.1845,WSGS84,300,CA,0
VC1-7-16-2015-10,2015-07-16,VC1,48.4617,-123.18,WSGS84,300,CA,10
VC1-7-16-2015-20,2015-07-16,VC1,48.4617,-123.18,WSGS84,300,CA,20
VC1-7-16-2015-5,2015-07-16,VC1,48.4617,-123.18,WSGS84,300,CA,5
VC1-7-2-2015-0,2015-07-02,VC1,48.4634,-123.1812,WSGS84,300,CA,0
VC1-8-15-2015-0,2015-08-15,VC1,48.4645,-123.1815,WSGS84,300,CA,0
VC1-8-6-2015-0,2015-08-06,VC1,48.4628,-123.1821,WSGS84,300,CA,0
VC1-9-15-2015-0,2015-09-15,VC1,48.4642,-123.1826,WSGS84,300,CA,0
VC2-1-26-2015-0,2015-01-26,VC2,48.3872,-123.3023,WSGS84,300,CA,0
VC2-10-1-2015-0,2015-10-01,VC2,48.3866,-123.3036,WSGS84,300,CA,0
VC2-2-20-2015-0,2015-02-20,VC2,48.3872,-123.3023,WSGS84,300,CA,0
VC2-3-27-2015-0,2015-03-27,VC2,48.3878,-123.3011,WSGS84,300,CA,0
VC2-4-17-2015-0,2015-04-17,VC2,48.3869,-123.2995,WSGS84,300,CA,0
VC2-5-11-2015-0,2015-05-11,VC2,48.3854,-123.3032,WSGS84,300,CA,0
VC2-5-20-2015-0,2015-05-20,VC2,48.3871,-123.3011,WSGS84,300,CA,0
VC2-5-27-2015-0,2015-05-27,VC2,48.3867,-123.3024,WSGS84,300,CA,0
VC2-6-10-2015-0,2015-06-10,VC2,48.3872,-123.3023,WSGS84,300,CA,0
VC2-7-16-2015-0,2015-07-16,VC2,48.3876,-123.3003,WSGS84,300,CA,0
VC2-7-2-2015-0,2015-07-02,VC2,48.3857,-123.3024,WSGS84,300,CA,0
VC2-8-15-2015-0,2015-08-15,VC2,48.3855,-123.3042,WSGS84,300,CA,0
VC2-8-6-2015-0,2015-08-06,VC2,48.3869,-123.3048,WSGS84,300,CA,0
VC2-9-15-2015-0,2015-09-15,VC2,48.386,-123.3035,WSGS84,300,CA,0
VC3-1-26-2015-0,2015-01-26,VC3,48.3326,-123.3033,WSGS84,300,CA,0
VC3-10-1-2015-0,2015-10-01,VC3,48.3337,-123.2989,WSGS84,300,CA,0
VC3-2-20-2015-0,2015-02-20,VC3,48.3326,-123.3033,WSGS84,300,CA,0
VC3-3-13-2015-0,2015-03-13,VC3,48.3336,-123.3001,WSGS84,300,CA,0
VC3-3-20-2015-0,2015-03-20,VC3,48.3333,-123.3,WSGS84,300,CA,0
VC3-3-27-2015-0,2015-03-27,VC3,48.3321,-123.3029,WSGS84,300,CA,0
VC3-4-17-2015-0,2015-04-17,VC3,48.3307,-123.3022,WSGS84,300,CA,0
VC3-5-12-2015-0,2015-05-12,VC3,48.3333,-123.3,WSGS84,300,CA,0
VC3-5-20-2015-0,2015-05-20,VC3,48.3328,-123.3016,WSGS84,300,CA,0
VC3-5-27-2015-0,2015-05-27,VC3,48.3342,-123.3014,WSGS84,300,CA,0
VC3-6-10-2015-0,2015-06-10,VC3,48.3336,-123.3012,WSGS84,300,CA,0
VC3-7-16-2015-0,2015-07-16,VC3,48.3338,-123.2987,WSGS84,300,CA,0
VC3-7-2-2015-0,2015-07-02,VC3,48.3335,-123.2975,WSGS84,300,CA,0
VC3-8-15-2015-0,2015-08-15,VC3,48.3359,-123.3003,WSGS84,300,CA,0
VC3-8-6-2015-0,2015-08-06,VC3,48.331,-123.3022,WSGS84,300,CA,0
VC3-9-15-2015-0,2015-09-15,VC3,48.3343,-123.303,WSGS84,300,CA,0
VC4-1-26-2015-0,2015-01-26,VC4,48.3193,-123.2362,WSGS84,300,CA,0
VC4-10-1-2015-0,2015-10-01,VC4,48.3201,-123.228,WSGS84,300,CA,0
VC4-2-20-2015-0,2015-02-20,VC4,48.3193,-123.2362,WSGS84,300,CA,0
VC4-3-27-2015-0,2015-03-27,VC4,48.3212,-123.2349,WSGS84,300,CA,0
VC4-5-12-2015-0,2015-05-12,VC4,48.3217,-123.235,WSGS84,300,CA,0
VC4-5-20-2015-0,2015-05-20,VC4,48.3204,-123.2376,WSGS84,300,CA,0
VC4-5-27-2015-0,2015-05-27,VC4,48.3218,-123.2345,WSGS84,300,CA,0
VC4-6-10-2015-0,2015-06-10,VC4,48.3208,-123.2341,WSGS84,300,CA,0
VC4-7-16-2015-0,2015-07-16,VC4,48.3233,-123.2337,WSGS84,300,CA,0
VC4-7-2-2015-0,2015-07-02,VC4,48.3227,-123.2351,WSGS84,300,CA,0
VC4-8-15-2015-0,2015-08-15,VC4,48.3198,-123.2336,WSGS84,300,CA,0
VC4-8-6-2015-0,2015-08-06,VC4,48.32,-123.2378,WSGS84,300,CA,0
VC4-9-15-2015-0,2015-09-15,VC4,48.3205,-123.2323,WSGS84,300,CA,0
VC5-1-26-2015-0,2015-01-26,VC5,48.2786,-123.2923,WSGS84,300,CA,0
VC5-10-1-2015-0,2015-10-01,VC5,48.2799,-123.2938,WSGS84,300,CA,0
VC5-2-20-2015-0,2015-02-20,VC5,48.2786,-123.2923,WSGS84,300,CA,0
VC5-3-27-2015-0,2015-03-27,VC5,48.2785,-123.2947,WSGS84,300,CA,0
VC5-5-12-2015-0,2015-05-12,VC5,48.2783,-123.2933,WSGS84,300,CA,0
VC5-5-20-2015-0,2015-05-20,VC5,48.278,-123.2973,WSGS84,300,CA,0
VC5-5-27-2015-0,2015-05-27,VC5,48.2784,-123.2922,WSGS84,300,CA,0
VC5-6-10-2015-0,2015-06-10,VC5,48.2791,-123.292,WSGS84,300,CA,0
VC5-7-16-2015-0,2015-07-16,VC5,48.2801,-123.2977,WSGS84,300,CA,0
VC5-7-2-2015-0,2015-07-02,VC5,48.286,-123.2945,WSGS84,300,CA,0
VC5-8-15-2015-0,2015-08-15,VC5,48.2801,-123.2934,WSGS84,300,CA,0
VC5-8-6-2015-0,2015-08-06,VC5,48.2753,-123.3001,WSGS84,300,CA,0
VC5-9-15-2015-0,2015-09-15,VC5,48.2789,-123.2914,WSGS84,300,CA,0
VC6-10-1-2015-0,2015-10-01,VC6,48.268,-123.4138,WSGS84,300,CA,0
VC6-2-23-2015-0,2015-02-23,VC6,48.2667,-123.6972,WSGS84,300,CA,0
VC6-3-20-2015-0,2015-03-20,VC6,48.2667,-123.4167,WSGS84,300,CA,0
VC6-5-12-2015-0,2015-05-12,VC6,48.2667,-123.4167,WSGS84,300,CA,0
VC6-5-20-2015-0,2015-05-20,VC6,48.2671,-123.4178,WSGS84,300,CA,0
VC6-5-27-2015-0,2015-05-27,VC6,48.2665,-123.4154,WSGS84,300,CA,0
VC6-6-10-2015-0,2015-06-10,VC6,48.267,-123.4162,WSGS84,300,CA,0
VC6-7-16-2015-0,2015-07-16,VC6,48.2673,-123.4139,WSGS84,300,CA,0
VC6-7-2-2015-0,2015-07-02,VC6,48.2751,-123.4131,WSGS84,300,CA,0
VC6-8-15-2015-0,2015-08-15,VC6,48.2657,-123.4119,WSGS84,300,CA,0
VC6-8-6-2015-0,2015-08-06,VC6,48.2662,-123.4179,WSGS84,300,CA,0
VC6-9-15-2015-0,2015-09-15,VC6,48.267,-123.4146,WSGS84,300,CA,0
VC7-10-1-2015-0,2015-10-01,VC7,48.3584,-123.4409,WSGS84,300,CA,0
VC7-2-23-2015-0,2015-02-23,VC7,48.2889,-123.7178,WSGS84,300,CA,0
VC7-3-13-2015-0,2015-03-13,VC7,48.3571,-123.4411,WSGS84,300,CA,0
VC7-3-27-2015-0,2015-03-27,VC7,48.3569,-123.4425,WSGS84,300,CA,0
VC7-4-17-2015-0,2015-04-17,VC7,48.3584,-123.4382,WSGS84,300,CA,0
VC7-5-12-2015-0,2015-05-12,VC7,48.3567,-123.4417,WSGS84,300,CA,0
VC7-5-20-2015-0,2015-05-20,VC7,48.3524,-123.4473,WSGS84,300,CA,0
VC7-5-27-2015-0,2015-05-27,VC7,48.3585,-123.4406,WSGS84,300,CA,0
VC7-6-10-2015-0,2015-06-10,VC7,48.3615,-123.4426,WSGS84,300,CA,0
VC7-6-10-2015-10,2015-06-10,VC7,48.3567,-123.4417,WSGS84,300,CA,10
VC7-6-10-2015-20,2015-06-10,VC7,48.3567,-123.4417,WSGS84,300,CA,20
VC7-6-10-2015-5,2015-06-10,VC7,48.3567,-123.4417,WSGS84,300,CA,5
VC7-7-16-2015-0,2015-07-16,VC7,48.3582,-123.4376,WSGS84,300,CA,0
VC7-7-2-2015-0,2015-07-02,VC7,48.3538,-123.462,WSGS84,300,CA,0
VC7-7-2-2015-10,2015-07-02,VC7,48.3567,-123.4417,WSGS84,300,CA,10
VC7-7-2-2015-20,2015-07-02,VC7,48.3567,-123.4417,WSGS84,300,CA,20
VC7-7-2-2015-5,2015-07-02,VC7,48.3567,-123.4417,WSGS84,300,CA,5
VC7-8-15-2015-0,2015-08-15,VC7,48.3579,-123.4423,WSGS84,300,CA,0
VC7-8-15-2015-10,2015-08-15,VC7,48.3567,-123.4417,WSGS84,300,CA,10
VC7-8-15-2015-20,2015-08-15,VC7,48.3567,-123.4417,WSGS84,300,CA,20
VC7-8-15-2015-5,2015-08-15,VC7,48.3567,-123.4417,WSGS84,300,CA,5
VC7-8-6-2015-0,2015-08-06,VC7,48.3592,-123.4398,WSGS84,300,CA,0
VC7-8-6-2015-10,2015-08-06,VC7,48.3567,-123.4417,WSGS84,300,CA,10
VC7-8-6-2015-20,2015-08-06,VC7,48.3567,-123.4417,WSGS84,300,CA,20
VC7-8-6-2015-5,2015-08-06,VC7,48.3567,-123.4417,WSGS84,300,CA,5
VC7-9-15-2015-0,2015-09-15,VC7,48.357,-123.4437,WSGS84,300,CA,0
VC7-9-15-2015-10,2015-09-15,VC7,48.3567,-123.4417,WSGS84,300,CA,10
VC7-9-15-2015-20,2015-09-15,VC7,48.3567,-123.4417,WSGS84,300,CA,20
VC7-9-15-2015-5,2015-09-15,VC7,48.3567,-123.4417,WSGS84,300,CA,5
VC8-2-23-2015-0,2015-02-23,VC8,48.319,-123.7183,WSGS84,300,CA,0
